DROP DATABASE IF EXISTS postcrossing;

CREATE DATABASE postcrossing;

USE postcrossing;

DROP TABLE IF EXISTS countries;
CREATE TABLE countries (
	id INT UNSIGNED NOT NULL AUTO_INCREMENT PRIMARY KEY COMMENT "Идентификатор строки", 
    country_name VARCHAR(225) NOT NULL UNIQUE COMMENT "Название страны",
    short_name VARCHAR(2) NOT NULL UNIQUE COMMENT "Код страны",
    created_at DATETIME DEFAULT CURRENT_TIMESTAMP COMMENT "Время создания строки",  
    updated_at DATETIME DEFAULT CURRENT_TIMESTAMP ON UPDATE CURRENT_TIMESTAMP COMMENT "Время обновления строки"
) COMMENT 'таблица стран';

INSERT INTO `countries` (`id`, `country_name`, `short_name`, `created_at`, `updated_at`) VALUES (1, 'Russia', 'RU', '2012-11-24 17:20:16', '2016-12-28 04:36:37');
INSERT INTO `countries` (`id`, `country_name`, `short_name`, `created_at`, `updated_at`) VALUES (2, 'Belarus', 'BY', '2011-11-07 19:35:30', '2011-08-16 14:45:20');
INSERT INTO `countries` (`id`, `country_name`, `short_name`, `created_at`, `updated_at`) VALUES (3, 'Ukraine', 'UA', '2011-02-13 19:27:18', '2019-03-06 19:05:04');
INSERT INTO `countries` (`id`, `country_name`, `short_name`, `created_at`, `updated_at`) VALUES (4, 'USA', 'US', '2018-10-08 15:52:14', '2010-11-28 04:38:35');
INSERT INTO `countries` (`id`, `country_name`, `short_name`, `created_at`, `updated_at`) VALUES (5, 'Great Britain', 'GB', '2018-07-15 08:05:12', '2016-10-20 01:36:51');
INSERT INTO `countries` (`id`, `country_name`, `short_name`, `created_at`, `updated_at`) VALUES (6, 'Austria', 'AT', '2011-03-21 06:33:08', '2017-01-19 06:27:03');
INSERT INTO `countries` (`id`, `country_name`, `short_name`, `created_at`, `updated_at`) VALUES (7, 'Netherlands', 'NL', '2012-09-04 20:29:02', '2010-12-12 09:52:10');
INSERT INTO `countries` (`id`, `country_name`, `short_name`, `created_at`, `updated_at`) VALUES (8, 'Germany', 'DE', '2014-11-06 19:47:53', '2018-05-01 02:29:14');
INSERT INTO `countries` (`id`, `country_name`, `short_name`, `created_at`, `updated_at`) VALUES (9, 'France', 'FR', '2014-11-29 12:48:14', '2016-06-13 01:39:51');
INSERT INTO `countries` (`id`, `country_name`, `short_name`, `created_at`, `updated_at`) VALUES (10, 'China', 'CN', '2020-06-11 23:15:20', '2010-11-16 04:32:11');
INSERT INTO `countries` (`id`, `country_name`, `short_name`, `created_at`, `updated_at`) VALUES (11, 'Hong Kong', 'HK', '2014-10-19 11:31:56', '2016-01-10 22:00:49');
INSERT INTO `countries` (`id`, `country_name`, `short_name`, `created_at`, `updated_at`) VALUES (12, 'Finland', 'FI', '2016-01-05 02:55:46', '2015-12-04 18:22:09');
INSERT INTO `countries` (`id`, `country_name`, `short_name`, `created_at`, `updated_at`) VALUES (13, 'Brazil', 'BR', '2014-06-13 00:14:38', '2011-11-13 17:54:37');
INSERT INTO `countries` (`id`, `country_name`, `short_name`, `created_at`, `updated_at`) VALUES (14, 'Japan', 'JP', '2017-06-16 22:54:31', '2019-04-17 07:06:05');
INSERT INTO `countries` (`id`, `country_name`, `short_name`, `created_at`, `updated_at`) VALUES (15, 'Sweden', 'SE', '2017-04-11 15:22:15', '2014-05-08 16:36:57');
INSERT INTO `countries` (`id`, `country_name`, `short_name`, `created_at`, `updated_at`) VALUES (16, 'Bulgaria', 'BU', '2013-11-22 23:12:00', '2014-01-28 20:22:24');
INSERT INTO `countries` (`id`, `country_name`, `short_name`, `created_at`, `updated_at`) VALUES (17, 'Belgium', 'BE', '2014-04-17 22:39:01', '2015-02-13 18:55:09');
INSERT INTO `countries` (`id`, `country_name`, `short_name`, `created_at`, `updated_at`) VALUES (18, 'Kazakhstan', 'KZ', '2017-08-12 02:24:29', '2019-04-03 02:25:54');
INSERT INTO `countries` (`id`, `country_name`, `short_name`, `created_at`, `updated_at`) VALUES (19, 'Czech Republic', 'CZ', '2017-01-12 09:37:00', '2019-03-21 14:57:45');
INSERT INTO `countries` (`id`, `country_name`, `short_name`, `created_at`, `updated_at`) VALUES (20, 'Estonia', 'EE', '2012-08-17 01:21:31', '2020-05-18 19:37:58');
INSERT INTO `countries` (`id`, `country_name`, `short_name`, `created_at`, `updated_at`) VALUES (21, 'Canada', 'CA', '2012-02-17 11:05:56', '2011-09-02 18:46:19');
INSERT INTO `countries` (`id`, `country_name`, `short_name`, `created_at`, `updated_at`) VALUES (22, 'Mexico', 'MX', '2018-12-02 07:28:54', '2015-08-12 02:31:20');
INSERT INTO `countries` (`id`, `country_name`, `short_name`, `created_at`, `updated_at`) VALUES (23, 'Switzerland', 'CH', '2018-03-01 23:05:07', '2019-12-28 01:13:39');
INSERT INTO `countries` (`id`, `country_name`, `short_name`, `created_at`, `updated_at`) VALUES (24, 'Romania', 'RO', '2013-07-12 17:55:30', '2016-12-02 22:41:25');
INSERT INTO `countries` (`id`, `country_name`, `short_name`, `created_at`, `updated_at`) VALUES (25, 'Moldova', 'MO', '2013-09-15 04:06:35', '2020-04-29 23:47:38');
INSERT INTO `countries` (`id`, `country_name`, `short_name`, `created_at`, `updated_at`) VALUES (26, 'Macao', 'MA', '2015-12-20 15:30:35', '2015-02-04 14:09:10');
INSERT INTO `countries` (`id`, `country_name`, `short_name`, `created_at`, `updated_at`) VALUES (27, 'Armenia', 'AR', '2011-05-15 15:16:16', '2011-11-05 22:22:36');
INSERT INTO `countries` (`id`, `country_name`, `short_name`, `created_at`, `updated_at`) VALUES (28, 'South Korea', 'KO', '2016-09-18 05:36:10', '2014-05-12 03:50:54');
INSERT INTO `countries` (`id`, `country_name`, `short_name`, `created_at`, `updated_at`) VALUES (29, 'Australia', 'AU', '2017-01-22 03:51:11', '2013-11-05 14:40:22');
INSERT INTO `countries` (`id`, `country_name`, `short_name`, `created_at`, `updated_at`) VALUES (30, 'Norway', 'NO', '2016-04-10 20:58:03', '2020-08-08 10:59:01');

UPDATE countries SET updated_at = NOW() WHERE updated_at < created_at;   

DROP TABLE IF EXISTS cities;
CREATE TABLE cities (
	id INT UNSIGNED NOT NULL AUTO_INCREMENT PRIMARY KEY COMMENT "Идентификатор строки", 
    city_name VARCHAR(225) NOT NULL COMMENT "Название города",
    location INT UNSIGNED NOT NULL COMMENT "В какой стране находится",
    created_at DATETIME DEFAULT CURRENT_TIMESTAMP COMMENT "Время создания строки",  
    updated_at DATETIME DEFAULT CURRENT_TIMESTAMP ON UPDATE CURRENT_TIMESTAMP COMMENT "Время обновления строки",
    FOREIGN KEY (location) REFERENCES countries(id) ON UPDATE CASCADE
) COMMENT 'таблица городов';

INSERT INTO `cities` (`id`, `city_name`, `location`, `created_at`, `updated_at`) VALUES (1, 'Moscow', 1, '2012-11-24 17:20:16', '2016-12-28 04:36:37');
INSERT INTO `cities` (`id`, `city_name`, `location`, `created_at`, `updated_at`) VALUES (2, 'Kazan', 1, '2011-11-07 19:35:30', '2011-08-16 14:45:20');
INSERT INTO `cities` (`id`, `city_name`, `location`, `created_at`, `updated_at`) VALUES (3, 'Chita', 1, '2011-02-13 19:27:18', '2019-03-06 19:05:04');
INSERT INTO `cities` (`id`, `city_name`, `location`, `created_at`, `updated_at`) VALUES (4, 'Brest', 2, '2018-10-08 15:52:14', '2010-11-28 04:38:35');
INSERT INTO `cities` (`id`, `city_name`, `location`, `created_at`, `updated_at`) VALUES (5, 'Minsk', 2, '2018-07-15 08:05:12', '2016-10-20 01:36:51');
INSERT INTO `cities` (`id`, `city_name`, `location`, `created_at`, `updated_at`) VALUES (6, 'Grodno', 2, '2011-03-21 06:33:08', '2017-01-19 06:27:03');
INSERT INTO `cities` (`id`, `city_name`, `location`, `created_at`, `updated_at`) VALUES (7, 'Kiev', 3, '2012-09-04 20:29:02', '2010-12-12 09:52:10');
INSERT INTO `cities` (`id`, `city_name`, `location`, `created_at`, `updated_at`) VALUES (8, 'Odessa', 3, '2014-11-06 19:47:53', '2018-05-01 02:29:14');
INSERT INTO `cities` (`id`, `city_name`, `location`, `created_at`, `updated_at`) VALUES (9, 'Kharkov', 3, '2014-11-29 12:48:14', '2016-06-13 01:39:51');
INSERT INTO `cities` (`id`, `city_name`, `location`, `created_at`, `updated_at`) VALUES (10, 'New York', 4, '2020-06-11 23:15:20', '2010-11-16 04:32:11');
INSERT INTO `cities` (`id`, `city_name`, `location`, `created_at`, `updated_at`) VALUES (11, 'San Francisco', 4, '2014-10-19 11:31:56', '2016-01-10 22:00:49');
INSERT INTO `cities` (`id`, `city_name`, `location`, `created_at`, `updated_at`) VALUES (12, 'Washington', 4, '2016-01-05 02:55:46', '2015-12-04 18:22:09');
INSERT INTO `cities` (`id`, `city_name`, `location`, `created_at`, `updated_at`) VALUES (13, 'London', 5, '2014-06-13 00:14:38', '2011-11-13 17:54:37');
INSERT INTO `cities` (`id`, `city_name`, `location`, `created_at`, `updated_at`) VALUES (14, 'Vienna', 6, '2017-06-16 22:54:31', '2019-04-17 07:06:05');
INSERT INTO `cities` (`id`, `city_name`, `location`, `created_at`, `updated_at`) VALUES (15, 'Amsterdam', 7, '2017-04-11 15:22:15', '2014-05-08 16:36:57');
INSERT INTO `cities` (`id`, `city_name`, `location`, `created_at`, `updated_at`) VALUES (16, 'Berlin', 8, '2013-11-22 23:12:00', '2014-01-28 20:22:24');
INSERT INTO `cities` (`id`, `city_name`, `location`, `created_at`, `updated_at`) VALUES (17, 'Paris', 9, '2014-04-17 22:39:01', '2015-02-13 18:55:09');
INSERT INTO `cities` (`id`, `city_name`, `location`, `created_at`, `updated_at`) VALUES (18, 'Wuhan', 10, '2017-08-12 02:24:29', '2019-04-03 02:25:54');
INSERT INTO `cities` (`id`, `city_name`, `location`, `created_at`, `updated_at`) VALUES (19, 'Beijing', 10, '2017-01-12 09:37:00', '2019-03-21 14:57:45');
INSERT INTO `cities` (`id`, `city_name`, `location`, `created_at`, `updated_at`) VALUES (20, 'Shanghai', 10, '2012-08-17 01:21:31', '2020-05-18 19:37:58');
INSERT INTO `cities` (`id`, `city_name`, `location`, `created_at`, `updated_at`) VALUES (21, 'Hong Kong', 11, '2012-02-17 11:05:56', '2011-09-02 18:46:19');
INSERT INTO `cities` (`id`, `city_name`, `location`, `created_at`, `updated_at`) VALUES (22, 'Helsinki', 12, '2018-12-02 07:28:54', '2015-08-12 02:31:20');
INSERT INTO `cities` (`id`, `city_name`, `location`, `created_at`, `updated_at`) VALUES (23, 'Turku', 12, '2018-03-01 23:05:07', '2019-12-28 01:13:39');
INSERT INTO `cities` (`id`, `city_name`, `location`, `created_at`, `updated_at`) VALUES (24, 'San Paolo', 13, '2013-07-12 17:55:30', '2016-12-02 22:41:25');
INSERT INTO `cities` (`id`, `city_name`, `location`, `created_at`, `updated_at`) VALUES (25, 'Brasilia', 13, '2013-09-15 04:06:35', '2020-04-29 23:47:38');
INSERT INTO `cities` (`id`, `city_name`, `location`, `created_at`, `updated_at`) VALUES (26, 'Rio de Janeiro', 13, '2015-12-20 15:30:35', '2015-02-04 14:09:10');
INSERT INTO `cities` (`id`, `city_name`, `location`, `created_at`, `updated_at`) VALUES (27, 'Belo Horizonte', 13, '2011-05-15 15:16:16', '2011-11-05 22:22:36');
INSERT INTO `cities` (`id`, `city_name`, `location`, `created_at`, `updated_at`) VALUES (28, 'Tokio', 14, '2016-09-18 05:36:10', '2014-05-12 03:50:54');
INSERT INTO `cities` (`id`, `city_name`, `location`, `created_at`, `updated_at`) VALUES (29, 'Hiroshima', 14, '2017-01-22 03:51:11', '2013-11-05 14:40:22');
INSERT INTO `cities` (`id`, `city_name`, `location`, `created_at`, `updated_at`) VALUES (30, 'Nagasaki', 14, '2016-04-10 20:58:03', '2020-08-08 10:59:01');
INSERT INTO `cities` (`id`, `city_name`, `location`, `created_at`, `updated_at`) VALUES (31, 'Stockholm', 15, '2012-11-24 17:20:16', '2016-12-28 04:36:37');
INSERT INTO `cities` (`id`, `city_name`, `location`, `created_at`, `updated_at`) VALUES (32, 'Uppsala', 15, '2011-11-07 19:35:30', '2011-08-16 14:45:20');
INSERT INTO `cities` (`id`, `city_name`, `location`, `created_at`, `updated_at`) VALUES (33, 'Lund', 15, '2011-02-13 19:27:18', '2019-03-06 19:05:04');
INSERT INTO `cities` (`id`, `city_name`, `location`, `created_at`, `updated_at`) VALUES (34, 'Sofia', 16, '2018-10-08 15:52:14', '2010-11-28 04:38:35');
INSERT INTO `cities` (`id`, `city_name`, `location`, `created_at`, `updated_at`) VALUES (35, 'Gent', 17, '2018-07-15 08:05:12', '2016-10-20 01:36:51');
INSERT INTO `cities` (`id`, `city_name`, `location`, `created_at`, `updated_at`) VALUES (36, 'Nur Sultan', 18, '2011-03-21 06:33:08', '2017-01-19 06:27:03');
INSERT INTO `cities` (`id`, `city_name`, `location`, `created_at`, `updated_at`) VALUES (37, 'Prague', 19, '2012-09-04 20:29:02', '2010-12-12 09:52:10');
INSERT INTO `cities` (`id`, `city_name`, `location`, `created_at`, `updated_at`) VALUES (38, 'Tallin', 20, '2014-11-06 19:47:53', '2018-05-01 02:29:14');
INSERT INTO `cities` (`id`, `city_name`, `location`, `created_at`, `updated_at`) VALUES (39, 'Ottawa', 21, '2014-11-29 12:48:14', '2016-06-13 01:39:51');
INSERT INTO `cities` (`id`, `city_name`, `location`, `created_at`, `updated_at`) VALUES (40, 'Toronto', 21, '2020-06-11 23:15:20', '2010-11-16 04:32:11');
INSERT INTO `cities` (`id`, `city_name`, `location`, `created_at`, `updated_at`) VALUES (41, 'Leon', 22, '2014-10-19 11:31:56', '2016-01-10 22:00:49');
INSERT INTO `cities` (`id`, `city_name`, `location`, `created_at`, `updated_at`) VALUES (42, 'Guadalajara', 22, '2016-01-05 02:55:46', '2015-12-04 18:22:09');
INSERT INTO `cities` (`id`, `city_name`, `location`, `created_at`, `updated_at`) VALUES (43, 'Cordoba', 22, '2014-06-13 00:14:38', '2011-11-13 17:54:37');
INSERT INTO `cities` (`id`, `city_name`, `location`, `created_at`, `updated_at`) VALUES (44, 'Monclova', 22, '2017-06-16 22:54:31', '2019-04-17 07:06:05');
INSERT INTO `cities` (`id`, `city_name`, `location`, `created_at`, `updated_at`) VALUES (45, 'Mexico', 22, '2017-04-11 15:22:15', '2014-05-08 16:36:57');
INSERT INTO `cities` (`id`, `city_name`, `location`, `created_at`, `updated_at`) VALUES (46, 'Geneva', 23, '2013-11-22 23:12:00', '2014-01-28 20:22:24');
INSERT INTO `cities` (`id`, `city_name`, `location`, `created_at`, `updated_at`) VALUES (47, 'Bukharest', 24, '2014-04-17 22:39:01', '2015-02-13 18:55:09');
INSERT INTO `cities` (`id`, `city_name`, `location`, `created_at`, `updated_at`) VALUES (48, 'Chishinau', 25, '2017-08-12 02:24:29', '2019-04-03 02:25:54');
INSERT INTO `cities` (`id`, `city_name`, `location`, `created_at`, `updated_at`) VALUES (49, 'Macao', 26, '2017-01-12 09:37:00', '2019-03-21 14:57:45');
INSERT INTO `cities` (`id`, `city_name`, `location`, `created_at`, `updated_at`) VALUES (50, 'Erevan', 27, '2012-08-17 01:21:31', '2020-05-18 19:37:58');
INSERT INTO `cities` (`id`, `city_name`, `location`, `created_at`, `updated_at`) VALUES (51, 'Seoul', 28, '2012-02-17 11:05:56', '2011-09-02 18:46:19');
INSERT INTO `cities` (`id`, `city_name`, `location`, `created_at`, `updated_at`) VALUES (52, 'Sydney', 29, '2018-12-02 07:28:54', '2015-08-12 02:31:20');
INSERT INTO `cities` (`id`, `city_name`, `location`, `created_at`, `updated_at`) VALUES (53, 'Oslo', 30, '2018-03-01 23:05:07', '2019-12-28 01:13:39');
INSERT INTO `cities` (`id`, `city_name`, `location`, `created_at`, `updated_at`) VALUES (54, 'Bergen', 30, '2013-07-12 17:55:30', '2016-12-02 22:41:25');
INSERT INTO `cities` (`id`, `city_name`, `location`, `created_at`, `updated_at`) VALUES (55, 'Vladivostok', 1, '2013-09-15 04:06:35', '2020-04-29 23:47:38');
INSERT INTO `cities` (`id`, `city_name`, `location`, `created_at`, `updated_at`) VALUES (56, 'Perm', 1, '2015-12-20 15:30:35', '2015-02-04 14:09:10');
INSERT INTO `cities` (`id`, `city_name`, `location`, `created_at`, `updated_at`) VALUES (57, 'Sochi', 1, '2011-05-15 15:16:16', '2011-11-05 22:22:36');
INSERT INTO `cities` (`id`, `city_name`, `location`, `created_at`, `updated_at`) VALUES (58, 'Anapa', 1, '2016-09-18 05:36:10', '2014-05-12 03:50:54');
INSERT INTO `cities` (`id`, `city_name`, `location`, `created_at`, `updated_at`) VALUES (59, 'Baranovichi', 2, '2017-01-22 03:51:11', '2013-11-05 14:40:22');
INSERT INTO `cities` (`id`, `city_name`, `location`, `created_at`, `updated_at`) VALUES (60, 'Vitebsk', 2, '2016-04-10 20:58:03', '2020-08-08 10:59:01');
INSERT INTO `cities` (`id`, `city_name`, `location`, `created_at`, `updated_at`) VALUES (61, 'Orsha', 2, '2012-11-24 17:20:16', '2016-12-28 04:36:37');
INSERT INTO `cities` (`id`, `city_name`, `location`, `created_at`, `updated_at`) VALUES (62, 'Mogilev', 2, '2011-11-07 19:35:30', '2011-08-16 14:45:20');
INSERT INTO `cities` (`id`, `city_name`, `location`, `created_at`, `updated_at`) VALUES (63, 'Chernigov', 3, '2011-02-13 19:27:18', '2019-03-06 19:05:04');
INSERT INTO `cities` (`id`, `city_name`, `location`, `created_at`, `updated_at`) VALUES (64, 'Kansas City', 4, '2018-10-08 15:52:14', '2010-11-28 04:38:35');
INSERT INTO `cities` (`id`, `city_name`, `location`, `created_at`, `updated_at`) VALUES (65, 'Vellington', 4, '2018-07-15 08:05:12', '2016-10-20 01:36:51');
INSERT INTO `cities` (`id`, `city_name`, `location`, `created_at`, `updated_at`) VALUES (66, 'Miami', 4, '2011-03-21 06:33:08', '2017-01-19 06:27:03');
INSERT INTO `cities` (`id`, `city_name`, `location`, `created_at`, `updated_at`) VALUES (67, 'New Jersey', 4, '2012-09-04 20:29:02', '2010-12-12 09:52:10');
INSERT INTO `cities` (`id`, `city_name`, `location`, `created_at`, `updated_at`) VALUES (68, 'Oxford', 5, '2014-11-06 19:47:53', '2018-05-01 02:29:14');
INSERT INTO `cities` (`id`, `city_name`, `location`, `created_at`, `updated_at`) VALUES (69, 'Liverpool', 5, '2014-11-29 12:48:14', '2016-06-13 01:39:51');
INSERT INTO `cities` (`id`, `city_name`, `location`, `created_at`, `updated_at`) VALUES (70, 'Cambridge', 5, '2020-06-11 23:15:20', '2010-11-16 04:32:11');
INSERT INTO `cities` (`id`, `city_name`, `location`, `created_at`, `updated_at`) VALUES (71, 'Edinburgh', 5, '2014-10-19 11:31:56', '2016-01-10 22:00:49');
INSERT INTO `cities` (`id`, `city_name`, `location`, `created_at`, `updated_at`) VALUES (72, 'Brighton', 5, '2016-01-05 02:55:46', '2015-12-04 18:22:09');
INSERT INTO `cities` (`id`, `city_name`, `location`, `created_at`, `updated_at`) VALUES (73, 'Salzburg', 6, '2014-06-13 00:14:38', '2011-11-13 17:54:37');
INSERT INTO `cities` (`id`, `city_name`, `location`, `created_at`, `updated_at`) VALUES (74, 'Graz', 6, '2017-06-16 22:54:31', '2019-04-17 07:06:05');
INSERT INTO `cities` (`id`, `city_name`, `location`, `created_at`, `updated_at`) VALUES (75, 'Villach', 6, '2017-04-11 15:22:15', '2014-05-08 16:36:57');
INSERT INTO `cities` (`id`, `city_name`, `location`, `created_at`, `updated_at`) VALUES (76, 'Rotterdam', 7, '2013-11-22 23:12:00', '2014-01-28 20:22:24');
INSERT INTO `cities` (`id`, `city_name`, `location`, `created_at`, `updated_at`) VALUES (77, 'Haarlem', 7, '2014-04-17 22:39:01', '2015-02-13 18:55:09');
INSERT INTO `cities` (`id`, `city_name`, `location`, `created_at`, `updated_at`) VALUES (78, 'Den Haag', 7, '2017-08-12 02:24:29', '2019-04-03 02:25:54');
INSERT INTO `cities` (`id`, `city_name`, `location`, `created_at`, `updated_at`) VALUES (79, 'Arnhem', 7, '2017-01-12 09:37:00', '2019-03-21 14:57:45');
INSERT INTO `cities` (`id`, `city_name`, `location`, `created_at`, `updated_at`) VALUES (80, 'Eindhoven', 7, '2012-08-17 01:21:31', '2020-05-18 19:37:58');
INSERT INTO `cities` (`id`, `city_name`, `location`, `created_at`, `updated_at`) VALUES (81, 'Breda', 7, '2012-02-17 11:05:56', '2011-09-02 18:46:19');
INSERT INTO `cities` (`id`, `city_name`, `location`, `created_at`, `updated_at`) VALUES (82, 'Zwolle', 7, '2018-12-02 07:28:54', '2015-08-12 02:31:20');
INSERT INTO `cities` (`id`, `city_name`, `location`, `created_at`, `updated_at`) VALUES (83, 'Alkmaar', 7, '2018-03-01 23:05:07', '2019-12-28 01:13:39');
INSERT INTO `cities` (`id`, `city_name`, `location`, `created_at`, `updated_at`) VALUES (84, 'Utrecht', 7, '2013-07-12 17:55:30', '2016-12-02 22:41:25');
INSERT INTO `cities` (`id`, `city_name`, `location`, `created_at`, `updated_at`) VALUES (85, 'Dresden', 8, '2013-09-15 04:06:35', '2020-04-29 23:47:38');
INSERT INTO `cities` (`id`, `city_name`, `location`, `created_at`, `updated_at`) VALUES (86, 'Nice', 9, '2015-12-20 15:30:35', '2015-02-04 14:09:10');
INSERT INTO `cities` (`id`, `city_name`, `location`, `created_at`, `updated_at`) VALUES (87, 'Bremen', 8, '2011-05-15 15:16:16', '2011-11-05 22:22:36');
INSERT INTO `cities` (`id`, `city_name`, `location`, `created_at`, `updated_at`) VALUES (88, 'Munchen', 8, '2016-09-18 05:36:10', '2014-05-12 03:50:54');
INSERT INTO `cities` (`id`, `city_name`, `location`, `created_at`, `updated_at`) VALUES (89, 'Nantes', 9, '2017-01-22 03:51:11', '2013-11-05 14:40:22');
INSERT INTO `cities` (`id`, `city_name`, `location`, `created_at`, `updated_at`) VALUES (90, 'Lyon', 9, '2016-04-10 20:58:03', '2020-08-08 10:59:01');

UPDATE cities SET updated_at = NOW() WHERE updated_at < created_at;  

DROP TABLE IF EXISTS languages;
CREATE TABLE languages (
	id INT UNSIGNED NOT NULL AUTO_INCREMENT PRIMARY KEY COMMENT "Идентификатор строки", 
    language_name VARCHAR(225) NOT NULL UNIQUE COMMENT "Язык",
    created_at DATETIME DEFAULT CURRENT_TIMESTAMP COMMENT "Время создания строки",  
    updated_at DATETIME DEFAULT CURRENT_TIMESTAMP ON UPDATE CURRENT_TIMESTAMP COMMENT "Время обновления строки"
) COMMENT 'таблица с языками';

INSERT INTO `languages` (`id`, `language_name`, `created_at`, `updated_at`) VALUES (1, 'English', '2016-04-10 20:58:03', '2020-08-08 10:59:01');
INSERT INTO `languages` (`id`, `language_name`, `created_at`, `updated_at`) VALUES (2, 'Russian', '2016-04-10 20:58:03', '2020-08-08 10:59:01');
INSERT INTO `languages` (`id`, `language_name`, `created_at`, `updated_at`) VALUES (3, 'Armenian', '2016-04-10 20:58:03', '2020-08-08 10:59:01');
INSERT INTO `languages` (`id`, `language_name`, `created_at`, `updated_at`) VALUES (4, 'Japanese', '2016-04-10 20:58:03', '2020-08-08 10:59:01');
INSERT INTO `languages` (`id`, `language_name`, `created_at`, `updated_at`) VALUES (5, 'German', '2016-04-10 20:58:03', '2020-08-08 10:59:01');
INSERT INTO `languages` (`id`, `language_name`, `created_at`, `updated_at`) VALUES (6, 'Chinese', '2016-04-10 20:58:03', '2020-08-08 10:59:01');
INSERT INTO `languages` (`id`, `language_name`, `created_at`, `updated_at`) VALUES (7, 'Finnish', '2016-04-10 20:58:03', '2020-08-08 10:59:01');
INSERT INTO `languages` (`id`, `language_name`, `created_at`, `updated_at`) VALUES (8, 'Ukranian', '2016-04-10 20:58:03', '2020-08-08 10:59:01');
INSERT INTO `languages` (`id`, `language_name`, `created_at`, `updated_at`) VALUES (9, 'Korean', '2016-04-10 20:58:03', '2020-08-08 10:59:01');
INSERT INTO `languages` (`id`, `language_name`, `created_at`, `updated_at`) VALUES (10, 'French', '2016-04-10 20:58:03', '2020-08-08 10:59:01');
INSERT INTO `languages` (`id`, `language_name`, `created_at`, `updated_at`) VALUES (11, 'Norwegian', '2016-04-10 20:58:03', '2020-08-08 10:59:01');
INSERT INTO `languages` (`id`, `language_name`, `created_at`, `updated_at`) VALUES (12, 'Swedish', '2016-04-10 20:58:03', '2020-08-08 10:59:01');
INSERT INTO `languages` (`id`, `language_name`, `created_at`, `updated_at`) VALUES (13, 'Spanish', '2016-04-10 20:58:03', '2020-08-08 10:59:01');

DROP TABLE IF EXISTS pronouns;
CREATE TABLE pronouns (
	id INT UNSIGNED NOT NULL AUTO_INCREMENT PRIMARY KEY COMMENT "Идентификатор строки", 
    pronoun VARCHAR(225) NOT NULL UNIQUE COMMENT "Местоимения",
    created_at DATETIME DEFAULT CURRENT_TIMESTAMP COMMENT "Время создания строки",  
    updated_at DATETIME DEFAULT CURRENT_TIMESTAMP ON UPDATE CURRENT_TIMESTAMP COMMENT "Время обновления строки"
) COMMENT 'таблица с местоимениями';

INSERT INTO pronouns (id, pronoun, created_at, updated_at) VALUES (1, 'he, his', '2016-04-10 20:58:03', '2020-08-08 10:59:01');
INSERT INTO pronouns (id, pronoun, created_at, updated_at) VALUES (2, 'she, hers', '2016-04-10 20:58:03', '2020-08-08 10:59:01');
INSERT INTO pronouns (id, pronoun, created_at, updated_at) VALUES (3, 'they, their', '2016-04-10 20:58:03', '2020-08-08 10:59:01');

DROP TABLE IF EXISTS users;
CREATE TABLE users (
	id INT UNSIGNED NOT NULL AUTO_INCREMENT PRIMARY KEY COMMENT "Идентификатор строки", 
    nickname VARCHAR(25) NOT NULL UNIQUE COMMENT "Никнейм пользователя на сайте",
    user_name VARCHAR(25) NOT NULL COMMENT "Имя пользователя",
    country INT UNSIGNED NOT NULL COMMENT "ссылка на страну проживания",
    city INT UNSIGNED NOT NULL COMMENT "Ссылка на город проживания",
    email VARCHAR(100) NOT NULL UNIQUE COMMENT "Почта",
    birthday DATE COMMENT "Дата рождения",
    native_language INT UNSIGNED NOT NULL COMMENT "Ссылка на родной язык",
    pronouns INT UNSIGNED NOT NULL COMMENT "Ссылка на местоимения",
    info_about TEXT NOT NULL COMMENT "Текст профиля, о себе",
    created_at DATETIME DEFAULT CURRENT_TIMESTAMP COMMENT "Время создания строки",  
    updated_at DATETIME DEFAULT CURRENT_TIMESTAMP ON UPDATE CURRENT_TIMESTAMP COMMENT "Время обновления строки",
    FOREIGN KEY (country) REFERENCES countries(id) ON UPDATE CASCADE,
    FOREIGN KEY (city) REFERENCES cities(id) ON UPDATE CASCADE,
    FOREIGN KEY (native_language) REFERENCES languages(id),
    FOREIGN KEY (pronouns) REFERENCES pronouns(id) ON UPDATE CASCADE
) COMMENT 'таблица пользователей';

INSERT INTO `users` (`id`, `nickname`, `user_name`, `country`, `city`, `email`, `birthday`, `native_language`, `pronouns`, `info_about`, `created_at`, `updated_at`) VALUES (1, 'nickname', 'Layne', 10, 2, 'bet12@example.com', '1976-05-15', 4, 1, 'proflie info to be filled', '2011-05-01 01:06:30', '2020-01-10 01:42:47');
INSERT INTO `users` (`id`, `nickname`, `user_name`, `country`, `city`, `email`, `birthday`, `native_language`, `pronouns`, `info_about`, `created_at`, `updated_at`) VALUES (2, 'jessie123', 'Jess', 10, 2, 'beh12@example.com', '1977-05-15', 4, 1, 'proflie info to be filled', '2011-05-01 01:06:30', '2020-01-10 01:42:47');
INSERT INTO `users` (`id`, `nickname`, `user_name`, `country`, `city`, `email`, `birthday`, `native_language`, `pronouns`, `info_about`, `created_at`, `updated_at`) VALUES (3, 'vera76', 'Maria', 10, 2, 'bth12@example.com', '1975-07-15', 4, 1, 'proflie info to be filled', '2011-05-01 01:06:30', '2020-01-10 01:42:47');
INSERT INTO `users` (`id`, `nickname`, `user_name`, `country`, `city`, `email`, `birthday`, `native_language`, `pronouns`, `info_about`, `created_at`, `updated_at`) VALUES (4, 'butterfly7', 'Vera', 10, 2, 'eth12@example.com', '1975-08-15', 4, 1, 'proflie info to be filled', '2011-05-01 01:06:30', '2020-01-10 01:42:47');
INSERT INTO `users` (`id`, `nickname`, `user_name`, `country`, `city`, `email`, `birthday`, `native_language`, `pronouns`, `info_about`, `created_at`, `updated_at`) VALUES (5, 'kitten5', 'Anna', 10, 2, 'beth2@example.com', '1975-05-14', 4, 1, 'proflie info to be filled', '2011-05-01 01:06:30', '2020-01-10 01:42:47');
INSERT INTO `users` (`id`, `nickname`, `user_name`, `country`, `city`, `email`, `birthday`, `native_language`, `pronouns`, `info_about`, `created_at`, `updated_at`) VALUES (6, 'kitten6', 'Ivan', 10, 2, 'beth1@example.com', '1975-05-18', 4, 1, 'proflie info to be filled', '2011-05-01 01:06:30', '2020-01-10 01:42:47');
INSERT INTO `users` (`id`, `nickname`, `user_name`, `country`, `city`, `email`, `birthday`, `native_language`, `pronouns`, `info_about`, `created_at`, `updated_at`) VALUES (7, 'kitten7', 'Sergio', 10, 2, 'be12@example.com', '1967-05-15', 4, 1, 'proflie info to be filled', '2011-05-01 01:06:30', '2020-01-10 01:42:47');
INSERT INTO `users` (`id`, `nickname`, `user_name`, `country`, `city`, `email`, `birthday`, `native_language`, `pronouns`, `info_about`, `created_at`, `updated_at`) VALUES (8, 'alpaka', 'Irma', 10, 2, 'th12@example.com', '1980-05-15', 4, 1, 'proflie info to be filled', '2011-05-01 01:06:30', '2020-01-10 01:42:47');
INSERT INTO `users` (`id`, `nickname`, `user_name`, `country`, `city`, `email`, `birthday`, `native_language`, `pronouns`, `info_about`, `created_at`, `updated_at`) VALUES (9, 'pech77', 'Cornelia', 10, 2, 'bh12@example.com', '1940-05-15', 4, 1, 'proflie info to be filled', '2011-05-01 01:06:30', '2020-01-10 01:42:47');
INSERT INTO `users` (`id`, `nickname`, `user_name`, `country`, `city`, `email`, `birthday`, `native_language`, `pronouns`, `info_about`, `created_at`, `updated_at`) VALUES (10, 'vvv7', 'Hay Lin', 10, 2, 'bethfffffff12@example.com', '1920-05-25', 4, 1, 'proflie info to be filled', '2011-05-01 01:06:30', '2020-01-10 01:42:47');
INSERT INTO `users` (`id`, `nickname`, `user_name`, `country`, `city`, `email`, `birthday`, `native_language`, `pronouns`, `info_about`, `created_at`, `updated_at`) VALUES (11, 'vjf9', 'Will', 10, 2, 'bethvr12@example.com', '1975-06-15', 4, 1, 'proflie info to be filled', '2011-05-01 01:06:30', '2020-01-10 01:42:47');
INSERT INTO `users` (`id`, `nickname`, `user_name`, `country`, `city`, `email`, `birthday`, `native_language`, `pronouns`, `info_about`, `created_at`, `updated_at`) VALUES (12, 'jde8', 'John', 10, 2, 'bethbr12@example.com', '1975-07-15', 4, 1, 'proflie info to be filled', '2011-05-01 01:06:30', '2020-01-10 01:42:47');
INSERT INTO `users` (`id`, `nickname`, `user_name`, `country`, `city`, `email`, `birthday`, `native_language`, `pronouns`, `info_about`, `created_at`, `updated_at`) VALUES (13, 'kfdjs89', 'Cadma', 10, 2, 'bebfth12@example.com', '1975-08-15', 4, 1, 'proflie info to be filled', '2011-05-01 01:06:30', '2020-01-10 01:42:47');
INSERT INTO `users` (`id`, `nickname`, `user_name`, `country`, `city`, `email`, `birthday`, `native_language`, `pronouns`, `info_about`, `created_at`, `updated_at`) VALUES (14, 'kfjjd90', 'Ross', 10, 2, 'bethbgf12@example.com', '1975-08-16', 4, 1, 'proflie info to be filled', '2011-05-01 01:06:30', '2020-01-10 01:42:47');
INSERT INTO `users` (`id`, `nickname`, `user_name`, `country`, `city`, `email`, `birthday`, `native_language`, `pronouns`, `info_about`, `created_at`, `updated_at`) VALUES (15, 'fdsnj8', 'Phoebe', 10, 2, 'betbfh12@example.com', '1975-10-15', 4, 1, 'proflie info to be filled', '2011-05-01 01:06:30', '2020-01-10 01:42:47');
INSERT INTO `users` (`id`, `nickname`, `user_name`, `country`, `city`, `email`, `birthday`, `native_language`, `pronouns`, `info_about`, `created_at`, `updated_at`) VALUES (16, 'dnsj6', 'Rachel', 10, 2, 'bethfgb12@example.com', '1975-11-15', 4, 1, 'proflie info to be filled', '2011-05-01 01:06:30', '2020-01-10 01:42:47');
INSERT INTO `users` (`id`, `nickname`, `user_name`, `country`, `city`, `email`, `birthday`, `native_language`, `pronouns`, `info_about`, `created_at`, `updated_at`) VALUES (17, '3455fff', 'Joe', 10, 2, 'beth1fgb2@example.com', '1975-12-15', 4, 1, 'proflie info to be filled', '2011-05-01 01:06:30', '2020-01-10 01:42:47');
INSERT INTO `users` (`id`, `nickname`, `user_name`, `country`, `city`, `email`, `birthday`, `native_language`, `pronouns`, `info_about`, `created_at`, `updated_at`) VALUES (18, 'mnjkkf9', 'Monica', 10, 2, 'betsdfvh12@example.com', '1975-05-12', 4, 1, 'proflie info to be filled', '2011-05-01 01:06:30', '2020-01-10 01:42:47');
INSERT INTO `users` (`id`, `nickname`, `user_name`, `country`, `city`, `email`, `birthday`, `native_language`, `pronouns`, `info_about`, `created_at`, `updated_at`) VALUES (19, 'molk8', 'Chandler', 10, 2, 'bethvds12@example.com', '1975-05-13', 4, 1, 'proflie info to be filled', '2011-05-01 01:06:30', '2020-01-10 01:42:47');
INSERT INTO `users` (`id`, `nickname`, `user_name`, `country`, `city`, `email`, `birthday`, `native_language`, `pronouns`, `info_about`, `created_at`, `updated_at`) VALUES (20, 'munk9', 'Penny', 10, 2, 'bvfgeth12@example.com', '1975-05-14', 4, 1, 'proflie info to be filled', '2011-05-01 01:06:30', '2020-01-10 01:42:47');
INSERT INTO `users` (`id`, `nickname`, `user_name`, `country`, `city`, `email`, `birthday`, `native_language`, `pronouns`, `info_about`, `created_at`, `updated_at`) VALUES (21, 'mlfjds90', 'Leonard', 10, 2, 'bbgfdeth12@example.com', '1975-05-16', 4, 1, 'proflie info to be filled', '2011-05-01 01:06:30', '2020-01-10 01:42:47');
INSERT INTO `users` (`id`, `nickname`, `user_name`, `country`, `city`, `email`, `birthday`, `native_language`, `pronouns`, `info_about`, `created_at`, `updated_at`) VALUES (22, 'kayeratia', 'Sheldon', 10, 2, 'bebgfth12@example.com', '1978-06-15', 4, 1, 'proflie info to be filled', '2011-05-01 01:06:30', '2020-01-10 01:42:47');
INSERT INTO `users` (`id`, `nickname`, `user_name`, `country`, `city`, `email`, `birthday`, `native_language`, `pronouns`, `info_about`, `created_at`, `updated_at`) VALUES (23, 'rainbow', 'Raj', 10, 2, 'betbfgdfdh12@example.com', '1989-05-15', 4, 1, 'proflie info to be filled', '2011-05-01 01:06:30', '2020-01-10 01:42:47');
INSERT INTO `users` (`id`, `nickname`, `user_name`, `country`, `city`, `email`, `birthday`, `native_language`, `pronouns`, `info_about`, `created_at`, `updated_at`) VALUES (24, 'backpack', 'Howard', 10, 2, 'betsvh12@example.com', '2000-04-15', 4, 1, 'proflie info to be filled', '2011-05-01 01:06:30', '2020-01-10 01:42:47');
INSERT INTO `users` (`id`, `nickname`, `user_name`, `country`, `city`, `email`, `birthday`, `native_language`, `pronouns`, `info_about`, `created_at`, `updated_at`) VALUES (25, 'letter8', 'Bernadette', 10, 2, 'betvsrfvh12@example.com', '2004-05-15', 4, 1, 'proflie info to be filled', '2011-05-01 01:06:30', '2020-01-10 01:42:47');
INSERT INTO `users` (`id`, `nickname`, `user_name`, `country`, `city`, `email`, `birthday`, `native_language`, `pronouns`, `info_about`, `created_at`, `updated_at`) VALUES (26, 'card7', 'Flavia', 10, 2, 'be534wth12@example.com', '2005-05-15', 4, 1, 'proflie info to be filled', '2011-05-01 01:06:30', '2020-01-10 01:42:47');
INSERT INTO `users` (`id`, `nickname`, `user_name`, `country`, `city`, `email`, `birthday`, `native_language`, `pronouns`, `info_about`, `created_at`, `updated_at`) VALUES (27, 'dog8', 'Ophelia', 10, 2, 'betrvgh12@example.com', '1975-07-15', 4, 1, 'proflie info to be filled', '2011-05-01 01:06:30', '2020-01-10 01:42:47');
INSERT INTO `users` (`id`, `nickname`, `user_name`, `country`, `city`, `email`, `birthday`, `native_language`, `pronouns`, `info_about`, `created_at`, `updated_at`) VALUES (28, 'scissors', 'Daphne', 10, 2, 'bvrdeth12@example.com', '1975-09-14', 4, 1, 'proflie info to be filled', '2011-05-01 01:06:30', '2020-01-10 01:42:47');
INSERT INTO `users` (`id`, `nickname`, `user_name`, `country`, `city`, `email`, `birthday`, `native_language`, `pronouns`, `info_about`, `created_at`, `updated_at`) VALUES (29, 'paper', 'Scooby Doo', 10, 2, 'bevfgth12@example.com', '1975-05-19', 4, 1, 'proflie info to be filled', '2011-05-01 01:06:30', '2020-01-10 01:42:47');
INSERT INTO `users` (`id`, `nickname`, `user_name`, `country`, `city`, `email`, `birthday`, `native_language`, `pronouns`, `info_about`, `created_at`, `updated_at`) VALUES (30, 'pineapple', 'Shaggy', 10, 2, 'betfdsbvgh12@example.com', '1975-05-20', 4, 1, 'proflie info to be filled', '2011-05-01 01:06:30', '2020-01-10 01:42:47');
INSERT INTO `users` (`id`, `nickname`, `user_name`, `country`, `city`, `email`, `birthday`, `native_language`, `pronouns`, `info_about`, `created_at`, `updated_at`) VALUES (31, 'apple', 'Fred', 10, 2, 'befdbgth12@example.com', '1975-05-21', 4, 1, 'proflie info to be filled', '2011-05-01 01:06:30', '2020-01-10 01:42:47');
INSERT INTO `users` (`id`, `nickname`, `user_name`, `country`, `city`, `email`, `birthday`, `native_language`, `pronouns`, `info_about`, `created_at`, `updated_at`) VALUES (32, 'stylish7', 'Welma', 10, 2, 'betbfdh12@example.com', '1975-05-22', 4, 1, 'proflie info to be filled', '2011-05-01 01:06:30', '2020-01-10 01:42:47');
INSERT INTO `users` (`id`, `nickname`, `user_name`, `country`, `city`, `email`, `birthday`, `native_language`, `pronouns`, `info_about`, `created_at`, `updated_at`) VALUES (33, 'ihatethisproject', 'Velma', 10, 2, 'bebgrdfsth12@example.com', '1975-05-23', 4, 1, 'proflie info to be filled', '2011-05-01 01:06:30', '2020-01-10 01:42:47');
INSERT INTO `users` (`id`, `nickname`, `user_name`, `country`, `city`, `email`, `birthday`, `native_language`, `pronouns`, `info_about`, `created_at`, `updated_at`) VALUES (34, 'killmeplsnow', 'Scrappy Doo', 10, 2, 'betbfdsh12@example.com', '1975-05-24', 4, 1, 'proflie info to be filled', '2011-05-01 01:06:30', '2020-01-10 01:42:47');
INSERT INTO `users` (`id`, `nickname`, `user_name`, `country`, `city`, `email`, `birthday`, `native_language`, `pronouns`, `info_about`, `created_at`, `updated_at`) VALUES (35, 'filldbdoesntwork', 'Andrei', 10, 2, 'bedfgth12@example.com', '1975-07-15', 4, 1, 'proflie info to be filled', '2011-05-01 01:06:30', '2020-01-10 01:42:47');
INSERT INTO `users` (`id`, `nickname`, `user_name`, `country`, `city`, `email`, `birthday`, `native_language`, `pronouns`, `info_about`, `created_at`, `updated_at`) VALUES (36, 'ihavetogatherthisshit', 'Lisa', 10, 2, 'befdgbth12@example.com', '1975-08-15', 4, 1, 'proflie info to be filled', '2011-05-01 01:06:30', '2020-01-10 01:42:47');
INSERT INTO `users` (`id`, `nickname`, `user_name`, `country`, `city`, `email`, `birthday`, `native_language`, `pronouns`, `info_about`, `created_at`, `updated_at`) VALUES (37, 'ispent5hoursonthis', 'Nicole', 10, 2, 'betfdbgh12@example.com', '1977-05-15', 4, 1, 'proflie info to be filled', '2011-05-01 01:06:30', '2020-01-10 01:42:47');
INSERT INTO `users` (`id`, `nickname`, `user_name`, `country`, `city`, `email`, `birthday`, `native_language`, `pronouns`, `info_about`, `created_at`, `updated_at`) VALUES (38, 'whydidi', 'Boris', 10, 2, 'bfdgbeth12@example.com', '1975-08-15', 4, 1, 'proflie info to be filled', '2011-05-01 01:06:30', '2020-01-10 01:42:47');
INSERT INTO `users` (`id`, `nickname`, `user_name`, `country`, `city`, `email`, `birthday`, `native_language`, `pronouns`, `info_about`, `created_at`, `updated_at`) VALUES (39, 'chooseprogramming', 'Ana', 10, 2, 'bedfgbth12@example.com', '1975-05-15', 4, 1, 'proflie info to be filled', '2011-05-01 01:06:30', '2020-01-10 01:42:47');
INSERT INTO `users` (`id`, `nickname`, `user_name`, `country`, `city`, `email`, `birthday`, `native_language`, `pronouns`, `info_about`, `created_at`, `updated_at`) VALUES (40, 'afterall', 'Waldo', 10, 2, 'bdfgbeth12@example.com', '1965-04-15', 4, 1, 'proflie info to be filled', '2011-05-01 01:06:30', '2020-01-10 01:42:47');
INSERT INTO `users` (`id`, `nickname`, `user_name`, `country`, `city`, `email`, `birthday`, `native_language`, `pronouns`, `info_about`, `created_at`, `updated_at`) VALUES (41, 'idontknow', 'Ginny', 10, 2, 'bebdfgth12@example.com', '1985-05-15', 4, 1, 'proflie info to be filled', '2011-05-01 01:06:30', '2020-01-10 01:42:47');
INSERT INTO `users` (`id`, `nickname`, `user_name`, `country`, `city`, `email`, `birthday`, `native_language`, `pronouns`, `info_about`, `created_at`, `updated_at`) VALUES (42, 'thisisnighmare', 'Georgia', 10, 2, 'behhhhhhhtbfdh12@example.com', '1995-05-15', 4, 1, 'proflie info to be filled', '2011-05-01 01:06:30', '2020-01-10 01:42:47');
INSERT INTO `users` (`id`, `nickname`, `user_name`, `country`, `city`, `email`, `birthday`, `native_language`, `pronouns`, `info_about`, `created_at`, `updated_at`) VALUES (43, 'hatehatehate', 'Nancy', 10, 2, 'bedfgbdfth12@example.com', '1905-05-15', 4, 1, 'proflie info to be filled', '2011-05-01 01:06:30', '2020-01-10 01:42:47');
INSERT INTO `users` (`id`, `nickname`, `user_name`, `country`, `city`, `email`, `birthday`, `native_language`, `pronouns`, `info_about`, `created_at`, `updated_at`) VALUES (44, 'iamon', 'Ned', 10, 2, 'bedgfbth12@example.com', '1955-05-15', 4, 1, 'proflie info to be filled', '2011-05-01 01:06:30', '2020-01-10 01:42:47');
INSERT INTO `users` (`id`, `nickname`, `user_name`, `country`, `city`, `email`, `birthday`, `native_language`, `pronouns`, `info_about`, `created_at`, `updated_at`) VALUES (45, 'mywayto', 'Dierdre', 10, 2, 'betbgdfh12@example.com', '1935-05-15', 4, 1, 'proflie info to be filled', '2011-05-01 01:06:30', '2020-01-10 01:42:47');
INSERT INTO `users` (`id`, `nickname`, `user_name`, `country`, `city`, `email`, `birthday`, `native_language`, `pronouns`, `info_about`, `created_at`, `updated_at`) VALUES (46, 'nickna88888me', 'Bess', 10, 2, 'bebgdfth12@example.com', '1945-05-15', 4, 1, 'proflie info to be filled', '2011-05-01 01:06:30', '2020-01-10 01:42:47');
INSERT INTO `users` (`id`, `nickname`, `user_name`, `country`, `city`, `email`, `birthday`, `native_language`, `pronouns`, `info_about`, `created_at`, `updated_at`) VALUES (47, 'thementalbreakdown', 'Jess', 10, 2, 'bedfbth12@example.com', '1977-05-15', 4, 1, 'proflie info to be filled', '2011-05-01 01:06:30', '2020-01-10 01:42:47');
INSERT INTO `users` (`id`, `nickname`, `user_name`, `country`, `city`, `email`, `birthday`, `native_language`, `pronouns`, `info_about`, `created_at`, `updated_at`) VALUES (48, 'itisalmosthere', 'Theresa', 10, 2, 'beth1dfgb2@example.com', '1978-05-15', 4, 1, 'proflie info to be filled', '2011-05-01 01:06:30', '2020-01-10 01:42:47');
INSERT INTO `users` (`id`, `nickname`, `user_name`, `country`, `city`, `email`, `birthday`, `native_language`, `pronouns`, `info_about`, `created_at`, `updated_at`) VALUES (49, 'okletsgetback', 'Fekla', 10, 2, 'beth1dfbgdf2@example.com', '1979-05-15', 4, 1, 'proflie info to be filled', '2011-05-01 01:06:30', '2020-01-10 01:42:47');
INSERT INTO `users` (`id`, `nickname`, `user_name`, `country`, `city`, `email`, `birthday`, `native_language`, `pronouns`, `info_about`, `created_at`, `updated_at`) VALUES (50, 'towork', 'Fedor', 10, 2, 'betfdbfdbb@example.com', '1910-05-15', 4, 1, 'proflie info to be filled', '2011-05-01 01:06:30', '2020-01-10 01:42:47');
INSERT INTO `users` (`id`, `nickname`, `user_name`, `country`, `city`, `email`, `birthday`, `native_language`, `pronouns`, `info_about`, `created_at`, `updated_at`) VALUES (51, 'vrdv', 'Teodora', 10, 2, 'betfdbgfh12@example.com', '1911-05-21', 4, 1, 'proflie info to be filled', '2011-05-01 01:06:30', '2020-01-10 01:42:47');
INSERT INTO `users` (`id`, `nickname`, `user_name`, `country`, `city`, `email`, `birthday`, `native_language`, `pronouns`, `info_about`, `created_at`, `updated_at`) VALUES (52, 'rgv', 'Fiona', 10, 2, 'bedfgbfdgbth12@example.com', '1912-05-22', 4, 1, 'proflie info to be filled', '2011-05-01 01:06:30', '2020-01-10 01:42:47');
INSERT INTO `users` (`id`, `nickname`, `user_name`, `country`, `city`, `email`, `birthday`, `native_language`, `pronouns`, `info_about`, `created_at`, `updated_at`) VALUES (53, 'rtgrt', 'Shrek', 10, 2, 'betfdbh12@example.com', '1913-05-15', 4, 1, 'proflie info to be filled', '2011-05-01 01:06:30', '2020-01-10 01:42:47');
INSERT INTO `users` (`id`, `nickname`, `user_name`, `country`, `city`, `email`, `birthday`, `native_language`, `pronouns`, `info_about`, `created_at`, `updated_at`) VALUES (54, 'rtgvrfv', 'Donkey', 10, 2, 'begdfbgth12@example.com', '1914-05-14', 4, 1, 'proflie info to be filled', '2011-05-01 01:06:30', '2020-01-10 01:42:47');
INSERT INTO `users` (`id`, `nickname`, `user_name`, `country`, `city`, `email`, `birthday`, `native_language`, `pronouns`, `info_about`, `created_at`, `updated_at`) VALUES (55, 'tgwesv', 'Cookie', 10, 2, 'betbfdbgh12@example.com', '1915-05-15', 4, 1, 'proflie info to be filled', '2011-05-01 01:06:30', '2020-01-10 01:42:47');
INSERT INTO `users` (`id`, `nickname`, `user_name`, `country`, `city`, `email`, `birthday`, `native_language`, `pronouns`, `info_about`, `created_at`, `updated_at`) VALUES (56, 'rtgbrtvb5', 'Lenny', 10, 2, 'begdfbrgth12@example.com', '1987-07-15', 4, 1, 'proflie info to be filled', '2011-05-01 01:06:30', '2020-01-10 01:42:47');
INSERT INTO `users` (`id`, `nickname`, `user_name`, `country`, `city`, `email`, `birthday`, `native_language`, `pronouns`, `info_about`, `created_at`, `updated_at`) VALUES (57, 'brtbrt', 'Bernard', 10, 2, 'bethbfdbgf12@example.com', '1994-05-22', 4, 1, 'proflie info to be filled', '2011-05-01 01:06:30', '2020-01-10 01:42:47');
INSERT INTO `users` (`id`, `nickname`, `user_name`, `country`, `city`, `email`, `birthday`, `native_language`, `pronouns`, `info_about`, `created_at`, `updated_at`) VALUES (58, 'nicktrbrename', 'Vika', 10, 2, 'betbrbrh12@example.com', '1976-05-23', 4, 1, 'proflie info to be filled', '2011-05-01 01:06:30', '2020-01-10 01:42:47');
INSERT INTO `users` (`id`, `nickname`, `user_name`, `country`, `city`, `email`, `birthday`, `native_language`, `pronouns`, `info_about`, `created_at`, `updated_at`) VALUES (59, 'rtrsd', 'Kenny', 10, 2, 'betfdbgdfh12@example.com', '1975-05-26', 4, 1, 'proflie info to be filled', '2011-05-01 01:06:30', '2020-01-10 01:42:47');
INSERT INTO `users` (`id`, `nickname`, `user_name`, `country`, `city`, `email`, `birthday`, `native_language`, `pronouns`, `info_about`, `created_at`, `updated_at`) VALUES (60, 'rebvrgb5', 'Lionel', 10, 2, 'bebdfgbdth12@example.com', '1975-05-09', 4, 1, 'proflie info to be filled', '2011-05-01 01:06:30', '2020-01-10 01:42:47');
INSERT INTO `users` (`id`, `nickname`, `user_name`, `country`, `city`, `email`, `birthday`, `native_language`, `pronouns`, `info_about`, `created_at`, `updated_at`) VALUES (61, 'nicknrrbvsvame', 'Richie', 10, 2, 'bbfdgbgdfeth12@example.com', '1975-05-09', 4, 1, 'proflie info to be filled', '2011-05-01 01:06:30', '2020-01-10 01:42:47');
INSERT INTO `users` (`id`, `nickname`, `user_name`, `country`, `city`, `email`, `birthday`, `native_language`, `pronouns`, `info_about`, `created_at`, `updated_at`) VALUES (62, 'rtbrbrt', 'Leo', 10, 2, 'befdgfdgth12@example.com', '1975-05-07', 4, 1, 'proflie info to be filled', '2011-05-01 01:06:30', '2020-01-10 01:42:47');
INSERT INTO `users` (`id`, `nickname`, `user_name`, `country`, `city`, `email`, `birthday`, `native_language`, `pronouns`, `info_about`, `created_at`, `updated_at`) VALUES (63, 'rewbrgb', 'Piper', 10, 2, 'betfgfbh12@example.com', '1975-05-08', 4, 1, 'proflie info to be filled', '2011-05-01 01:06:30', '2020-01-10 01:42:47');
INSERT INTO `users` (`id`, `nickname`, `user_name`, `country`, `city`, `email`, `birthday`, `native_language`, `pronouns`, `info_about`, `created_at`, `updated_at`) VALUES (64, 'lbrlb', 'Prue', 10, 2, 'bfgbgeth12@example.com', '1975-05-06', 4, 1, 'proflie info to be filled', '2011-05-01 01:06:30', '2020-01-10 01:42:47');
INSERT INTO `users` (`id`, `nickname`, `user_name`, `country`, `city`, `email`, `birthday`, `native_language`, `pronouns`, `info_about`, `created_at`, `updated_at`) VALUES (65, 'kgkldxvm ', 'Phoebie', 10, 2, 'befdgb89898th12@example.com', '1975-05-16', 4, 1, 'proflie info to be filled', '2011-05-01 01:06:30', '2020-01-10 01:42:47');
INSERT INTO `users` (`id`, `nickname`, `user_name`, `country`, `city`, `email`, `birthday`, `native_language`, `pronouns`, `info_about`, `created_at`, `updated_at`) VALUES (66, 'brtbvrgb', 'Page', 10, 2, 'befdgbfth12@example.com', '1975-05-18', 4, 1, 'proflie info to be filled', '2011-05-01 01:06:30', '2020-01-10 01:42:47');
INSERT INTO `users` (`id`, `nickname`, `user_name`, `country`, `city`, `email`, `birthday`, `native_language`, `pronouns`, `info_about`, `created_at`, `updated_at`) VALUES (67, 'rtmvgklrtmfv', 'Sasha', 10, 2, 'bfgbfdeth12@example.com', '1975-05-08', 4, 1, 'proflie info to be filled', '2011-05-01 01:06:30', '2020-01-10 01:42:47');
INSERT INTO `users` (`id`, `nickname`, `user_name`, `country`, `city`, `email`, `birthday`, `native_language`, `pronouns`, `info_about`, `created_at`, `updated_at`) VALUES (68, 'mkrvmne', 'Sea', 10, 2, 'bethfdgbdf12@example.com', '1974-05-15', 4, 1, 'proflie info to be filled', '2011-05-01 01:06:30', '2020-01-10 01:42:47');
INSERT INTO `users` (`id`, `nickname`, `user_name`, `country`, `city`, `email`, `birthday`, `native_language`, `pronouns`, `info_about`, `created_at`, `updated_at`) VALUES (69, 'rmvkrmbvkrt', 'Sally', 10, 2, 'befdgbdfgth12@example.com', '1978-05-15', 4, 1, 'proflie info to be filled', '2011-05-01 01:06:30', '2020-01-10 01:42:47');
INSERT INTO `users` (`id`, `nickname`, `user_name`, `country`, `city`, `email`, `birthday`, `native_language`, `pronouns`, `info_about`, `created_at`, `updated_at`) VALUES (70, 'aaaaaaafuck', 'Vicky', 10, 2, 'betfdgbdfgh12@example.com', '1945-05-15', 4, 1, 'proflie info to be filled', '2011-05-01 01:06:30', '2020-01-10 01:42:47');
INSERT INTO `users` (`id`, `nickname`, `user_name`, `country`, `city`, `email`, `birthday`, `native_language`, `pronouns`, `info_about`, `created_at`, `updated_at`) VALUES (71, 'vfklnvkrf', 'Vivian', 10, 2, 'betfdgbfgh12@example.com', '1978-07-15', 4, 1, 'proflie info to be filled', '2011-05-01 01:06:30', '2020-01-10 01:42:47');
INSERT INTO `users` (`id`, `nickname`, `user_name`, `country`, `city`, `email`, `birthday`, `native_language`, `pronouns`, `info_about`, `created_at`, `updated_at`) VALUES (72, 'fvnrntwb', 'Courtney', 10, 2, 'bebfdgth12@example.com', '1909-05-15', 4, 1, 'proflie info to be filled', '2011-05-01 01:06:30', '2020-01-10 01:42:47');
INSERT INTO `users` (`id`, `nickname`, `user_name`, `country`, `city`, `email`, `birthday`, `native_language`, `pronouns`, `info_about`, `created_at`, `updated_at`) VALUES (73, 'rbvmklrtnbv', 'Jennifer', 10, 2, 'betfdbgdbh12@example.com', '1908-05-15', 4, 1, 'proflie info to be filled', '2011-05-01 01:06:30', '2020-01-10 01:42:47');
INSERT INTO `users` (`id`, `nickname`, `user_name`, `country`, `city`, `email`, `birthday`, `native_language`, `pronouns`, `info_about`, `created_at`, `updated_at`) VALUES (74, 'rmfvbkrtnb', 'Bimbo', 10, 2, 'betdfbgrh12@example.com', '1945-05-15', 4, 1, 'proflie info to be filled', '2011-05-01 01:06:30', '2020-01-10 01:42:47');
INSERT INTO `users` (`id`, `nickname`, `user_name`, `country`, `city`, `email`, `birthday`, `native_language`, `pronouns`, `info_about`, `created_at`, `updated_at`) VALUES (75, 'frbvrnt', 'Volga', 10, 2, 'beth1dfbfg2@example.com', '1934-05-15', 4, 1, 'proflie info to be filled', '2011-05-01 01:06:30', '2020-01-10 01:42:47');
INSERT INTO `users` (`id`, `nickname`, `user_name`, `country`, `city`, `email`, `birthday`, `native_language`, `pronouns`, `info_about`, `created_at`, `updated_at`) VALUES (76, 'rbvmkrtmbkrt', 'Wolfgang', 10, 2, 'betf989766dbgdfh12@example.com', '1978-06-15', 4, 1, 'proflie info to be filled', '2011-05-01 01:06:30', '2020-01-10 01:42:47');
INSERT INTO `users` (`id`, `nickname`, `user_name`, `country`, `city`, `email`, `birthday`, `native_language`, `pronouns`, `info_about`, `created_at`, `updated_at`) VALUES (77, 'bmrtklbmkrt', 'Rich', 10, 2, 'bedbfgdfgth12@example.com', '1909-05-15', 4, 1, 'proflie info to be filled', '2011-05-01 01:06:30', '2020-01-10 01:42:47');
INSERT INTO `users` (`id`, `nickname`, `user_name`, `country`, `city`, `email`, `birthday`, `native_language`, `pronouns`, `info_about`, `created_at`, `updated_at`) VALUES (78, 'trbrktmb', 'Emma', 10, 2, 'betfdgbgdfh12@example.com', '1978-05-15', 4, 1, 'proflie info to be filled', '2011-05-01 01:06:30', '2020-01-10 01:42:47');
INSERT INTO `users` (`id`, `nickname`, `user_name`, `country`, `city`, `email`, `birthday`, `native_language`, `pronouns`, `info_about`, `created_at`, `updated_at`) VALUES (79, 'trbklrtmb', 'Enny', 10, 2, 'befgbrtth12@example.com', '1939-05-15', 4, 1, 'proflie info to be filled', '2011-05-01 01:06:30', '2020-01-10 01:42:47');
INSERT INTO `users` (`id`, `nickname`, `user_name`, `country`, `city`, `email`, `birthday`, `native_language`, `pronouns`, `info_about`, `created_at`, `updated_at`) VALUES (80, 'btrkbmkrt', 'Cooly', 10, 2, 'bebdfgbth12@example.com', '1919-05-15', 4, 1, 'proflie info to be filled', '2011-05-01 01:06:30', '2020-01-10 01:42:47');
INSERT INTO `users` (`id`, `nickname`, `user_name`, `country`, `city`, `email`, `birthday`, `native_language`, `pronouns`, `info_about`, `created_at`, `updated_at`) VALUES (81, 'brtkbmekt', 'Lesley', 10, 2, 'bebgdfbrth12@example.com', '1921-05-15', 4, 1, 'proflie info to be filled', '2011-05-01 01:06:30', '2020-01-10 01:42:47');
INSERT INTO `users` (`id`, `nickname`, `user_name`, `country`, `city`, `email`, `birthday`, `native_language`, `pronouns`, `info_about`, `created_at`, `updated_at`) VALUES (82, 'brtbtrb', 'Genny', 10, 2, 'bethbdfgbtr12@example.com', '1976-08-15', 4, 1, 'proflie info to be filled', '2011-05-01 01:06:30', '2020-01-10 01:42:47');
INSERT INTO `users` (`id`, `nickname`, `user_name`, `country`, `city`, `email`, `birthday`, `native_language`, `pronouns`, `info_about`, `created_at`, `updated_at`) VALUES (83, 'brtbrg', 'Gene', 10, 2, 'betbdfbdh12@example.com', '1940-05-15', 4, 1, 'proflie info to be filled', '2011-05-01 01:06:30', '2020-01-10 01:42:47');
INSERT INTO `users` (`id`, `nickname`, `user_name`, `country`, `city`, `email`, `birthday`, `native_language`, `pronouns`, `info_about`, `created_at`, `updated_at`) VALUES (84, 'bgfbrgr', 'Viv', 10, 2, 'betdrtbh12@example.com', '1941-05-15', 4, 1, 'proflie info to be filled', '2011-05-01 01:06:30', '2020-01-10 01:42:47');
INSERT INTO `users` (`id`, `nickname`, `user_name`, `country`, `city`, `email`, `birthday`, `native_language`, `pronouns`, `info_about`, `created_at`, `updated_at`) VALUES (85, 'brtbvgf', 'Cole', 10, 2, 'betbdfgbh12@example.com', '1942-05-15', 4, 1, 'proflie info to be filled', '2011-05-01 01:06:30', '2020-01-10 01:42:47');
INSERT INTO `users` (`id`, `nickname`, `user_name`, `country`, `city`, `email`, `birthday`, `native_language`, `pronouns`, `info_about`, `created_at`, `updated_at`) VALUES (86, 'nicknbtrbrtame', 'Ally', 10, 2, 'bethfdgbf12@example.com', '1943-05-15', 4, 1, 'proflie info to be filled', '2011-05-01 01:06:30', '2020-01-10 01:42:47');
INSERT INTO `users` (`id`, `nickname`, `user_name`, `country`, `city`, `email`, `birthday`, `native_language`, `pronouns`, `info_about`, `created_at`, `updated_at`) VALUES (87, 'brtb987trb', 'Ashley', 10, 2, 'befgdbth12@example.com', '1944-04-15', 4, 1, 'proflie info to be filled', '2011-05-01 01:06:30', '2020-01-10 01:42:47');
INSERT INTO `users` (`id`, `nickname`, `user_name`, `country`, `city`, `email`, `birthday`, `native_language`, `pronouns`, `info_about`, `created_at`, `updated_at`) VALUES (88, 'nickrtbrtbrtname', 'Wel', 10, 2, 'beregtrth12@example.com', '1987-05-15', 4, 1, 'proflie info to be filled', '2011-05-01 01:06:30', '2020-01-10 01:42:47');
INSERT INTO `users` (`id`, `nickname`, `user_name`, `country`, `city`, `email`, `birthday`, `native_language`, `pronouns`, `info_about`, `created_at`, `updated_at`) VALUES (89, 'brtblkmfrbvkr', 'Pole', 10, 2, 'bertgrtth12@example.com', '1937-05-15', 4, 1, 'proflie info to be filled', '2011-05-01 01:06:30', '2020-01-10 01:42:47');
INSERT INTO `users` (`id`, `nickname`, `user_name`, `country`, `city`, `email`, `birthday`, `native_language`, `pronouns`, `info_about`, `created_at`, `updated_at`) VALUES (90, 'rtmbkmrt', 'Paul', 10, 2, 'betrgrtgth12@example.com', '1998-05-15', 4, 1, 'proflie info to be filled', '2011-05-01 01:06:30', '2020-01-10 01:42:47');
INSERT INTO `users` (`id`, `nickname`, `user_name`, `country`, `city`, `email`, `birthday`, `native_language`, `pronouns`, `info_about`, `created_at`, `updated_at`) VALUES (91, 'hehehhehehhee', 'Paolo', 10, 2, 'bethrtgrtg12@example.com', '1987-06-15', 4, 1, 'proflie info to be filled', '2011-05-01 01:06:30', '2020-01-10 01:42:47');
INSERT INTO `users` (`id`, `nickname`, `user_name`, `country`, `city`, `email`, `birthday`, `native_language`, `pronouns`, `info_about`, `created_at`, `updated_at`) VALUES (92, 'ihihihiihih', 'Bolle', 10, 2, 'bgrtgeth12@example.com', '1975-06-15', 4, 1, 'proflie info to be filled', '2011-05-01 01:06:30', '2020-01-10 01:42:47');
INSERT INTO `users` (`id`, `nickname`, `user_name`, `country`, `city`, `email`, `birthday`, `native_language`, `pronouns`, `info_about`, `created_at`, `updated_at`) VALUES (93, 'hhhhfvbdshf', 'Vik', 10, 2, 'bertgtrgth12@example.com', '1975-09-15', 4, 1, 'proflie info to be filled', '2011-05-01 01:06:30', '2020-01-10 01:42:47');
INSERT INTO `users` (`id`, `nickname`, `user_name`, `country`, `city`, `email`, `birthday`, `native_language`, `pronouns`, `info_about`, `created_at`, `updated_at`) VALUES (94, 'shiiiiiiiit', 'Cut', 10, 2, 'betgtrgvrtbvh12@example.com', '1975-10-15', 4, 1, 'proflie info to be filled', '2011-05-01 01:06:30', '2020-01-10 01:42:47');
INSERT INTO `users` (`id`, `nickname`, `user_name`, `country`, `city`, `email`, `birthday`, `native_language`, `pronouns`, `info_about`, `created_at`, `updated_at`) VALUES (95, 'aaaaah', 'Nesty', 10, 2, 'beth12brtb@example.com', '1975-12-15', 4, 1, 'proflie info to be filled', '2011-05-01 01:06:30', '2020-01-10 01:42:47');
INSERT INTO `users` (`id`, `nickname`, `user_name`, `country`, `city`, `email`, `birthday`, `native_language`, `pronouns`, `info_about`, `created_at`, `updated_at`) VALUES (96, 'rvnrtv', 'Eike', 10, 2, 'bethtrbtr12@example.com', '1975-11-15', 4, 1, 'proflie info to be filled', '2011-05-01 01:06:30', '2020-01-10 01:42:47');
INSERT INTO `users` (`id`, `nickname`, `user_name`, `country`, `city`, `email`, `birthday`, `native_language`, `pronouns`, `info_about`, `created_at`, `updated_at`) VALUES (97, 'rbvjrnbv78', 'Heidi', 10, 2, 'betrtbrth12@example.com', '1975-11-11', 4, 1, 'proflie info to be filled', '2011-05-01 01:06:30', '2020-01-10 01:42:47');
INSERT INTO `users` (`id`, `nickname`, `user_name`, `country`, `city`, `email`, `birthday`, `native_language`, `pronouns`, `info_about`, `created_at`, `updated_at`) VALUES (98, 'vrbv7', 'Clum', 10, 2, 'beth1brtbrt2@example.com', '1911-05-15', 4, 1, 'proflie info to be filled', '2011-05-01 01:06:30', '2020-01-10 01:42:47');
INSERT INTO `users` (`id`, `nickname`, `user_name`, `country`, `city`, `email`, `birthday`, `native_language`, `pronouns`, `info_about`, `created_at`, `updated_at`) VALUES (99, 'rkmbvkrv89', 'Ask', 10, 2, 'betbrtbrbrbh12@example.com', '1911-05-11', 4, 1, 'proflie info to be filled', '2011-05-01 01:06:30', '2020-01-10 01:42:47');
INSERT INTO `users` (`id`, `nickname`, `user_name`, `country`, `city`, `email`, `birthday`, `native_language`, `pronouns`, `info_about`, `created_at`, `updated_at`) VALUES (100, 'rvkjlwnrmeklvb7', 'Dot', 10, 2, 'bebrth12@example.com', '1975-07-15', 4, 1, 'proflie info to be filled', '2011-05-01 01:06:30', '2020-01-10 01:42:47');
INSERT INTO `users` (`id`, `nickname`, `user_name`, `country`, `city`, `email`, `birthday`, `native_language`, `pronouns`, `info_about`, `created_at`, `updated_at`) VALUES (101, 'rfvbjkrntw7', 'Ruth', 10, 2, 'bebrtbth12@example.com', '1975-06-15', 4, 1, 'proflie info to be filled', '2011-05-01 01:06:30', '2020-01-10 01:42:47');
INSERT INTO `users` (`id`, `nickname`, `user_name`, `country`, `city`, `email`, `birthday`, `native_language`, `pronouns`, `info_about`, `created_at`, `updated_at`) VALUES (102, 'fvrfb56', 'Alex', 10, 2, 'bebrtbrth12@example.com', '1975-04-15', 4, 1, 'proflie info to be filled', '2011-05-01 01:06:30', '2020-01-10 01:42:47');
INSERT INTO `users` (`id`, `nickname`, `user_name`, `country`, `city`, `email`, `birthday`, `native_language`, `pronouns`, `info_about`, `created_at`, `updated_at`) VALUES (103, 'rfbjvnjkrtnb8', 'Alexandra', 10, 2, 'bebertbth12@example.com', '1975-01-15', 4, 1, 'proflie info to be filled', '2011-05-01 01:06:30', '2020-01-10 01:42:47');
INSERT INTO `users` (`id`, `nickname`, `user_name`, `country`, `city`, `email`, `birthday`, `native_language`, `pronouns`, `info_about`, `created_at`, `updated_at`) VALUES (104, 'brtbvkjnrtbv9', 'Ally', 10, 2, 'bebtrbeth12@example.com', '1975-01-15', 4, 1, 'proflie info to be filled', '2011-05-01 01:06:30', '2020-01-10 01:42:47');
INSERT INTO `users` (`id`, `nickname`, `user_name`, `country`, `city`, `email`, `birthday`, `native_language`, `pronouns`, `info_about`, `created_at`, `updated_at`) VALUES (105, 'brtbr8', 'Erica', 10, 2, 'bebtr90909beth12@example.com', '1975-01-11', 4, 1, 'proflie info to be filled', '2011-05-01 01:06:30', '2020-01-10 01:42:47');
INSERT INTO `users` (`id`, `nickname`, `user_name`, `country`, `city`, `email`, `birthday`, `native_language`, `pronouns`, `info_about`, `created_at`, `updated_at`) VALUES (106, 'bgfbrb8', 'Fet', 10, 2, 'betbtrebh12@example.com', '1975-01-15', 4, 1, 'proflie info to be filled', '2011-05-01 01:06:30', '2020-01-10 01:42:47');
INSERT INTO `users` (`id`, `nickname`, `user_name`, `country`, `city`, `email`, `birthday`, `native_language`, `pronouns`, `info_about`, `created_at`, `updated_at`) VALUES (107, 'rbbvrfv9', 'Cheese', 10, 2, 'berebretth12@example.com', '1975-02-16', 4, 1, 'proflie info to be filled', '2011-05-01 01:06:30', '2020-01-10 01:42:47');
INSERT INTO `users` (`id`, `nickname`, `user_name`, `country`, `city`, `email`, `birthday`, `native_language`, `pronouns`, `info_about`, `created_at`, `updated_at`) VALUES (108, 'grbjnfdsjknvf9', 'Cream', 10, 2, 'beretbtrth12@example.com', '1975-02-11', 4, 1, 'proflie info to be filled', '2011-05-01 01:06:30', '2020-01-10 01:42:47');
INSERT INTO `users` (`id`, `nickname`, `user_name`, `country`, `city`, `email`, `birthday`, `native_language`, `pronouns`, `info_about`, `created_at`, `updated_at`) VALUES (109, 'fgds56', 'Roma', 10, 2, 'betbretbh12@example.com', '1975-05-11', 4, 1, 'proflie info to be filled', '2011-05-01 01:06:30', '2020-01-10 01:42:47');
INSERT INTO `users` (`id`, `nickname`, `user_name`, `country`, `city`, `email`, `birthday`, `native_language`, `pronouns`, `info_about`, `created_at`, `updated_at`) VALUES (110, 'flvmbkjtr9', 'Sveta', 10, 2, 'beretbth12@example.com', '1911-05-15', 4, 1, 'proflie info to be filled', '2011-05-01 01:06:30', '2020-01-10 01:42:47');
INSERT INTO `users` (`id`, `nickname`, `user_name`, `country`, `city`, `email`, `birthday`, `native_language`, `pronouns`, `info_about`, `created_at`, `updated_at`) VALUES (111, 'hbfbvfjv', 'Anita', 10, 2, 'betbtrbh12@example.com', '1975-01-15', 4, 1, 'proflie info to be filled', '2011-05-01 01:06:30', '2020-01-10 01:42:47');
INSERT INTO `users` (`id`, `nickname`, `user_name`, `country`, `city`, `email`, `birthday`, `native_language`, `pronouns`, `info_about`, `created_at`, `updated_at`) VALUES (112, 'ohno', 'Olly', 10, 2, 'bbrtbrteth12@example.com', '1911-05-11', 4, 1, 'proflie info to be filled', '2011-05-01 01:06:30', '2020-01-10 01:42:47');
INSERT INTO `users` (`id`, `nickname`, `user_name`, `country`, `city`, `email`, `birthday`, `native_language`, `pronouns`, `info_about`, `created_at`, `updated_at`) VALUES (113, 'rjebnvhrjnbfv99', 'Stephanie', 10, 2, 'betbtrbeh12@example.com', '1975-01-15', 4, 1, 'proflie info to be filled', '2011-05-01 01:06:30', '2020-01-10 01:42:47');
INSERT INTO `users` (`id`, `nickname`, `user_name`, `country`, `city`, `email`, `birthday`, `native_language`, `pronouns`, `info_about`, `created_at`, `updated_at`) VALUES (114, 'brbv', 'Lorena', 10, 2, 'beberbtth12@example.com', '1975-05-11', 4, 1, 'proflie info to be filled', '2011-05-01 01:06:30', '2020-01-10 01:42:47');
INSERT INTO `users` (`id`, `nickname`, `user_name`, `country`, `city`, `email`, `birthday`, `native_language`, `pronouns`, `info_about`, `created_at`, `updated_at`) VALUES (115, 'nickbvrgbrtname', 'Rita', 10, 2, 'betbrtbr12@example.com', '1971-05-15', 4, 1, 'proflie info to be filled', '2011-05-01 01:06:30', '2020-01-10 01:42:47');
INSERT INTO `users` (`id`, `nickname`, `user_name`, `country`, `city`, `email`, `birthday`, `native_language`, `pronouns`, `info_about`, `created_at`, `updated_at`) VALUES (116, 'nicknrgbvrfame', 'Jessy', 10, 2, 'betrebreth12@example.com', '191-05-15', 4, 1, 'proflie info to be filled', '2011-05-01 01:06:30', '2020-01-10 01:42:47');
INSERT INTO `users` (`id`, `nickname`, `user_name`, `country`, `city`, `email`, `birthday`, `native_language`, `pronouns`, `info_about`, `created_at`, `updated_at`) VALUES (117, 'nicknrbvrtvame', 'Hale', 10, 2, 'betbrebh12@example.com', '1975-01-15', 4, 1, 'proflie info to be filled', '2011-05-01 01:06:30', '2020-01-10 01:42:47');
INSERT INTO `users` (`id`, `nickname`, `user_name`, `country`, `city`, `email`, `birthday`, `native_language`, `pronouns`, `info_about`, `created_at`, `updated_at`) VALUES (118, 'vfdsv', 'Folly', 10, 2, 'bebtrbth12@example.com', '1975-05-11', 4, 1, 'proflie info to be filled', '2011-05-01 01:06:30', '2020-01-10 01:42:47');
INSERT INTO `users` (`id`, `nickname`, `user_name`, `country`, `city`, `email`, `birthday`, `native_language`, `pronouns`, `info_about`, `created_at`, `updated_at`) VALUES (119, 'nickgbrfdsxdname', 'Nelly', 10, 2, 'bebtrbretth12@example.com', '1975-01-15', 4, 1, 'proflie info to be filled', '2011-05-01 01:06:30', '2020-01-10 01:42:47');
INSERT INTO `users` (`id`, `nickname`, `user_name`, `country`, `city`, `email`, `birthday`, `native_language`, `pronouns`, `info_about`, `created_at`, `updated_at`) VALUES (120, 'rbvds', 'Masya', 10, 2, 'bebretbth12@example.com', '1975-05-11', 4, 1, 'proflie info to be filled', '2011-05-01 01:06:30', '2020-01-10 01:42:47');
INSERT INTO `users` (`id`, `nickname`, `user_name`, `country`, `city`, `email`, `birthday`, `native_language`, `pronouns`, `info_about`, `created_at`, `updated_at`) VALUES (121, 'nicknghame', 'Arsen', 10, 2, 'betbriuuyttgetbh12@example.com', '1975-01-15', 4, 1, 'proflie info to be filled', '2011-05-01 01:06:30', '2020-01-10 01:42:47');
INSERT INTO `users` (`id`, `nickname`, `user_name`, `country`, `city`, `email`, `birthday`, `native_language`, `pronouns`, `info_about`, `created_at`, `updated_at`) VALUES (122, 'brgbr', 'Katia', 10, 2, 'bebtrebth12@example.com', '1971-01-15', 4, 1, 'proflie info to be filled', '2011-05-01 01:06:30', '2020-01-10 01:42:47');
INSERT INTO `users` (`id`, `nickname`, `user_name`, `country`, `city`, `email`, `birthday`, `native_language`, `pronouns`, `info_about`, `created_at`, `updated_at`) VALUES (123, 'brtbvrg', 'Cindy', 10, 2, 'betbtrh12@example.com', '1975-03-15', 4, 1, 'proflie info to be filled', '2011-05-01 01:06:30', '2020-01-10 01:42:47');
INSERT INTO `users` (`id`, `nickname`, `user_name`, `country`, `city`, `email`, `birthday`, `native_language`, `pronouns`, `info_about`, `created_at`, `updated_at`) VALUES (124, 'rnjvkdnfv', 'Vika', 10, 2, 'bettrbrth12@example.com', '1973-05-13', 4, 1, 'proflie info to be filled', '2011-05-01 01:06:30', '2020-01-10 01:42:47');
INSERT INTO `users` (`id`, `nickname`, `user_name`, `country`, `city`, `email`, `birthday`, `native_language`, `pronouns`, `info_about`, `created_at`, `updated_at`) VALUES (125, 'vkendfjvrnf', 'Emma', 10, 2, 'bebrebreth12@example.com', '1975-03-15', 4, 1, 'proflie info to be filled', '2011-05-01 01:06:30', '2020-01-10 01:42:47');
INSERT INTO `users` (`id`, `nickname`, `user_name`, `country`, `city`, `email`, `birthday`, `native_language`, `pronouns`, `info_about`, `created_at`, `updated_at`) VALUES (126, 'nickvrvrtname', 'Erika', 10, 2, 'betrebh12@example.com', '1973-05-13', 4, 1, 'proflie info to be filled', '2011-05-01 01:06:30', '2020-01-10 01:42:47');
INSERT INTO `users` (`id`, `nickname`, `user_name`, `country`, `city`, `email`, `birthday`, `native_language`, `pronouns`, `info_about`, `created_at`, `updated_at`) VALUES (127, 'rtbv', 'Ursula', 10, 2, 'bebreth12@example.com', '1975-05-13', 4, 1, 'proflie info to be filled', '2011-05-01 01:06:30', '2020-01-10 01:42:47');
INSERT INTO `users` (`id`, `nickname`, `user_name`, `country`, `city`, `email`, `birthday`, `native_language`, `pronouns`, `info_about`, `created_at`, `updated_at`) VALUES (128, 'vfgvbrb', 'Mermaid', 10, 2, 'bethrbvr12@example.com', '1973-05-15', 4, 1, 'proflie info to be filled', '2011-05-01 01:06:30', '2020-01-10 01:42:47');
INSERT INTO `users` (`id`, `nickname`, `user_name`, `country`, `city`, `email`, `birthday`, `native_language`, `pronouns`, `info_about`, `created_at`, `updated_at`) VALUES (129, 'nirtbrdckname', 'Crab', 10, 2, 'bet54444h1fgb2@example.com', '1973-03-15', 4, 1, 'proflie info to be filled', '2011-05-01 01:06:30', '2020-01-10 01:42:47');
INSERT INTO `users` (`id`, `nickname`, `user_name`, `country`, `city`, `email`, `birthday`, `native_language`, `pronouns`, `info_about`, `created_at`, `updated_at`) VALUES (130, 'nicbrgebtbkname', 'Xenia', 10, 2, 'betfdsgh12@example.com', '1933-03-15', 4, 1, 'proflie info to be filled', '2011-05-01 01:06:30', '2020-01-10 01:42:47');
INSERT INTO `users` (`id`, `nickname`, `user_name`, `country`, `city`, `email`, `birthday`, `native_language`, `pronouns`, `info_about`, `created_at`, `updated_at`) VALUES (131, 'nicrkvmrmvbkname', 'Zena', 10, 2, 'betfdgwgh12@example.com', '1975-03-15', 4, 1, 'proflie info to be filled', '2011-05-01 01:06:30', '2020-01-10 01:42:47');
INSERT INTO `users` (`id`, `nickname`, `user_name`, `country`, `city`, `email`, `birthday`, `native_language`, `pronouns`, `info_about`, `created_at`, `updated_at`) VALUES (132, 'ifidontget5', 'Dino', 10, 2, 'betsrbbth12@example.com', '1975-05-13', 4, 1, 'proflie info to be filled', '2011-05-01 01:06:30', '2020-01-10 01:42:47');
INSERT INTO `users` (`id`, `nickname`, `user_name`, `country`, `city`, `email`, `birthday`, `native_language`, `pronouns`, `info_about`, `created_at`, `updated_at`) VALUES (133, 'forthisproject', 'Luci', 10, 2, 'bettrbh12@example.com', '1975-03-15', 4, 1, 'proflie info to be filled', '2011-05-01 01:06:30', '2020-01-10 01:42:47');
INSERT INTO `users` (`id`, `nickname`, `user_name`, `country`, `city`, `email`, `birthday`, `native_language`, `pronouns`, `info_about`, `created_at`, `updated_at`) VALUES (134, 'rvjnwrj', 'Lucy', 10, 2, 'betrbeth12@example.com', '1975-05-13', 4, 1, 'proflie info to be filled', '2011-05-01 01:06:30', '2020-01-10 01:42:47');
INSERT INTO `users` (`id`, `nickname`, `user_name`, `country`, `city`, `email`, `birthday`, `native_language`, `pronouns`, `info_about`, `created_at`, `updated_at`) VALUES (135, 'iamgonnascream', 'Chloe', 10, 2, 'bertgetth12@example.com', '1973-05-15', 4, 1, 'proflie info to be filled', '2011-05-01 01:06:30', '2020-01-10 01:42:47');
INSERT INTO `users` (`id`, `nickname`, `user_name`, `country`, `city`, `email`, `birthday`, `native_language`, `pronouns`, `info_about`, `created_at`, `updated_at`) VALUES (136, 'vreknvmkrew', 'Becker', 10, 2, 'bettregh12@example.com', '1973-05-15', 4, 1, 'proflie info to be filled', '2011-05-01 01:06:30', '2020-01-10 01:42:47');
INSERT INTO `users` (`id`, `nickname`, `user_name`, `country`, `city`, `email`, `birthday`, `native_language`, `pronouns`, `info_about`, `created_at`, `updated_at`) VALUES (137, 'nickrtnkbvnrtjname', 'Lastone', 10, 2, 'brjndfsbhjvbefhjbhrebwvhjrbebeth12@example.com', '1975-03-15', 4, 1, 'proflie info to be filled', '2011-05-01 01:06:30', '2020-01-10 01:42:47');

UPDATE users SET city = (SELECT id FROM cities ORDER BY RAND() LIMIT 1);
UPDATE users SET country = (SELECT location FROM cities WHERE cities.id=users.city);
UPDATE users SET native_language = (SELECT id FROM languages ORDER BY RAND() LIMIT 1);
UPDATE users SET pronouns = (SELECT id FROM pronouns ORDER BY RAND() LIMIT 1);

DROP TABLE IF EXISTS postcard_status;
CREATE TABLE postcard_status (
	id INT UNSIGNED NOT NULL AUTO_INCREMENT PRIMARY KEY COMMENT "Идентификатор строки", 
    status_name VARCHAR(50) NOT NULL UNIQUE COMMENT "Название статуса",
    created_at DATETIME DEFAULT CURRENT_TIMESTAMP COMMENT "Время создания строки",  
    updated_at DATETIME DEFAULT CURRENT_TIMESTAMP ON UPDATE CURRENT_TIMESTAMP COMMENT "Время обновления строки"
) COMMENT 'таблица со статусом открыток';

INSERT INTO postcard_status (id, status_name, created_at, updated_at) VALUES (1, 'travelling', '2006-05-01 07:06:30', '2020-01-10 09:23:47');
INSERT INTO postcard_status (id, status_name, created_at, updated_at) VALUES (2, 'delivered', '2006-05-01 07:06:30', '2020-01-10 09:23:47');
INSERT INTO postcard_status (id, status_name, created_at, updated_at) VALUES (3, 'lost', '2006-05-01 07:06:30', '2020-01-10 09:23:47');

DROP TABLE IF EXISTS postcards;
CREATE TABLE postcards (
	id INT UNSIGNED NOT NULL AUTO_INCREMENT PRIMARY KEY COMMENT "Идентификатор строки", 
    card_status INT UNSIGNED NOT NULL COMMENT "Статус открытки",
    metadata JSON COMMENT "Метаданные открытки",
    sender INT UNSIGNED NOT NULL COMMENT "Отправитель",
    receiver INT UNSIGNED NOT NULL COMMENT "Получатель",
    sent_at DATETIME DEFAULT CURRENT_TIMESTAMP COMMENT "Когда открытка была отправлена", 
    received_at DATETIME DEFAULT CURRENT_TIMESTAMP ON UPDATE CURRENT_TIMESTAMP COMMENT "Когда открытка была получена",
    FOREIGN KEY (sender) REFERENCES users(id),
    FOREIGN KEY (receiver) REFERENCES users(id),
    FOREIGN KEY (card_status) REFERENCES postcard_status(id)
) COMMENT 'таблица открыток';

INSERT INTO `postcards` (`id`, `card_status`, `metadata`, `sender`, `receiver`, `sent_at`, `received_at`) VALUES (1, 1, NULL, 6, 5, '2007-12-12 09:14:29', '1991-07-01 19:30:27');
INSERT INTO `postcards` (`id`, `card_status`, `metadata`, `sender`, `receiver`, `sent_at`, `received_at`) VALUES (2, 2, NULL, 7, 8, '1972-10-28 12:21:04', '1977-03-17 15:52:15');
INSERT INTO `postcards` (`id`, `card_status`, `metadata`, `sender`, `receiver`, `sent_at`, `received_at`) VALUES (3, 3, NULL, 5, 6, '2016-11-21 09:31:28', '1975-07-09 22:48:59');
INSERT INTO `postcards` (`id`, `card_status`, `metadata`, `sender`, `receiver`, `sent_at`, `received_at`) VALUES (4, 1, NULL, 1, 1, '1984-08-05 23:50:04', '2017-03-27 08:49:54');
INSERT INTO `postcards` (`id`, `card_status`, `metadata`, `sender`, `receiver`, `sent_at`, `received_at`) VALUES (5, 1, NULL, 3, 3, '1997-12-31 06:13:22', '1999-06-12 05:36:15');
INSERT INTO `postcards` (`id`, `card_status`, `metadata`, `sender`, `receiver`, `sent_at`, `received_at`) VALUES (6, 1, NULL, 9, 1, '2002-04-17 19:31:44', '1990-01-10 16:44:39');
INSERT INTO `postcards` (`id`, `card_status`, `metadata`, `sender`, `receiver`, `sent_at`, `received_at`) VALUES (7, 2, NULL, 3, 4, '2010-01-22 07:04:47', '2016-11-17 02:30:32');
INSERT INTO `postcards` (`id`, `card_status`, `metadata`, `sender`, `receiver`, `sent_at`, `received_at`) VALUES (8, 2, NULL, 5, 9, '1985-01-24 06:37:52', '2020-11-21 02:42:43');
INSERT INTO `postcards` (`id`, `card_status`, `metadata`, `sender`, `receiver`, `sent_at`, `received_at`) VALUES (9, 2, NULL, 7, 9, '2011-07-11 12:46:00', '1976-04-08 21:41:13');
INSERT INTO `postcards` (`id`, `card_status`, `metadata`, `sender`, `receiver`, `sent_at`, `received_at`) VALUES (10, 1, NULL, 5, 2, '1975-08-22 18:02:18', '1994-05-26 08:11:43');
INSERT INTO `postcards` (`id`, `card_status`, `metadata`, `sender`, `receiver`, `sent_at`, `received_at`) VALUES (11, 1, NULL, 7, 3, '2013-07-20 21:41:14', '2008-04-15 21:19:25');
INSERT INTO `postcards` (`id`, `card_status`, `metadata`, `sender`, `receiver`, `sent_at`, `received_at`) VALUES (12, 1, NULL, 6, 2, '2017-04-10 11:51:52', '1979-06-26 06:38:20');
INSERT INTO `postcards` (`id`, `card_status`, `metadata`, `sender`, `receiver`, `sent_at`, `received_at`) VALUES (13, 1, NULL, 3, 5, '1997-02-08 21:30:43', '2004-10-27 05:42:11');
INSERT INTO `postcards` (`id`, `card_status`, `metadata`, `sender`, `receiver`, `sent_at`, `received_at`) VALUES (14, 1, NULL, 1, 1, '2010-04-30 13:02:49', '2012-10-06 11:59:49');
INSERT INTO `postcards` (`id`, `card_status`, `metadata`, `sender`, `receiver`, `sent_at`, `received_at`) VALUES (15, 1, NULL, 6, 6, '1971-05-08 12:01:55', '1993-12-09 08:27:04');
INSERT INTO `postcards` (`id`, `card_status`, `metadata`, `sender`, `receiver`, `sent_at`, `received_at`) VALUES (16, 1, NULL, 4, 3, '1978-09-03 00:47:28', '2004-10-23 10:56:07');
INSERT INTO `postcards` (`id`, `card_status`, `metadata`, `sender`, `receiver`, `sent_at`, `received_at`) VALUES (17, 1, NULL, 3, 2, '2012-10-19 03:57:39', '1977-10-29 17:20:17');
INSERT INTO `postcards` (`id`, `card_status`, `metadata`, `sender`, `receiver`, `sent_at`, `received_at`) VALUES (18, 1, NULL, 6, 4, '2006-10-25 10:31:00', '2011-03-23 05:39:21');
INSERT INTO `postcards` (`id`, `card_status`, `metadata`, `sender`, `receiver`, `sent_at`, `received_at`) VALUES (19, 1, NULL, 9, 3, '2007-02-19 05:14:36', '2020-08-09 17:00:44');
INSERT INTO `postcards` (`id`, `card_status`, `metadata`, `sender`, `receiver`, `sent_at`, `received_at`) VALUES (20, 1, NULL, 5, 5, '1971-04-18 17:34:38', '1980-03-02 17:58:53');
INSERT INTO `postcards` (`id`, `card_status`, `metadata`, `sender`, `receiver`, `sent_at`, `received_at`) VALUES (21, 1, NULL, 3, 5, '2017-11-01 11:48:21', '2002-04-30 05:23:00');
INSERT INTO `postcards` (`id`, `card_status`, `metadata`, `sender`, `receiver`, `sent_at`, `received_at`) VALUES (22, 1, NULL, 8, 3, '1992-10-31 00:38:28', '1984-04-07 16:21:00');
INSERT INTO `postcards` (`id`, `card_status`, `metadata`, `sender`, `receiver`, `sent_at`, `received_at`) VALUES (23, 3, NULL, 3, 9, '1986-04-09 13:57:17', '1997-09-14 06:06:11');
INSERT INTO `postcards` (`id`, `card_status`, `metadata`, `sender`, `receiver`, `sent_at`, `received_at`) VALUES (24, 2, NULL, 5, 1, '1970-09-08 19:26:52', '1985-12-17 09:37:30');
INSERT INTO `postcards` (`id`, `card_status`, `metadata`, `sender`, `receiver`, `sent_at`, `received_at`) VALUES (25, 2, NULL, 5, 7, '2015-04-19 15:25:16', '2004-09-20 20:29:33');
INSERT INTO `postcards` (`id`, `card_status`, `metadata`, `sender`, `receiver`, `sent_at`, `received_at`) VALUES (26, 2, NULL, 2, 3, '1998-11-07 00:59:52', '1978-03-02 03:00:06');
INSERT INTO `postcards` (`id`, `card_status`, `metadata`, `sender`, `receiver`, `sent_at`, `received_at`) VALUES (27, 2, NULL, 7, 5, '1991-02-27 08:40:29', '2017-02-07 17:27:52');
INSERT INTO `postcards` (`id`, `card_status`, `metadata`, `sender`, `receiver`, `sent_at`, `received_at`) VALUES (28, 2, NULL, 5, 7, '1982-11-09 07:22:03', '2007-03-26 06:36:45');
INSERT INTO `postcards` (`id`, `card_status`, `metadata`, `sender`, `receiver`, `sent_at`, `received_at`) VALUES (29, 2, NULL, 9, 5, '1984-02-20 11:56:45', '2015-12-16 03:26:47');
INSERT INTO `postcards` (`id`, `card_status`, `metadata`, `sender`, `receiver`, `sent_at`, `received_at`) VALUES (30, 2, NULL, 3, 4, '2016-07-04 01:52:33', '1981-04-28 00:43:46');
INSERT INTO `postcards` (`id`, `card_status`, `metadata`, `sender`, `receiver`, `sent_at`, `received_at`) VALUES (31, 2, NULL, 1, 5, '1996-09-25 16:21:14', '1998-02-15 02:26:07');
INSERT INTO `postcards` (`id`, `card_status`, `metadata`, `sender`, `receiver`, `sent_at`, `received_at`) VALUES (32, 1, NULL, 5, 6, '1989-08-22 10:12:52', '1980-05-07 10:17:25');
INSERT INTO `postcards` (`id`, `card_status`, `metadata`, `sender`, `receiver`, `sent_at`, `received_at`) VALUES (33, 1, NULL, 8, 8, '1991-09-28 15:58:09', '1977-04-10 22:56:49');
INSERT INTO `postcards` (`id`, `card_status`, `metadata`, `sender`, `receiver`, `sent_at`, `received_at`) VALUES (34, 1, NULL, 1, 2, '1987-04-14 15:34:22', '1978-06-20 04:51:39');
INSERT INTO `postcards` (`id`, `card_status`, `metadata`, `sender`, `receiver`, `sent_at`, `received_at`) VALUES (35, 1, NULL, 5, 3, '2003-11-13 20:25:33', '1996-06-02 17:39:53');
INSERT INTO `postcards` (`id`, `card_status`, `metadata`, `sender`, `receiver`, `sent_at`, `received_at`) VALUES (36, 1, NULL, 2, 9, '2003-03-28 03:46:09', '1991-08-01 18:47:36');
INSERT INTO `postcards` (`id`, `card_status`, `metadata`, `sender`, `receiver`, `sent_at`, `received_at`) VALUES (37, 1, NULL, 4, 9, '1999-06-27 23:15:41', '2004-01-28 20:46:26');
INSERT INTO `postcards` (`id`, `card_status`, `metadata`, `sender`, `receiver`, `sent_at`, `received_at`) VALUES (38, 3, NULL, 9, 6, '2015-11-28 10:58:30', '2001-06-25 18:55:12');
INSERT INTO `postcards` (`id`, `card_status`, `metadata`, `sender`, `receiver`, `sent_at`, `received_at`) VALUES (39, 1, NULL, 5, 5, '2015-05-14 19:31:49', '2003-02-04 00:06:15');
INSERT INTO `postcards` (`id`, `card_status`, `metadata`, `sender`, `receiver`, `sent_at`, `received_at`) VALUES (40, 1, NULL, 8, 9, '1986-06-21 10:29:04', '1993-11-02 10:32:04');
INSERT INTO `postcards` (`id`, `card_status`, `metadata`, `sender`, `receiver`, `sent_at`, `received_at`) VALUES (41, 1, NULL, 2, 4, '2002-08-10 11:20:28', '1993-01-13 10:43:28');
INSERT INTO `postcards` (`id`, `card_status`, `metadata`, `sender`, `receiver`, `sent_at`, `received_at`) VALUES (42, 1, NULL, 8, 6, '1979-11-10 09:59:17', '2003-10-11 03:20:35');
INSERT INTO `postcards` (`id`, `card_status`, `metadata`, `sender`, `receiver`, `sent_at`, `received_at`) VALUES (43, 1, NULL, 1, 8, '2014-02-05 20:21:29', '2007-01-21 15:22:45');
INSERT INTO `postcards` (`id`, `card_status`, `metadata`, `sender`, `receiver`, `sent_at`, `received_at`) VALUES (44, 2, NULL, 1, 3, '2014-07-21 21:13:48', '1995-05-16 08:10:17');
INSERT INTO `postcards` (`id`, `card_status`, `metadata`, `sender`, `receiver`, `sent_at`, `received_at`) VALUES (45, 3, NULL, 4, 8, '1994-08-26 02:27:54', '1981-01-24 19:20:29');
INSERT INTO `postcards` (`id`, `card_status`, `metadata`, `sender`, `receiver`, `sent_at`, `received_at`) VALUES (46, 1, NULL, 9, 6, '1978-07-24 09:58:57', '1990-12-16 06:21:35');
INSERT INTO `postcards` (`id`, `card_status`, `metadata`, `sender`, `receiver`, `sent_at`, `received_at`) VALUES (47, 2, NULL, 6, 3, '1971-01-26 07:39:51', '2000-08-21 19:06:08');
INSERT INTO `postcards` (`id`, `card_status`, `metadata`, `sender`, `receiver`, `sent_at`, `received_at`) VALUES (48, 2, NULL, 6, 2, '2020-01-23 12:18:16', '2014-07-09 23:20:43');
INSERT INTO `postcards` (`id`, `card_status`, `metadata`, `sender`, `receiver`, `sent_at`, `received_at`) VALUES (49, 2, NULL, 9, 5, '2002-06-10 00:23:36', '1994-01-02 12:52:34');
INSERT INTO `postcards` (`id`, `card_status`, `metadata`, `sender`, `receiver`, `sent_at`, `received_at`) VALUES (50, 2, NULL, 7, 1, '1982-04-23 18:18:51', '1972-11-24 06:14:59');
INSERT INTO `postcards` (`id`, `card_status`, `metadata`, `sender`, `receiver`, `sent_at`, `received_at`) VALUES (51, 3, NULL, 9, 6, '2000-05-19 19:12:37', '2014-05-11 05:25:10');
INSERT INTO `postcards` (`id`, `card_status`, `metadata`, `sender`, `receiver`, `sent_at`, `received_at`) VALUES (52, 1, NULL, 9, 9, '2003-11-21 16:24:57', '1993-02-26 01:15:31');
INSERT INTO `postcards` (`id`, `card_status`, `metadata`, `sender`, `receiver`, `sent_at`, `received_at`) VALUES (53, 3, NULL, 1, 2, '1984-06-19 18:24:54', '1981-06-03 18:42:41');
INSERT INTO `postcards` (`id`, `card_status`, `metadata`, `sender`, `receiver`, `sent_at`, `received_at`) VALUES (54, 3, NULL, 6, 5, '2016-10-01 09:37:21', '2006-01-28 10:55:12');
INSERT INTO `postcards` (`id`, `card_status`, `metadata`, `sender`, `receiver`, `sent_at`, `received_at`) VALUES (55, 3, NULL, 6, 9, '1971-03-16 03:09:01', '2020-03-25 16:55:50');
INSERT INTO `postcards` (`id`, `card_status`, `metadata`, `sender`, `receiver`, `sent_at`, `received_at`) VALUES (56, 3, NULL, 9, 2, '2009-03-28 16:25:57', '2005-03-13 09:41:09');
INSERT INTO `postcards` (`id`, `card_status`, `metadata`, `sender`, `receiver`, `sent_at`, `received_at`) VALUES (57, 3, NULL, 6, 2, '2015-09-11 03:06:25', '1971-03-25 19:35:02');
INSERT INTO `postcards` (`id`, `card_status`, `metadata`, `sender`, `receiver`, `sent_at`, `received_at`) VALUES (58, 3, NULL, 4, 3, '2018-06-25 18:52:41', '1973-12-25 23:14:08');
INSERT INTO `postcards` (`id`, `card_status`, `metadata`, `sender`, `receiver`, `sent_at`, `received_at`) VALUES (59, 2, NULL, 7, 8, '1994-09-08 22:38:03', '2007-07-27 09:15:06');
INSERT INTO `postcards` (`id`, `card_status`, `metadata`, `sender`, `receiver`, `sent_at`, `received_at`) VALUES (60, 2, NULL, 6, 7, '2014-11-09 18:09:08', '1997-10-17 17:47:54');
INSERT INTO `postcards` (`id`, `card_status`, `metadata`, `sender`, `receiver`, `sent_at`, `received_at`) VALUES (61, 2, NULL, 6, 3, '1985-11-09 05:14:48', '1995-10-11 22:14:18');
INSERT INTO `postcards` (`id`, `card_status`, `metadata`, `sender`, `receiver`, `sent_at`, `received_at`) VALUES (62, 2, NULL, 4, 4, '2007-02-17 12:20:40', '2018-09-04 08:48:03');
INSERT INTO `postcards` (`id`, `card_status`, `metadata`, `sender`, `receiver`, `sent_at`, `received_at`) VALUES (63, 1, NULL, 3, 8, '1977-10-19 17:06:40', '1987-01-19 11:54:53');
INSERT INTO `postcards` (`id`, `card_status`, `metadata`, `sender`, `receiver`, `sent_at`, `received_at`) VALUES (64, 1, NULL, 9, 4, '1976-07-03 01:56:26', '1973-11-27 04:58:15');
INSERT INTO `postcards` (`id`, `card_status`, `metadata`, `sender`, `receiver`, `sent_at`, `received_at`) VALUES (65, 3, NULL, 7, 6, '2021-04-20 05:29:55', '2005-02-01 14:41:55');
INSERT INTO `postcards` (`id`, `card_status`, `metadata`, `sender`, `receiver`, `sent_at`, `received_at`) VALUES (66, 1, NULL, 9, 5, '1998-12-07 20:02:20', '1989-07-17 06:36:42');
INSERT INTO `postcards` (`id`, `card_status`, `metadata`, `sender`, `receiver`, `sent_at`, `received_at`) VALUES (67, 2, NULL, 4, 5, '2016-03-17 19:08:30', '2013-06-07 23:01:02');
INSERT INTO `postcards` (`id`, `card_status`, `metadata`, `sender`, `receiver`, `sent_at`, `received_at`) VALUES (68, 1, NULL, 8, 7, '2020-12-04 22:13:17', '2016-09-20 08:57:21');
INSERT INTO `postcards` (`id`, `card_status`, `metadata`, `sender`, `receiver`, `sent_at`, `received_at`) VALUES (69, 1, NULL, 5, 3, '2015-01-14 18:05:52', '1994-02-07 12:24:12');
INSERT INTO `postcards` (`id`, `card_status`, `metadata`, `sender`, `receiver`, `sent_at`, `received_at`) VALUES (70, 1, NULL, 2, 4, '1993-04-25 00:58:28', '1970-03-23 06:40:38');
INSERT INTO `postcards` (`id`, `card_status`, `metadata`, `sender`, `receiver`, `sent_at`, `received_at`) VALUES (71, 1, NULL, 1, 4, '1972-02-17 13:35:18', '2011-10-17 17:12:31');
INSERT INTO `postcards` (`id`, `card_status`, `metadata`, `sender`, `receiver`, `sent_at`, `received_at`) VALUES (72, 1, NULL, 4, 7, '1978-07-20 22:20:29', '2011-12-10 14:58:33');
INSERT INTO `postcards` (`id`, `card_status`, `metadata`, `sender`, `receiver`, `sent_at`, `received_at`) VALUES (73, 1, NULL, 8, 9, '2015-07-29 23:45:00', '2010-09-10 04:48:04');
INSERT INTO `postcards` (`id`, `card_status`, `metadata`, `sender`, `receiver`, `sent_at`, `received_at`) VALUES (74, 1, NULL, 7, 3, '1971-04-02 05:12:22', '2015-05-21 18:57:12');
INSERT INTO `postcards` (`id`, `card_status`, `metadata`, `sender`, `receiver`, `sent_at`, `received_at`) VALUES (75, 1, NULL, 5, 6, '2003-02-02 18:58:14', '1983-07-15 18:48:27');
INSERT INTO `postcards` (`id`, `card_status`, `metadata`, `sender`, `receiver`, `sent_at`, `received_at`) VALUES (76, 1, NULL, 4, 6, '1977-02-05 07:30:13', '1997-02-04 08:36:32');
INSERT INTO `postcards` (`id`, `card_status`, `metadata`, `sender`, `receiver`, `sent_at`, `received_at`) VALUES (77, 1, NULL, 4, 7, '1987-04-13 13:47:37', '2012-11-26 15:12:57');
INSERT INTO `postcards` (`id`, `card_status`, `metadata`, `sender`, `receiver`, `sent_at`, `received_at`) VALUES (78, 1, NULL, 1, 4, '2002-04-20 16:06:20', '1998-01-13 09:47:37');
INSERT INTO `postcards` (`id`, `card_status`, `metadata`, `sender`, `receiver`, `sent_at`, `received_at`) VALUES (79, 2, NULL, 2, 4, '1972-01-17 07:21:59', '2016-06-08 17:19:02');
INSERT INTO `postcards` (`id`, `card_status`, `metadata`, `sender`, `receiver`, `sent_at`, `received_at`) VALUES (80, 2, NULL, 5, 2, '1991-04-06 14:13:15', '2002-08-03 21:16:58');
INSERT INTO `postcards` (`id`, `card_status`, `metadata`, `sender`, `receiver`, `sent_at`, `received_at`) VALUES (81, 2, NULL, 2, 5, '1976-08-07 16:54:53', '1974-01-21 13:23:30');
INSERT INTO `postcards` (`id`, `card_status`, `metadata`, `sender`, `receiver`, `sent_at`, `received_at`) VALUES (82, 2, NULL, 4, 3, '1971-06-03 01:49:38', '1997-09-18 20:33:03');
INSERT INTO `postcards` (`id`, `card_status`, `metadata`, `sender`, `receiver`, `sent_at`, `received_at`) VALUES (83, 3, NULL, 5, 3, '1992-05-13 12:14:53', '2001-06-25 15:46:36');
INSERT INTO `postcards` (`id`, `card_status`, `metadata`, `sender`, `receiver`, `sent_at`, `received_at`) VALUES (84, 2, NULL, 7, 6, '2009-05-16 13:21:10', '1995-10-20 07:33:22');
INSERT INTO `postcards` (`id`, `card_status`, `metadata`, `sender`, `receiver`, `sent_at`, `received_at`) VALUES (85, 2, NULL, 4, 5, '1993-04-16 18:50:26', '1996-11-07 05:44:06');
INSERT INTO `postcards` (`id`, `card_status`, `metadata`, `sender`, `receiver`, `sent_at`, `received_at`) VALUES (86, 2, NULL, 9, 6, '2008-01-13 18:31:39', '1998-08-20 19:55:34');
INSERT INTO `postcards` (`id`, `card_status`, `metadata`, `sender`, `receiver`, `sent_at`, `received_at`) VALUES (87, 2, NULL, 4, 4, '1974-01-25 01:51:26', '1976-07-26 04:10:41');
INSERT INTO `postcards` (`id`, `card_status`, `metadata`, `sender`, `receiver`, `sent_at`, `received_at`) VALUES (88, 2, NULL, 9, 4, '2007-03-29 17:08:04', '1974-04-05 16:06:21');
INSERT INTO `postcards` (`id`, `card_status`, `metadata`, `sender`, `receiver`, `sent_at`, `received_at`) VALUES (89, 2, NULL, 1, 7, '1970-06-30 10:20:09', '1971-11-17 06:36:46');
INSERT INTO `postcards` (`id`, `card_status`, `metadata`, `sender`, `receiver`, `sent_at`, `received_at`) VALUES (90, 1, NULL, 8, 1, '2007-07-29 17:55:11', '1973-05-19 01:02:34');
INSERT INTO `postcards` (`id`, `card_status`, `metadata`, `sender`, `receiver`, `sent_at`, `received_at`) VALUES (91, 3, NULL, 6, 4, '1993-08-06 08:22:11', '1972-05-10 01:40:08');
INSERT INTO `postcards` (`id`, `card_status`, `metadata`, `sender`, `receiver`, `sent_at`, `received_at`) VALUES (92, 3, NULL, 4, 2, '2020-03-20 22:23:19', '2017-07-19 17:05:57');
INSERT INTO `postcards` (`id`, `card_status`, `metadata`, `sender`, `receiver`, `sent_at`, `received_at`) VALUES (93, 2, NULL, 3, 6, '1978-09-22 10:03:18', '1997-01-28 04:11:16');
INSERT INTO `postcards` (`id`, `card_status`, `metadata`, `sender`, `receiver`, `sent_at`, `received_at`) VALUES (94, 2, NULL, 8, 4, '2005-08-11 22:40:54', '2001-03-22 22:30:09');
INSERT INTO `postcards` (`id`, `card_status`, `metadata`, `sender`, `receiver`, `sent_at`, `received_at`) VALUES (95, 2, NULL, 7, 4, '1999-08-14 23:52:32', '1998-03-07 08:38:19');
INSERT INTO `postcards` (`id`, `card_status`, `metadata`, `sender`, `receiver`, `sent_at`, `received_at`) VALUES (96, 3, NULL, 1, 6, '1972-06-20 16:55:12', '1981-03-15 03:23:35');
INSERT INTO `postcards` (`id`, `card_status`, `metadata`, `sender`, `receiver`, `sent_at`, `received_at`) VALUES (97, 2, NULL, 5, 6, '2008-05-24 00:04:55', '2019-10-25 20:42:42');
INSERT INTO `postcards` (`id`, `card_status`, `metadata`, `sender`, `receiver`, `sent_at`, `received_at`) VALUES (98, 3, NULL, 1, 3, '2000-09-20 08:58:41', '1985-05-15 11:46:26');
INSERT INTO `postcards` (`id`, `card_status`, `metadata`, `sender`, `receiver`, `sent_at`, `received_at`) VALUES (99, 2, NULL, 7, 8, '1972-04-06 15:19:43', '1988-07-19 07:29:18');
INSERT INTO `postcards` (`id`, `card_status`, `metadata`, `sender`, `receiver`, `sent_at`, `received_at`) VALUES (100, 2, NULL, 2, 2, '1991-06-16 16:28:22', '2021-02-08 23:16:17');
INSERT INTO `postcards` (`id`, `card_status`, `metadata`, `sender`, `receiver`, `sent_at`, `received_at`) VALUES (101, 1, NULL, 4, 5, '1995-03-12 22:45:02', '1988-09-23 22:03:39');
INSERT INTO `postcards` (`id`, `card_status`, `metadata`, `sender`, `receiver`, `sent_at`, `received_at`) VALUES (102, 2, NULL, 5, 1, '1998-04-09 02:59:21', '1990-10-28 21:36:54');
INSERT INTO `postcards` (`id`, `card_status`, `metadata`, `sender`, `receiver`, `sent_at`, `received_at`) VALUES (103, 1, NULL, 9, 4, '1999-05-02 20:32:42', '1986-09-08 12:12:01');
INSERT INTO `postcards` (`id`, `card_status`, `metadata`, `sender`, `receiver`, `sent_at`, `received_at`) VALUES (104, 2, NULL, 4, 7, '2004-12-04 00:19:00', '1991-07-31 09:12:09');
INSERT INTO `postcards` (`id`, `card_status`, `metadata`, `sender`, `receiver`, `sent_at`, `received_at`) VALUES (105, 2, NULL, 8, 7, '1980-08-28 19:00:45', '2005-04-03 22:02:50');
INSERT INTO `postcards` (`id`, `card_status`, `metadata`, `sender`, `receiver`, `sent_at`, `received_at`) VALUES (106, 2, NULL, 2, 5, '2016-09-20 19:26:33', '2019-06-04 22:48:50');
INSERT INTO `postcards` (`id`, `card_status`, `metadata`, `sender`, `receiver`, `sent_at`, `received_at`) VALUES (107, 2, NULL, 4, 4, '2008-07-18 05:14:29', '2003-05-20 16:00:27');
INSERT INTO `postcards` (`id`, `card_status`, `metadata`, `sender`, `receiver`, `sent_at`, `received_at`) VALUES (108, 2, NULL, 9, 4, '1989-05-22 02:38:57', '1992-03-08 11:46:16');
INSERT INTO `postcards` (`id`, `card_status`, `metadata`, `sender`, `receiver`, `sent_at`, `received_at`) VALUES (109, 2, NULL, 9, 4, '1973-02-27 11:37:59', '1998-05-08 20:59:27');
INSERT INTO `postcards` (`id`, `card_status`, `metadata`, `sender`, `receiver`, `sent_at`, `received_at`) VALUES (110, 1, NULL, 4, 7, '1992-02-12 08:51:53', '2020-01-06 15:30:08');
INSERT INTO `postcards` (`id`, `card_status`, `metadata`, `sender`, `receiver`, `sent_at`, `received_at`) VALUES (111, 2, NULL, 6, 6, '1979-09-06 21:35:54', '1989-11-02 05:25:30');
INSERT INTO `postcards` (`id`, `card_status`, `metadata`, `sender`, `receiver`, `sent_at`, `received_at`) VALUES (112, 2, NULL, 5, 1, '2013-05-29 11:35:49', '1996-02-02 18:47:14');
INSERT INTO `postcards` (`id`, `card_status`, `metadata`, `sender`, `receiver`, `sent_at`, `received_at`) VALUES (113, 1, NULL, 1, 8, '1974-02-18 07:50:59', '1973-09-17 19:35:09');
INSERT INTO `postcards` (`id`, `card_status`, `metadata`, `sender`, `receiver`, `sent_at`, `received_at`) VALUES (114, 1, NULL, 6, 2, '2001-01-22 04:01:33', '1986-11-06 13:30:33');
INSERT INTO `postcards` (`id`, `card_status`, `metadata`, `sender`, `receiver`, `sent_at`, `received_at`) VALUES (115, 2, NULL, 1, 4, '1976-07-27 02:40:51', '1986-12-07 02:07:46');
INSERT INTO `postcards` (`id`, `card_status`, `metadata`, `sender`, `receiver`, `sent_at`, `received_at`) VALUES (116, 1, NULL, 4, 5, '1975-01-06 00:00:39', '1997-06-10 14:03:54');
INSERT INTO `postcards` (`id`, `card_status`, `metadata`, `sender`, `receiver`, `sent_at`, `received_at`) VALUES (117, 2, NULL, 4, 8, '1980-05-05 21:46:20', '1987-12-18 11:15:33');
INSERT INTO `postcards` (`id`, `card_status`, `metadata`, `sender`, `receiver`, `sent_at`, `received_at`) VALUES (118, 1, NULL, 9, 7, '1993-11-13 19:55:45', '2000-04-12 03:14:54');
INSERT INTO `postcards` (`id`, `card_status`, `metadata`, `sender`, `receiver`, `sent_at`, `received_at`) VALUES (119, 1, NULL, 7, 2, '2015-07-30 09:10:44', '1976-02-08 23:54:57');
INSERT INTO `postcards` (`id`, `card_status`, `metadata`, `sender`, `receiver`, `sent_at`, `received_at`) VALUES (120, 1, NULL, 3, 3, '1973-05-28 05:41:03', '2007-06-11 15:21:30');
INSERT INTO `postcards` (`id`, `card_status`, `metadata`, `sender`, `receiver`, `sent_at`, `received_at`) VALUES (121, 1, NULL, 9, 4, '1980-07-02 09:42:55', '1976-09-04 20:36:20');
INSERT INTO `postcards` (`id`, `card_status`, `metadata`, `sender`, `receiver`, `sent_at`, `received_at`) VALUES (122, 1, NULL, 6, 9, '1995-03-23 11:17:41', '2013-01-14 19:49:33');
INSERT INTO `postcards` (`id`, `card_status`, `metadata`, `sender`, `receiver`, `sent_at`, `received_at`) VALUES (123, 1, NULL, 5, 4, '1996-05-18 16:57:45', '1992-03-24 17:27:41');
INSERT INTO `postcards` (`id`, `card_status`, `metadata`, `sender`, `receiver`, `sent_at`, `received_at`) VALUES (124, 1, NULL, 1, 3, '1975-11-19 16:03:26', '1972-06-28 10:50:30');
INSERT INTO `postcards` (`id`, `card_status`, `metadata`, `sender`, `receiver`, `sent_at`, `received_at`) VALUES (125, 1, NULL, 4, 7, '2019-11-03 09:19:59', '1990-04-01 13:24:50');
INSERT INTO `postcards` (`id`, `card_status`, `metadata`, `sender`, `receiver`, `sent_at`, `received_at`) VALUES (126, 1, NULL, 1, 2, '1996-09-30 20:56:21', '1989-10-12 18:57:22');
INSERT INTO `postcards` (`id`, `card_status`, `metadata`, `sender`, `receiver`, `sent_at`, `received_at`) VALUES (127, 1, NULL, 1, 3, '2003-07-21 10:54:33', '2016-09-13 21:14:31');
INSERT INTO `postcards` (`id`, `card_status`, `metadata`, `sender`, `receiver`, `sent_at`, `received_at`) VALUES (128, 2, NULL, 5, 6, '2019-10-01 01:46:25', '1972-09-15 21:24:52');
INSERT INTO `postcards` (`id`, `card_status`, `metadata`, `sender`, `receiver`, `sent_at`, `received_at`) VALUES (129, 1, NULL, 2, 5, '1994-08-27 15:55:35', '2004-07-25 06:47:50');
INSERT INTO `postcards` (`id`, `card_status`, `metadata`, `sender`, `receiver`, `sent_at`, `received_at`) VALUES (130, 1, NULL, 3, 7, '1973-10-29 16:32:32', '2009-01-03 19:59:11');
INSERT INTO `postcards` (`id`, `card_status`, `metadata`, `sender`, `receiver`, `sent_at`, `received_at`) VALUES (131, 2, NULL, 3, 2, '1990-06-22 10:12:42', '1984-01-11 12:21:36');
INSERT INTO `postcards` (`id`, `card_status`, `metadata`, `sender`, `receiver`, `sent_at`, `received_at`) VALUES (132, 2, NULL, 4, 6, '2015-05-07 00:34:11', '1988-10-23 04:49:25');
INSERT INTO `postcards` (`id`, `card_status`, `metadata`, `sender`, `receiver`, `sent_at`, `received_at`) VALUES (133, 3, NULL, 4, 9, '1978-08-14 11:42:06', '2001-08-21 02:49:47');
INSERT INTO `postcards` (`id`, `card_status`, `metadata`, `sender`, `receiver`, `sent_at`, `received_at`) VALUES (134, 2, NULL, 3, 5, '1994-01-27 15:05:42', '2002-02-10 11:03:00');
INSERT INTO `postcards` (`id`, `card_status`, `metadata`, `sender`, `receiver`, `sent_at`, `received_at`) VALUES (135, 3, NULL, 5, 8, '2014-10-02 14:50:54', '1989-02-20 22:00:43');
INSERT INTO `postcards` (`id`, `card_status`, `metadata`, `sender`, `receiver`, `sent_at`, `received_at`) VALUES (136, 2, NULL, 9, 2, '2006-03-02 06:55:48', '1994-03-26 23:08:10');
INSERT INTO `postcards` (`id`, `card_status`, `metadata`, `sender`, `receiver`, `sent_at`, `received_at`) VALUES (137, 2, NULL, 6, 2, '2013-06-03 08:25:55', '1987-07-13 00:32:04');
INSERT INTO `postcards` (`id`, `card_status`, `metadata`, `sender`, `receiver`, `sent_at`, `received_at`) VALUES (138, 2, NULL, 7, 2, '2003-10-30 18:14:51', '2020-08-31 18:32:42');
INSERT INTO `postcards` (`id`, `card_status`, `metadata`, `sender`, `receiver`, `sent_at`, `received_at`) VALUES (139, 2, NULL, 6, 8, '2019-01-13 21:40:25', '1971-10-24 09:32:53');
INSERT INTO `postcards` (`id`, `card_status`, `metadata`, `sender`, `receiver`, `sent_at`, `received_at`) VALUES (140, 2, NULL, 4, 9, '1990-07-30 19:23:13', '1975-05-23 03:29:16');
INSERT INTO `postcards` (`id`, `card_status`, `metadata`, `sender`, `receiver`, `sent_at`, `received_at`) VALUES (141, 2, NULL, 9, 5, '2012-11-28 10:07:28', '1997-03-09 22:28:03');
INSERT INTO `postcards` (`id`, `card_status`, `metadata`, `sender`, `receiver`, `sent_at`, `received_at`) VALUES (142, 2, NULL, 3, 8, '1989-08-05 09:51:30', '1991-06-25 06:10:51');
INSERT INTO `postcards` (`id`, `card_status`, `metadata`, `sender`, `receiver`, `sent_at`, `received_at`) VALUES (143, 3, NULL, 7, 8, '1998-08-29 18:24:05', '2010-12-05 05:09:32');
INSERT INTO `postcards` (`id`, `card_status`, `metadata`, `sender`, `receiver`, `sent_at`, `received_at`) VALUES (144, 1, NULL, 7, 4, '2017-12-17 03:31:54', '2019-08-12 09:53:31');
INSERT INTO `postcards` (`id`, `card_status`, `metadata`, `sender`, `receiver`, `sent_at`, `received_at`) VALUES (145, 1, NULL, 4, 4, '1991-10-10 08:54:41', '1986-03-13 22:00:24');
INSERT INTO `postcards` (`id`, `card_status`, `metadata`, `sender`, `receiver`, `sent_at`, `received_at`) VALUES (146, 1, NULL, 5, 4, '2012-09-17 13:23:27', '2018-04-24 14:30:42');
INSERT INTO `postcards` (`id`, `card_status`, `metadata`, `sender`, `receiver`, `sent_at`, `received_at`) VALUES (147, 1, NULL, 2, 7, '2010-04-10 00:08:54', '1986-09-29 23:03:56');
INSERT INTO `postcards` (`id`, `card_status`, `metadata`, `sender`, `receiver`, `sent_at`, `received_at`) VALUES (148, 1, NULL, 7, 6, '2015-09-10 16:16:05', '2017-10-12 21:09:37');
INSERT INTO `postcards` (`id`, `card_status`, `metadata`, `sender`, `receiver`, `sent_at`, `received_at`) VALUES (149, 2, NULL, 9, 7, '2020-12-05 20:21:03', '2010-12-09 23:42:24');
INSERT INTO `postcards` (`id`, `card_status`, `metadata`, `sender`, `receiver`, `sent_at`, `received_at`) VALUES (150, 1, NULL, 5, 7, '1975-10-09 00:42:34', '2008-07-13 15:57:46');
INSERT INTO `postcards` (`id`, `card_status`, `metadata`, `sender`, `receiver`, `sent_at`, `received_at`) VALUES (151, 1, NULL, 4, 8, '1978-01-08 10:22:46', '2020-12-21 02:44:10');
INSERT INTO `postcards` (`id`, `card_status`, `metadata`, `sender`, `receiver`, `sent_at`, `received_at`) VALUES (152, 3, NULL, 7, 7, '1974-12-14 20:20:38', '1984-09-29 15:56:58');
INSERT INTO `postcards` (`id`, `card_status`, `metadata`, `sender`, `receiver`, `sent_at`, `received_at`) VALUES (153, 1, NULL, 3, 3, '1999-09-20 12:19:37', '2008-08-31 12:10:27');
INSERT INTO `postcards` (`id`, `card_status`, `metadata`, `sender`, `receiver`, `sent_at`, `received_at`) VALUES (154, 1, NULL, 9, 4, '2016-07-28 07:12:51', '1998-04-25 21:18:11');
INSERT INTO `postcards` (`id`, `card_status`, `metadata`, `sender`, `receiver`, `sent_at`, `received_at`) VALUES (155, 1, NULL, 3, 7, '2018-12-01 06:25:06', '1985-03-13 05:14:31');
INSERT INTO `postcards` (`id`, `card_status`, `metadata`, `sender`, `receiver`, `sent_at`, `received_at`) VALUES (156, 1, NULL, 8, 8, '1986-04-06 19:37:46', '1990-03-07 21:51:58');
INSERT INTO `postcards` (`id`, `card_status`, `metadata`, `sender`, `receiver`, `sent_at`, `received_at`) VALUES (157, 1, NULL, 2, 8, '2007-11-22 06:10:30', '2018-05-13 05:37:43');
INSERT INTO `postcards` (`id`, `card_status`, `metadata`, `sender`, `receiver`, `sent_at`, `received_at`) VALUES (158, 1, NULL, 4, 4, '1988-07-25 03:32:37', '1986-02-14 15:50:57');
INSERT INTO `postcards` (`id`, `card_status`, `metadata`, `sender`, `receiver`, `sent_at`, `received_at`) VALUES (159, 1, NULL, 5, 7, '2018-05-27 10:57:16', '1995-01-08 09:45:30');
INSERT INTO `postcards` (`id`, `card_status`, `metadata`, `sender`, `receiver`, `sent_at`, `received_at`) VALUES (160, 1, NULL, 7, 8, '2020-11-14 08:13:06', '2020-05-10 03:02:43');
INSERT INTO `postcards` (`id`, `card_status`, `metadata`, `sender`, `receiver`, `sent_at`, `received_at`) VALUES (161, 2, NULL, 5, 8, '2000-12-14 03:42:18', '1984-01-18 03:04:11');
INSERT INTO `postcards` (`id`, `card_status`, `metadata`, `sender`, `receiver`, `sent_at`, `received_at`) VALUES (162, 1, NULL, 5, 4, '1983-06-04 15:30:54', '2012-04-25 23:06:30');
INSERT INTO `postcards` (`id`, `card_status`, `metadata`, `sender`, `receiver`, `sent_at`, `received_at`) VALUES (163, 1, NULL, 3, 7, '2009-10-17 15:14:02', '1996-07-21 04:25:50');
INSERT INTO `postcards` (`id`, `card_status`, `metadata`, `sender`, `receiver`, `sent_at`, `received_at`) VALUES (164, 1, NULL, 2, 9, '1984-12-26 20:35:53', '2002-07-30 19:52:43');
INSERT INTO `postcards` (`id`, `card_status`, `metadata`, `sender`, `receiver`, `sent_at`, `received_at`) VALUES (165, 1, NULL, 5, 5, '2012-07-23 23:00:20', '2004-04-01 06:11:49');
INSERT INTO `postcards` (`id`, `card_status`, `metadata`, `sender`, `receiver`, `sent_at`, `received_at`) VALUES (166, 1, NULL, 9, 3, '1997-07-11 01:02:18', '2010-05-09 00:15:25');
INSERT INTO `postcards` (`id`, `card_status`, `metadata`, `sender`, `receiver`, `sent_at`, `received_at`) VALUES (167, 1, NULL, 6, 6, '2014-08-04 06:56:14', '2019-10-06 03:42:05');
INSERT INTO `postcards` (`id`, `card_status`, `metadata`, `sender`, `receiver`, `sent_at`, `received_at`) VALUES (168, 1, NULL, 5, 3, '1995-02-21 00:51:37', '2002-05-04 21:19:43');
INSERT INTO `postcards` (`id`, `card_status`, `metadata`, `sender`, `receiver`, `sent_at`, `received_at`) VALUES (169, 1, NULL, 7, 5, '1995-07-26 11:31:00', '1971-07-06 21:42:44');
INSERT INTO `postcards` (`id`, `card_status`, `metadata`, `sender`, `receiver`, `sent_at`, `received_at`) VALUES (170, 1, NULL, 7, 1, '1998-06-04 18:47:43', '1978-06-21 19:28:38');
INSERT INTO `postcards` (`id`, `card_status`, `metadata`, `sender`, `receiver`, `sent_at`, `received_at`) VALUES (171, 3, NULL, 7, 7, '1988-03-31 10:19:05', '1977-09-15 12:52:56');
INSERT INTO `postcards` (`id`, `card_status`, `metadata`, `sender`, `receiver`, `sent_at`, `received_at`) VALUES (172, 3, NULL, 5, 8, '2009-02-01 05:27:01', '2019-02-14 23:21:18');
INSERT INTO `postcards` (`id`, `card_status`, `metadata`, `sender`, `receiver`, `sent_at`, `received_at`) VALUES (173, 2, NULL, 6, 9, '1990-12-11 04:59:06', '1995-08-21 08:47:32');
INSERT INTO `postcards` (`id`, `card_status`, `metadata`, `sender`, `receiver`, `sent_at`, `received_at`) VALUES (174, 3, NULL, 8, 4, '1988-11-20 13:34:49', '1983-01-27 17:24:17');
INSERT INTO `postcards` (`id`, `card_status`, `metadata`, `sender`, `receiver`, `sent_at`, `received_at`) VALUES (175, 2, NULL, 3, 4, '1975-08-13 15:15:14', '2001-03-12 19:56:05');
INSERT INTO `postcards` (`id`, `card_status`, `metadata`, `sender`, `receiver`, `sent_at`, `received_at`) VALUES (176, 2, NULL, 8, 6, '1971-01-17 02:22:22', '1985-06-26 14:28:47');
INSERT INTO `postcards` (`id`, `card_status`, `metadata`, `sender`, `receiver`, `sent_at`, `received_at`) VALUES (177, 2, NULL, 9, 5, '2003-01-12 23:15:30', '1998-03-17 13:32:18');
INSERT INTO `postcards` (`id`, `card_status`, `metadata`, `sender`, `receiver`, `sent_at`, `received_at`) VALUES (178, 2, NULL, 8, 8, '2001-02-07 02:51:29', '1986-12-25 10:35:07');
INSERT INTO `postcards` (`id`, `card_status`, `metadata`, `sender`, `receiver`, `sent_at`, `received_at`) VALUES (179, 2, NULL, 2, 5, '1975-02-06 07:36:56', '1976-07-05 23:50:01');
INSERT INTO `postcards` (`id`, `card_status`, `metadata`, `sender`, `receiver`, `sent_at`, `received_at`) VALUES (180, 2, NULL, 3, 5, '1996-08-26 22:19:35', '2001-03-12 16:32:56');
INSERT INTO `postcards` (`id`, `card_status`, `metadata`, `sender`, `receiver`, `sent_at`, `received_at`) VALUES (181, 2, NULL, 7, 6, '1977-06-22 18:15:19', '2003-06-06 02:08:52');
INSERT INTO `postcards` (`id`, `card_status`, `metadata`, `sender`, `receiver`, `sent_at`, `received_at`) VALUES (182, 2, NULL, 7, 3, '1989-05-30 04:15:49', '2010-04-14 19:24:32');
INSERT INTO `postcards` (`id`, `card_status`, `metadata`, `sender`, `receiver`, `sent_at`, `received_at`) VALUES (183, 2, NULL, 3, 9, '1979-09-28 20:32:23', '2011-03-22 02:56:32');
INSERT INTO `postcards` (`id`, `card_status`, `metadata`, `sender`, `receiver`, `sent_at`, `received_at`) VALUES (184, 1, NULL, 7, 2, '1980-08-25 11:53:24', '2000-11-19 01:06:57');
INSERT INTO `postcards` (`id`, `card_status`, `metadata`, `sender`, `receiver`, `sent_at`, `received_at`) VALUES (185, 2, NULL, 6, 7, '1997-06-12 19:01:14', '2012-07-05 23:26:37');
INSERT INTO `postcards` (`id`, `card_status`, `metadata`, `sender`, `receiver`, `sent_at`, `received_at`) VALUES (186, 2, NULL, 3, 1, '1980-11-07 16:57:53', '1970-07-01 04:37:01');
INSERT INTO `postcards` (`id`, `card_status`, `metadata`, `sender`, `receiver`, `sent_at`, `received_at`) VALUES (187, 2, NULL, 4, 3, '1999-12-13 03:25:31', '1976-08-01 07:32:20');
INSERT INTO `postcards` (`id`, `card_status`, `metadata`, `sender`, `receiver`, `sent_at`, `received_at`) VALUES (188, 3, NULL, 4, 6, '1999-06-08 03:28:22', '1981-09-24 15:55:15');
INSERT INTO `postcards` (`id`, `card_status`, `metadata`, `sender`, `receiver`, `sent_at`, `received_at`) VALUES (189, 2, NULL, 5, 4, '1999-02-26 08:08:16', '1973-03-20 08:38:52');
INSERT INTO `postcards` (`id`, `card_status`, `metadata`, `sender`, `receiver`, `sent_at`, `received_at`) VALUES (190, 2, NULL, 5, 1, '2004-03-15 12:08:07', '2000-12-04 14:18:49');
INSERT INTO `postcards` (`id`, `card_status`, `metadata`, `sender`, `receiver`, `sent_at`, `received_at`) VALUES (191, 2, NULL, 4, 3, '1970-08-01 20:57:59', '2008-08-06 17:31:33');
INSERT INTO `postcards` (`id`, `card_status`, `metadata`, `sender`, `receiver`, `sent_at`, `received_at`) VALUES (192, 1, NULL, 7, 4, '1996-05-22 00:49:39', '1974-04-26 00:26:27');
INSERT INTO `postcards` (`id`, `card_status`, `metadata`, `sender`, `receiver`, `sent_at`, `received_at`) VALUES (193, 2, NULL, 2, 1, '2017-02-25 21:34:04', '1972-02-14 06:29:44');
INSERT INTO `postcards` (`id`, `card_status`, `metadata`, `sender`, `receiver`, `sent_at`, `received_at`) VALUES (194, 2, NULL, 7, 1, '2011-02-07 09:18:47', '1984-09-24 15:59:34');
INSERT INTO `postcards` (`id`, `card_status`, `metadata`, `sender`, `receiver`, `sent_at`, `received_at`) VALUES (195, 2, NULL, 8, 4, '1985-11-16 18:09:42', '2003-06-24 03:16:46');
INSERT INTO `postcards` (`id`, `card_status`, `metadata`, `sender`, `receiver`, `sent_at`, `received_at`) VALUES (196, 2, NULL, 9, 8, '1982-09-13 18:43:34', '1992-12-19 10:19:15');
INSERT INTO `postcards` (`id`, `card_status`, `metadata`, `sender`, `receiver`, `sent_at`, `received_at`) VALUES (197, 1, NULL, 4, 4, '1994-09-09 05:03:32', '1971-12-28 23:43:34');
INSERT INTO `postcards` (`id`, `card_status`, `metadata`, `sender`, `receiver`, `sent_at`, `received_at`) VALUES (198, 1, NULL, 4, 4, '1971-04-21 08:32:52', '1995-04-09 22:27:18');
INSERT INTO `postcards` (`id`, `card_status`, `metadata`, `sender`, `receiver`, `sent_at`, `received_at`) VALUES (199, 3, NULL, 9, 4, '1976-08-09 20:32:40', '2015-04-21 20:11:47');
INSERT INTO `postcards` (`id`, `card_status`, `metadata`, `sender`, `receiver`, `sent_at`, `received_at`) VALUES (200, 1, NULL, 3, 3, '1997-12-20 06:57:58', '2019-12-30 20:06:20');
INSERT INTO `postcards` (`id`, `card_status`, `metadata`, `sender`, `receiver`, `sent_at`, `received_at`) VALUES (201, 1, NULL, 9, 9, '1974-05-06 06:57:13', '1985-08-08 20:05:31');
INSERT INTO `postcards` (`id`, `card_status`, `metadata`, `sender`, `receiver`, `sent_at`, `received_at`) VALUES (202, 3, NULL, 4, 1, '2014-05-27 10:01:36', '2010-02-22 20:28:57');
INSERT INTO `postcards` (`id`, `card_status`, `metadata`, `sender`, `receiver`, `sent_at`, `received_at`) VALUES (203, 1, NULL, 7, 3, '2017-10-23 01:35:58', '1998-08-15 01:31:51');
INSERT INTO `postcards` (`id`, `card_status`, `metadata`, `sender`, `receiver`, `sent_at`, `received_at`) VALUES (204, 2, NULL, 2, 8, '1970-07-22 12:07:43', '2018-12-06 05:54:39');
INSERT INTO `postcards` (`id`, `card_status`, `metadata`, `sender`, `receiver`, `sent_at`, `received_at`) VALUES (205, 1, NULL, 4, 1, '1993-10-31 08:33:15', '1971-03-27 07:07:06');
INSERT INTO `postcards` (`id`, `card_status`, `metadata`, `sender`, `receiver`, `sent_at`, `received_at`) VALUES (206, 1, NULL, 1, 2, '1982-09-30 12:38:32', '2015-11-06 12:00:12');
INSERT INTO `postcards` (`id`, `card_status`, `metadata`, `sender`, `receiver`, `sent_at`, `received_at`) VALUES (207, 1, NULL, 9, 1, '1995-05-15 23:22:25', '2004-06-27 17:24:20');
INSERT INTO `postcards` (`id`, `card_status`, `metadata`, `sender`, `receiver`, `sent_at`, `received_at`) VALUES (208, 1, NULL, 6, 3, '1979-06-09 00:41:39', '2015-07-02 23:58:34');
INSERT INTO `postcards` (`id`, `card_status`, `metadata`, `sender`, `receiver`, `sent_at`, `received_at`) VALUES (209, 1, NULL, 6, 8, '2003-06-01 03:10:29', '1983-12-28 22:41:52');
INSERT INTO `postcards` (`id`, `card_status`, `metadata`, `sender`, `receiver`, `sent_at`, `received_at`) VALUES (210, 3, NULL, 6, 5, '1988-09-15 00:27:35', '2011-07-18 06:26:29');
INSERT INTO `postcards` (`id`, `card_status`, `metadata`, `sender`, `receiver`, `sent_at`, `received_at`) VALUES (211, 1, NULL, 5, 3, '1983-01-02 00:38:00', '1980-11-11 00:52:34');
INSERT INTO `postcards` (`id`, `card_status`, `metadata`, `sender`, `receiver`, `sent_at`, `received_at`) VALUES (212, 1, NULL, 6, 6, '1983-07-11 16:36:04', '1972-07-21 14:45:14');
INSERT INTO `postcards` (`id`, `card_status`, `metadata`, `sender`, `receiver`, `sent_at`, `received_at`) VALUES (213, 1, NULL, 2, 5, '1981-03-16 22:32:22', '1983-06-01 18:15:54');
INSERT INTO `postcards` (`id`, `card_status`, `metadata`, `sender`, `receiver`, `sent_at`, `received_at`) VALUES (214, 1, NULL, 8, 4, '1994-03-10 11:57:04', '1983-11-05 05:04:54');
INSERT INTO `postcards` (`id`, `card_status`, `metadata`, `sender`, `receiver`, `sent_at`, `received_at`) VALUES (215, 1, NULL, 4, 9, '2011-05-14 19:18:57', '2010-07-14 02:17:09');
INSERT INTO `postcards` (`id`, `card_status`, `metadata`, `sender`, `receiver`, `sent_at`, `received_at`) VALUES (216, 1, NULL, 8, 1, '1984-07-18 10:24:30', '1991-09-17 23:50:33');
INSERT INTO `postcards` (`id`, `card_status`, `metadata`, `sender`, `receiver`, `sent_at`, `received_at`) VALUES (217, 3, NULL, 2, 8, '1983-08-27 00:18:28', '2002-02-24 12:26:46');
INSERT INTO `postcards` (`id`, `card_status`, `metadata`, `sender`, `receiver`, `sent_at`, `received_at`) VALUES (218, 1, NULL, 9, 2, '1993-08-27 16:11:16', '1996-01-18 12:13:26');
INSERT INTO `postcards` (`id`, `card_status`, `metadata`, `sender`, `receiver`, `sent_at`, `received_at`) VALUES (219, 1, NULL, 5, 2, '2018-09-08 03:18:59', '2000-07-02 02:22:50');
INSERT INTO `postcards` (`id`, `card_status`, `metadata`, `sender`, `receiver`, `sent_at`, `received_at`) VALUES (220, 1, NULL, 7, 8, '2019-08-12 00:31:42', '1980-06-07 07:35:12');
INSERT INTO `postcards` (`id`, `card_status`, `metadata`, `sender`, `receiver`, `sent_at`, `received_at`) VALUES (221, 3, NULL, 3, 1, '1973-12-04 02:10:08', '1997-08-21 05:26:28');
INSERT INTO `postcards` (`id`, `card_status`, `metadata`, `sender`, `receiver`, `sent_at`, `received_at`) VALUES (222, 2, NULL, 7, 2, '2004-11-04 23:27:07', '2002-12-10 13:56:47');
INSERT INTO `postcards` (`id`, `card_status`, `metadata`, `sender`, `receiver`, `sent_at`, `received_at`) VALUES (223, 2, NULL, 8, 4, '1972-01-13 11:48:55', '1981-05-31 13:39:29');
INSERT INTO `postcards` (`id`, `card_status`, `metadata`, `sender`, `receiver`, `sent_at`, `received_at`) VALUES (224, 2, NULL, 4, 6, '1984-12-16 18:07:57', '2004-11-30 15:00:53');
INSERT INTO `postcards` (`id`, `card_status`, `metadata`, `sender`, `receiver`, `sent_at`, `received_at`) VALUES (225, 2, NULL, 9, 4, '2020-04-01 14:36:38', '1999-01-25 23:16:11');
INSERT INTO `postcards` (`id`, `card_status`, `metadata`, `sender`, `receiver`, `sent_at`, `received_at`) VALUES (226, 3, NULL, 1, 1, '1990-03-23 08:34:39', '2003-03-27 12:38:53');
INSERT INTO `postcards` (`id`, `card_status`, `metadata`, `sender`, `receiver`, `sent_at`, `received_at`) VALUES (227, 3, NULL, 2, 8, '1990-10-13 03:57:20', '2005-05-27 00:53:47');
INSERT INTO `postcards` (`id`, `card_status`, `metadata`, `sender`, `receiver`, `sent_at`, `received_at`) VALUES (228, 2, NULL, 4, 9, '1997-03-17 06:49:39', '1985-10-21 08:58:45');
INSERT INTO `postcards` (`id`, `card_status`, `metadata`, `sender`, `receiver`, `sent_at`, `received_at`) VALUES (229, 2, NULL, 3, 8, '1983-07-01 18:07:57', '1975-01-25 08:05:07');
INSERT INTO `postcards` (`id`, `card_status`, `metadata`, `sender`, `receiver`, `sent_at`, `received_at`) VALUES (230, 3, NULL, 8, 2, '1983-07-26 09:25:06', '2015-10-06 07:29:13');
INSERT INTO `postcards` (`id`, `card_status`, `metadata`, `sender`, `receiver`, `sent_at`, `received_at`) VALUES (231, 2, NULL, 1, 1, '1990-06-23 13:41:19', '1988-06-23 10:30:34');
INSERT INTO `postcards` (`id`, `card_status`, `metadata`, `sender`, `receiver`, `sent_at`, `received_at`) VALUES (232, 2, NULL, 7, 4, '2004-04-03 13:10:08', '1979-01-14 06:17:24');
INSERT INTO `postcards` (`id`, `card_status`, `metadata`, `sender`, `receiver`, `sent_at`, `received_at`) VALUES (233, 2, NULL, 4, 8, '2013-01-23 04:04:41', '1998-11-30 04:32:26');
INSERT INTO `postcards` (`id`, `card_status`, `metadata`, `sender`, `receiver`, `sent_at`, `received_at`) VALUES (234, 1, NULL, 8, 1, '1995-03-07 19:43:06', '1973-01-28 16:01:18');
INSERT INTO `postcards` (`id`, `card_status`, `metadata`, `sender`, `receiver`, `sent_at`, `received_at`) VALUES (235, 2, NULL, 9, 6, '1993-10-06 08:53:59', '1988-02-08 10:46:27');
INSERT INTO `postcards` (`id`, `card_status`, `metadata`, `sender`, `receiver`, `sent_at`, `received_at`) VALUES (236, 2, NULL, 4, 4, '2019-09-18 16:36:36', '2010-11-19 23:54:53');
INSERT INTO `postcards` (`id`, `card_status`, `metadata`, `sender`, `receiver`, `sent_at`, `received_at`) VALUES (237, 3, NULL, 1, 6, '1987-02-12 03:16:27', '2010-06-21 05:37:10');
INSERT INTO `postcards` (`id`, `card_status`, `metadata`, `sender`, `receiver`, `sent_at`, `received_at`) VALUES (238, 2, NULL, 5, 7, '1975-04-13 18:02:30', '1976-03-28 01:20:16');
INSERT INTO `postcards` (`id`, `card_status`, `metadata`, `sender`, `receiver`, `sent_at`, `received_at`) VALUES (239, 2, NULL, 9, 7, '2019-02-19 10:11:47', '1976-03-09 19:18:41');
INSERT INTO `postcards` (`id`, `card_status`, `metadata`, `sender`, `receiver`, `sent_at`, `received_at`) VALUES (240, 3, NULL, 2, 2, '2002-03-16 12:53:46', '2006-08-24 16:30:15');
INSERT INTO `postcards` (`id`, `card_status`, `metadata`, `sender`, `receiver`, `sent_at`, `received_at`) VALUES (241, 2, NULL, 9, 1, '1984-04-12 22:18:35', '1978-07-30 01:02:25');
INSERT INTO `postcards` (`id`, `card_status`, `metadata`, `sender`, `receiver`, `sent_at`, `received_at`) VALUES (242, 2, NULL, 4, 1, '2004-12-31 10:50:58', '2013-11-18 02:28:21');
INSERT INTO `postcards` (`id`, `card_status`, `metadata`, `sender`, `receiver`, `sent_at`, `received_at`) VALUES (243, 2, NULL, 4, 7, '1972-01-25 04:17:58', '2002-03-13 15:05:48');
INSERT INTO `postcards` (`id`, `card_status`, `metadata`, `sender`, `receiver`, `sent_at`, `received_at`) VALUES (244, 2, NULL, 7, 9, '2004-10-05 09:48:48', '2002-09-30 15:09:39');
INSERT INTO `postcards` (`id`, `card_status`, `metadata`, `sender`, `receiver`, `sent_at`, `received_at`) VALUES (245, 2, NULL, 6, 7, '1971-03-13 04:37:16', '2007-05-01 02:37:30');
INSERT INTO `postcards` (`id`, `card_status`, `metadata`, `sender`, `receiver`, `sent_at`, `received_at`) VALUES (246, 2, NULL, 9, 2, '1986-05-09 03:57:24', '1994-06-14 17:30:01');
INSERT INTO `postcards` (`id`, `card_status`, `metadata`, `sender`, `receiver`, `sent_at`, `received_at`) VALUES (247, 2, NULL, 4, 4, '1983-07-28 12:06:45', '2011-06-03 06:58:33');
INSERT INTO `postcards` (`id`, `card_status`, `metadata`, `sender`, `receiver`, `sent_at`, `received_at`) VALUES (248, 3, NULL, 3, 6, '1985-07-30 18:49:15', '2014-04-22 04:12:40');
INSERT INTO `postcards` (`id`, `card_status`, `metadata`, `sender`, `receiver`, `sent_at`, `received_at`) VALUES (249, 2, NULL, 8, 2, '1992-01-12 22:31:53', '1990-12-22 14:28:05');
INSERT INTO `postcards` (`id`, `card_status`, `metadata`, `sender`, `receiver`, `sent_at`, `received_at`) VALUES (250, 2, NULL, 3, 6, '1989-09-24 22:07:12', '1975-02-27 06:38:48');
INSERT INTO `postcards` (`id`, `card_status`, `metadata`, `sender`, `receiver`, `sent_at`, `received_at`) VALUES (251, 2, NULL, 4, 7, '2012-12-21 11:32:00', '2012-12-19 16:41:36');
INSERT INTO `postcards` (`id`, `card_status`, `metadata`, `sender`, `receiver`, `sent_at`, `received_at`) VALUES (252, 2, NULL, 2, 5, '1974-03-11 12:00:08', '1990-09-07 20:30:44');
INSERT INTO `postcards` (`id`, `card_status`, `metadata`, `sender`, `receiver`, `sent_at`, `received_at`) VALUES (253, 1, NULL, 2, 3, '1974-02-06 08:59:29', '1980-07-17 03:54:09');
INSERT INTO `postcards` (`id`, `card_status`, `metadata`, `sender`, `receiver`, `sent_at`, `received_at`) VALUES (254, 1, NULL, 7, 7, '2007-03-09 19:35:27', '1982-04-24 08:05:57');
INSERT INTO `postcards` (`id`, `card_status`, `metadata`, `sender`, `receiver`, `sent_at`, `received_at`) VALUES (255, 2, NULL, 4, 1, '2005-01-23 15:47:05', '1972-10-12 21:34:47');
INSERT INTO `postcards` (`id`, `card_status`, `metadata`, `sender`, `receiver`, `sent_at`, `received_at`) VALUES (256, 1, NULL, 1, 5, '2009-09-14 21:48:27', '1999-02-18 20:01:01');
INSERT INTO `postcards` (`id`, `card_status`, `metadata`, `sender`, `receiver`, `sent_at`, `received_at`) VALUES (257, 2, NULL, 5, 9, '2006-09-08 23:03:02', '2018-10-28 17:47:01');
INSERT INTO `postcards` (`id`, `card_status`, `metadata`, `sender`, `receiver`, `sent_at`, `received_at`) VALUES (258, 2, NULL, 8, 2, '1988-09-26 05:01:00', '2003-08-07 22:21:55');
INSERT INTO `postcards` (`id`, `card_status`, `metadata`, `sender`, `receiver`, `sent_at`, `received_at`) VALUES (259, 1, NULL, 3, 2, '2014-08-25 04:08:39', '2014-03-25 11:49:00');
INSERT INTO `postcards` (`id`, `card_status`, `metadata`, `sender`, `receiver`, `sent_at`, `received_at`) VALUES (260, 3, NULL, 4, 4, '1997-05-28 21:29:52', '1988-09-02 01:44:35');
INSERT INTO `postcards` (`id`, `card_status`, `metadata`, `sender`, `receiver`, `sent_at`, `received_at`) VALUES (261, 3, NULL, 9, 7, '2001-02-10 18:06:04', '1984-09-06 10:18:25');
INSERT INTO `postcards` (`id`, `card_status`, `metadata`, `sender`, `receiver`, `sent_at`, `received_at`) VALUES (262, 3, NULL, 9, 2, '2014-07-22 09:49:19', '1985-10-22 11:12:07');
INSERT INTO `postcards` (`id`, `card_status`, `metadata`, `sender`, `receiver`, `sent_at`, `received_at`) VALUES (263, 3, NULL, 9, 5, '2002-03-04 14:47:13', '1987-08-21 23:28:28');
INSERT INTO `postcards` (`id`, `card_status`, `metadata`, `sender`, `receiver`, `sent_at`, `received_at`) VALUES (264, 3, NULL, 8, 1, '2005-08-03 07:34:06', '1971-07-20 09:21:18');
INSERT INTO `postcards` (`id`, `card_status`, `metadata`, `sender`, `receiver`, `sent_at`, `received_at`) VALUES (265, 1, NULL, 4, 8, '1988-05-13 01:11:03', '1986-07-08 00:38:36');
INSERT INTO `postcards` (`id`, `card_status`, `metadata`, `sender`, `receiver`, `sent_at`, `received_at`) VALUES (266, 3, NULL, 7, 1, '2015-07-02 08:52:20', '1975-10-30 06:27:04');
INSERT INTO `postcards` (`id`, `card_status`, `metadata`, `sender`, `receiver`, `sent_at`, `received_at`) VALUES (267, 3, NULL, 4, 2, '1995-02-02 12:21:18', '1976-01-19 11:49:29');
INSERT INTO `postcards` (`id`, `card_status`, `metadata`, `sender`, `receiver`, `sent_at`, `received_at`) VALUES (268, 3, NULL, 8, 8, '1981-12-13 20:08:41', '1993-04-09 22:40:19');
INSERT INTO `postcards` (`id`, `card_status`, `metadata`, `sender`, `receiver`, `sent_at`, `received_at`) VALUES (269, 3, NULL, 2, 1, '2001-11-18 13:48:38', '1985-03-18 02:21:21');
INSERT INTO `postcards` (`id`, `card_status`, `metadata`, `sender`, `receiver`, `sent_at`, `received_at`) VALUES (270, 3, NULL, 3, 8, '1988-05-01 05:54:44', '2020-12-07 03:41:02');
INSERT INTO `postcards` (`id`, `card_status`, `metadata`, `sender`, `receiver`, `sent_at`, `received_at`) VALUES (271, 3, NULL, 5, 8, '1987-03-24 18:05:32', '1986-07-05 10:58:11');
INSERT INTO `postcards` (`id`, `card_status`, `metadata`, `sender`, `receiver`, `sent_at`, `received_at`) VALUES (272, 2, NULL, 3, 7, '2015-05-26 23:04:37', '1987-05-18 03:39:18');
INSERT INTO `postcards` (`id`, `card_status`, `metadata`, `sender`, `receiver`, `sent_at`, `received_at`) VALUES (273, 2, NULL, 5, 9, '1979-10-02 07:03:17', '1979-06-14 16:44:18');
INSERT INTO `postcards` (`id`, `card_status`, `metadata`, `sender`, `receiver`, `sent_at`, `received_at`) VALUES (274, 2, NULL, 1, 9, '1981-05-25 04:13:17', '2003-03-24 22:37:18');
INSERT INTO `postcards` (`id`, `card_status`, `metadata`, `sender`, `receiver`, `sent_at`, `received_at`) VALUES (275, 2, NULL, 5, 1, '2014-08-19 07:18:55', '1996-12-15 04:58:29');
INSERT INTO `postcards` (`id`, `card_status`, `metadata`, `sender`, `receiver`, `sent_at`, `received_at`) VALUES (276, 2, NULL, 4, 5, '1983-09-11 01:01:02', '2013-05-11 18:21:00');
INSERT INTO `postcards` (`id`, `card_status`, `metadata`, `sender`, `receiver`, `sent_at`, `received_at`) VALUES (277, 2, NULL, 4, 3, '1985-07-22 13:54:52', '1991-06-16 11:52:57');
INSERT INTO `postcards` (`id`, `card_status`, `metadata`, `sender`, `receiver`, `sent_at`, `received_at`) VALUES (278, 3, NULL, 1, 2, '1990-09-08 03:04:31', '2015-11-23 15:54:31');
INSERT INTO `postcards` (`id`, `card_status`, `metadata`, `sender`, `receiver`, `sent_at`, `received_at`) VALUES (279, 2, NULL, 4, 6, '1980-10-09 23:39:12', '2005-06-26 15:54:47');
INSERT INTO `postcards` (`id`, `card_status`, `metadata`, `sender`, `receiver`, `sent_at`, `received_at`) VALUES (280, 2, NULL, 7, 2, '2014-05-03 15:10:41', '1981-03-22 20:25:17');
INSERT INTO `postcards` (`id`, `card_status`, `metadata`, `sender`, `receiver`, `sent_at`, `received_at`) VALUES (281, 2, NULL, 6, 9, '1988-03-11 15:20:46', '2007-09-19 07:40:53');
INSERT INTO `postcards` (`id`, `card_status`, `metadata`, `sender`, `receiver`, `sent_at`, `received_at`) VALUES (282, 3, NULL, 9, 1, '2000-01-21 03:17:15', '2015-06-18 06:56:43');
INSERT INTO `postcards` (`id`, `card_status`, `metadata`, `sender`, `receiver`, `sent_at`, `received_at`) VALUES (283, 2, NULL, 4, 9, '1987-03-18 05:54:22', '1996-07-27 03:27:27');
INSERT INTO `postcards` (`id`, `card_status`, `metadata`, `sender`, `receiver`, `sent_at`, `received_at`) VALUES (284, 1, NULL, 3, 3, '1993-09-26 22:13:34', '2020-10-07 09:24:44');
INSERT INTO `postcards` (`id`, `card_status`, `metadata`, `sender`, `receiver`, `sent_at`, `received_at`) VALUES (285, 1, NULL, 9, 8, '1978-04-04 01:52:20', '1988-06-14 17:03:46');
INSERT INTO `postcards` (`id`, `card_status`, `metadata`, `sender`, `receiver`, `sent_at`, `received_at`) VALUES (286, 1, NULL, 1, 4, '1989-02-16 10:41:06', '2001-11-24 03:56:46');
INSERT INTO `postcards` (`id`, `card_status`, `metadata`, `sender`, `receiver`, `sent_at`, `received_at`) VALUES (287, 1, NULL, 4, 5, '1992-02-21 19:52:11', '1998-10-18 16:36:59');
INSERT INTO `postcards` (`id`, `card_status`, `metadata`, `sender`, `receiver`, `sent_at`, `received_at`) VALUES (288, 1, NULL, 4, 4, '2017-02-09 23:36:48', '1990-12-12 05:13:54');
INSERT INTO `postcards` (`id`, `card_status`, `metadata`, `sender`, `receiver`, `sent_at`, `received_at`) VALUES (289, 2, NULL, 6, 7, '1993-03-19 03:21:27', '1982-02-21 10:19:07');
INSERT INTO `postcards` (`id`, `card_status`, `metadata`, `sender`, `receiver`, `sent_at`, `received_at`) VALUES (290, 1, NULL, 4, 2, '2007-09-12 08:46:03', '1999-06-25 12:45:49');
INSERT INTO `postcards` (`id`, `card_status`, `metadata`, `sender`, `receiver`, `sent_at`, `received_at`) VALUES (291, 3, NULL, 8, 6, '1997-04-12 19:37:40', '1987-09-23 22:20:27');
INSERT INTO `postcards` (`id`, `card_status`, `metadata`, `sender`, `receiver`, `sent_at`, `received_at`) VALUES (292, 2, NULL, 7, 1, '2019-04-16 03:11:48', '1980-03-17 08:37:10');
INSERT INTO `postcards` (`id`, `card_status`, `metadata`, `sender`, `receiver`, `sent_at`, `received_at`) VALUES (293, 2, NULL, 4, 4, '2000-09-22 20:22:03', '2002-11-07 19:34:59');
INSERT INTO `postcards` (`id`, `card_status`, `metadata`, `sender`, `receiver`, `sent_at`, `received_at`) VALUES (294, 3, NULL, 3, 2, '2002-03-31 23:32:54', '2002-06-18 12:59:48');
INSERT INTO `postcards` (`id`, `card_status`, `metadata`, `sender`, `receiver`, `sent_at`, `received_at`) VALUES (295, 1, NULL, 5, 5, '1979-05-11 22:12:42', '1981-01-07 07:40:41');
INSERT INTO `postcards` (`id`, `card_status`, `metadata`, `sender`, `receiver`, `sent_at`, `received_at`) VALUES (296, 3, NULL, 6, 1, '2011-07-11 21:22:52', '1982-05-14 04:32:03');
INSERT INTO `postcards` (`id`, `card_status`, `metadata`, `sender`, `receiver`, `sent_at`, `received_at`) VALUES (297, 1, NULL, 6, 8, '2001-07-28 01:32:49', '1993-01-06 04:39:59');
INSERT INTO `postcards` (`id`, `card_status`, `metadata`, `sender`, `receiver`, `sent_at`, `received_at`) VALUES (298, 1, NULL, 7, 4, '1981-04-27 22:21:24', '2009-11-21 07:49:46');
INSERT INTO `postcards` (`id`, `card_status`, `metadata`, `sender`, `receiver`, `sent_at`, `received_at`) VALUES (299, 1, NULL, 4, 2, '2008-12-02 23:17:37', '1972-02-02 17:08:54');
INSERT INTO `postcards` (`id`, `card_status`, `metadata`, `sender`, `receiver`, `sent_at`, `received_at`) VALUES (300, 1, NULL, 8, 8, '1974-03-20 01:03:45', '1993-12-02 04:08:39');
INSERT INTO `postcards` (`id`, `card_status`, `metadata`, `sender`, `receiver`, `sent_at`, `received_at`) VALUES (301, 1, NULL, 9, 6, '1992-11-09 22:04:21', '2017-08-20 14:43:30');
INSERT INTO `postcards` (`id`, `card_status`, `metadata`, `sender`, `receiver`, `sent_at`, `received_at`) VALUES (302, 1, NULL, 1, 1, '1974-05-29 14:52:33', '1995-04-13 17:51:28');
INSERT INTO `postcards` (`id`, `card_status`, `metadata`, `sender`, `receiver`, `sent_at`, `received_at`) VALUES (303, 2, NULL, 6, 5, '2018-12-13 19:53:53', '1981-10-01 12:06:26');
INSERT INTO `postcards` (`id`, `card_status`, `metadata`, `sender`, `receiver`, `sent_at`, `received_at`) VALUES (304, 2, NULL, 1, 5, '2016-11-06 20:48:49', '1973-11-03 00:15:10');
INSERT INTO `postcards` (`id`, `card_status`, `metadata`, `sender`, `receiver`, `sent_at`, `received_at`) VALUES (305, 1, NULL, 9, 4, '1983-01-21 11:56:32', '1991-12-26 22:10:04');
INSERT INTO `postcards` (`id`, `card_status`, `metadata`, `sender`, `receiver`, `sent_at`, `received_at`) VALUES (306, 1, NULL, 4, 9, '2014-12-08 18:43:36', '2007-08-09 19:35:34');
INSERT INTO `postcards` (`id`, `card_status`, `metadata`, `sender`, `receiver`, `sent_at`, `received_at`) VALUES (307, 1, NULL, 9, 4, '1983-12-16 06:01:47', '1999-12-05 10:34:52');
INSERT INTO `postcards` (`id`, `card_status`, `metadata`, `sender`, `receiver`, `sent_at`, `received_at`) VALUES (308, 1, NULL, 4, 8, '2004-05-31 04:21:35', '2015-07-06 00:12:26');
INSERT INTO `postcards` (`id`, `card_status`, `metadata`, `sender`, `receiver`, `sent_at`, `received_at`) VALUES (309, 1, NULL, 3, 1, '1987-08-12 01:32:24', '1981-01-16 21:14:26');
INSERT INTO `postcards` (`id`, `card_status`, `metadata`, `sender`, `receiver`, `sent_at`, `received_at`) VALUES (310, 3, NULL, 4, 4, '2006-11-02 17:21:27', '1991-08-19 00:43:29');
INSERT INTO `postcards` (`id`, `card_status`, `metadata`, `sender`, `receiver`, `sent_at`, `received_at`) VALUES (311, 1, NULL, 4, 6, '1989-09-05 17:26:16', '1970-05-05 09:30:22');
INSERT INTO `postcards` (`id`, `card_status`, `metadata`, `sender`, `receiver`, `sent_at`, `received_at`) VALUES (312, 1, NULL, 5, 9, '2009-08-11 11:31:22', '1991-04-19 21:51:11');
INSERT INTO `postcards` (`id`, `card_status`, `metadata`, `sender`, `receiver`, `sent_at`, `received_at`) VALUES (313, 1, NULL, 9, 1, '2010-04-29 01:02:49', '2013-03-08 18:44:10');
INSERT INTO `postcards` (`id`, `card_status`, `metadata`, `sender`, `receiver`, `sent_at`, `received_at`) VALUES (314, 1, NULL, 5, 6, '1993-05-15 05:44:59', '2014-04-02 03:10:44');
INSERT INTO `postcards` (`id`, `card_status`, `metadata`, `sender`, `receiver`, `sent_at`, `received_at`) VALUES (315, 1, NULL, 1, 9, '1991-11-08 05:32:42', '2001-04-09 22:00:23');
INSERT INTO `postcards` (`id`, `card_status`, `metadata`, `sender`, `receiver`, `sent_at`, `received_at`) VALUES (316, 2, NULL, 1, 6, '1989-02-18 00:00:43', '2003-09-03 23:30:00');
INSERT INTO `postcards` (`id`, `card_status`, `metadata`, `sender`, `receiver`, `sent_at`, `received_at`) VALUES (317, 1, NULL, 6, 1, '1980-01-24 13:51:12', '1985-08-06 10:19:49');
INSERT INTO `postcards` (`id`, `card_status`, `metadata`, `sender`, `receiver`, `sent_at`, `received_at`) VALUES (318, 3, NULL, 4, 8, '1976-10-17 13:55:35', '1992-07-27 01:26:52');
INSERT INTO `postcards` (`id`, `card_status`, `metadata`, `sender`, `receiver`, `sent_at`, `received_at`) VALUES (319, 2, NULL, 5, 6, '2017-04-24 09:53:02', '1976-06-13 10:44:49');
INSERT INTO `postcards` (`id`, `card_status`, `metadata`, `sender`, `receiver`, `sent_at`, `received_at`) VALUES (320, 2, NULL, 5, 8, '1993-02-06 03:08:11', '2015-07-27 03:34:11');
INSERT INTO `postcards` (`id`, `card_status`, `metadata`, `sender`, `receiver`, `sent_at`, `received_at`) VALUES (321, 1, NULL, 1, 9, '1983-11-25 20:08:24', '1992-01-14 14:17:21');
INSERT INTO `postcards` (`id`, `card_status`, `metadata`, `sender`, `receiver`, `sent_at`, `received_at`) VALUES (322, 2, NULL, 4, 6, '1987-01-06 02:30:28', '1981-01-30 11:49:16');
INSERT INTO `postcards` (`id`, `card_status`, `metadata`, `sender`, `receiver`, `sent_at`, `received_at`) VALUES (323, 1, NULL, 3, 1, '1975-01-15 11:14:33', '1977-03-30 02:53:06');
INSERT INTO `postcards` (`id`, `card_status`, `metadata`, `sender`, `receiver`, `sent_at`, `received_at`) VALUES (324, 2, NULL, 7, 4, '2017-08-30 22:37:27', '1975-04-10 09:14:59');
INSERT INTO `postcards` (`id`, `card_status`, `metadata`, `sender`, `receiver`, `sent_at`, `received_at`) VALUES (325, 2, NULL, 4, 8, '1994-02-22 11:09:41', '1982-08-02 04:16:46');
INSERT INTO `postcards` (`id`, `card_status`, `metadata`, `sender`, `receiver`, `sent_at`, `received_at`) VALUES (326, 3, NULL, 8, 6, '1998-04-23 11:02:20', '2000-02-25 02:27:21');
INSERT INTO `postcards` (`id`, `card_status`, `metadata`, `sender`, `receiver`, `sent_at`, `received_at`) VALUES (327, 2, NULL, 9, 5, '2018-05-02 22:39:42', '2017-01-22 11:10:21');
INSERT INTO `postcards` (`id`, `card_status`, `metadata`, `sender`, `receiver`, `sent_at`, `received_at`) VALUES (328, 3, NULL, 4, 9, '2020-01-20 17:05:18', '2018-04-16 05:25:41');
INSERT INTO `postcards` (`id`, `card_status`, `metadata`, `sender`, `receiver`, `sent_at`, `received_at`) VALUES (329, 3, NULL, 1, 8, '2004-01-23 17:21:25', '1988-06-09 06:38:21');
INSERT INTO `postcards` (`id`, `card_status`, `metadata`, `sender`, `receiver`, `sent_at`, `received_at`) VALUES (330, 3, NULL, 9, 9, '2012-11-15 12:34:43', '1999-09-08 23:59:47');
INSERT INTO `postcards` (`id`, `card_status`, `metadata`, `sender`, `receiver`, `sent_at`, `received_at`) VALUES (331, 3, NULL, 1, 5, '1976-10-30 10:24:08', '2019-09-16 16:09:31');
INSERT INTO `postcards` (`id`, `card_status`, `metadata`, `sender`, `receiver`, `sent_at`, `received_at`) VALUES (332, 3, NULL, 4, 3, '1993-10-03 19:33:25', '1973-02-28 17:42:13');
INSERT INTO `postcards` (`id`, `card_status`, `metadata`, `sender`, `receiver`, `sent_at`, `received_at`) VALUES (333, 3, NULL, 8, 4, '2007-03-27 03:47:14', '1983-11-02 00:04:46');
INSERT INTO `postcards` (`id`, `card_status`, `metadata`, `sender`, `receiver`, `sent_at`, `received_at`) VALUES (334, 1, NULL, 2, 1, '1989-06-02 09:25:28', '2010-06-07 11:28:04');
INSERT INTO `postcards` (`id`, `card_status`, `metadata`, `sender`, `receiver`, `sent_at`, `received_at`) VALUES (335, 3, NULL, 7, 1, '2007-11-03 23:55:29', '2008-02-14 06:51:05');
INSERT INTO `postcards` (`id`, `card_status`, `metadata`, `sender`, `receiver`, `sent_at`, `received_at`) VALUES (336, 3, NULL, 4, 4, '1987-01-29 09:21:46', '1995-11-04 04:26:45');
INSERT INTO `postcards` (`id`, `card_status`, `metadata`, `sender`, `receiver`, `sent_at`, `received_at`) VALUES (337, 3, NULL, 8, 4, '2015-01-27 00:52:16', '1973-06-08 00:12:51');
INSERT INTO `postcards` (`id`, `card_status`, `metadata`, `sender`, `receiver`, `sent_at`, `received_at`) VALUES (338, 3, NULL, 3, 3, '1972-05-10 05:21:01', '1992-12-16 15:10:58');
INSERT INTO `postcards` (`id`, `card_status`, `metadata`, `sender`, `receiver`, `sent_at`, `received_at`) VALUES (339, 3, NULL, 4, 3, '1972-01-11 06:36:34', '1989-03-18 02:36:07');
INSERT INTO `postcards` (`id`, `card_status`, `metadata`, `sender`, `receiver`, `sent_at`, `received_at`) VALUES (340, 1, NULL, 7, 4, '2002-11-28 11:25:59', '1985-09-23 09:13:25');
INSERT INTO `postcards` (`id`, `card_status`, `metadata`, `sender`, `receiver`, `sent_at`, `received_at`) VALUES (341, 3, NULL, 7, 2, '1972-09-24 13:38:50', '1972-11-06 20:45:57');
INSERT INTO `postcards` (`id`, `card_status`, `metadata`, `sender`, `receiver`, `sent_at`, `received_at`) VALUES (342, 3, NULL, 6, 7, '1993-02-19 22:20:09', '1975-11-18 02:48:22');
INSERT INTO `postcards` (`id`, `card_status`, `metadata`, `sender`, `receiver`, `sent_at`, `received_at`) VALUES (343, 3, NULL, 4, 8, '2017-05-29 00:21:00', '1970-11-05 20:29:05');
INSERT INTO `postcards` (`id`, `card_status`, `metadata`, `sender`, `receiver`, `sent_at`, `received_at`) VALUES (344, 3, NULL, 3, 8, '1988-12-04 18:54:07', '1980-12-14 09:24:39');
INSERT INTO `postcards` (`id`, `card_status`, `metadata`, `sender`, `receiver`, `sent_at`, `received_at`) VALUES (345, 3, NULL, 4, 9, '1982-09-17 18:43:20', '2020-10-28 23:20:21');
INSERT INTO `postcards` (`id`, `card_status`, `metadata`, `sender`, `receiver`, `sent_at`, `received_at`) VALUES (346, 3, NULL, 2, 9, '1977-02-15 03:59:23', '2015-11-09 05:02:37');
INSERT INTO `postcards` (`id`, `card_status`, `metadata`, `sender`, `receiver`, `sent_at`, `received_at`) VALUES (347, 3, NULL, 8, 3, '2002-07-21 07:10:10', '2019-10-26 09:48:20');
INSERT INTO `postcards` (`id`, `card_status`, `metadata`, `sender`, `receiver`, `sent_at`, `received_at`) VALUES (348, 1, NULL, 3, 1, '2001-09-20 10:29:28', '1984-10-30 20:00:38');
INSERT INTO `postcards` (`id`, `card_status`, `metadata`, `sender`, `receiver`, `sent_at`, `received_at`) VALUES (349, 3, NULL, 2, 3, '1995-10-09 18:37:56', '1983-02-18 14:40:24');
INSERT INTO `postcards` (`id`, `card_status`, `metadata`, `sender`, `receiver`, `sent_at`, `received_at`) VALUES (350, 3, NULL, 5, 9, '2013-08-23 08:54:38', '1971-01-06 08:14:37');
INSERT INTO `postcards` (`id`, `card_status`, `metadata`, `sender`, `receiver`, `sent_at`, `received_at`) VALUES (351, 3, NULL, 9, 4, '1998-08-09 13:17:20', '1993-09-17 22:11:40');
INSERT INTO `postcards` (`id`, `card_status`, `metadata`, `sender`, `receiver`, `sent_at`, `received_at`) VALUES (352, 3, NULL, 4, 6, '2012-05-21 16:13:48', '2000-01-11 13:14:16');
INSERT INTO `postcards` (`id`, `card_status`, `metadata`, `sender`, `receiver`, `sent_at`, `received_at`) VALUES (353, 2, NULL, 5, 2, '1989-04-10 22:31:58', '1994-05-14 03:38:58');
INSERT INTO `postcards` (`id`, `card_status`, `metadata`, `sender`, `receiver`, `sent_at`, `received_at`) VALUES (354, 3, NULL, 7, 2, '1985-01-08 07:31:50', '2018-07-18 21:02:36');
INSERT INTO `postcards` (`id`, `card_status`, `metadata`, `sender`, `receiver`, `sent_at`, `received_at`) VALUES (355, 3, NULL, 2, 1, '2002-06-26 04:35:42', '1970-01-30 04:15:18');
INSERT INTO `postcards` (`id`, `card_status`, `metadata`, `sender`, `receiver`, `sent_at`, `received_at`) VALUES (356, 3, NULL, 8, 9, '1982-07-03 05:50:40', '2000-04-08 03:36:13');
INSERT INTO `postcards` (`id`, `card_status`, `metadata`, `sender`, `receiver`, `sent_at`, `received_at`) VALUES (357, 3, NULL, 3, 5, '2016-04-03 20:00:39', '2002-05-31 01:03:00');
INSERT INTO `postcards` (`id`, `card_status`, `metadata`, `sender`, `receiver`, `sent_at`, `received_at`) VALUES (358, 3, NULL, 6, 2, '1993-01-12 10:59:55', '2017-03-07 18:30:31');
INSERT INTO `postcards` (`id`, `card_status`, `metadata`, `sender`, `receiver`, `sent_at`, `received_at`) VALUES (359, 3, NULL, 1, 5, '2011-01-05 15:42:38', '1983-09-11 05:47:51');
INSERT INTO `postcards` (`id`, `card_status`, `metadata`, `sender`, `receiver`, `sent_at`, `received_at`) VALUES (360, 3, NULL, 9, 3, '1973-09-23 22:42:19', '1984-06-17 08:44:07');
INSERT INTO `postcards` (`id`, `card_status`, `metadata`, `sender`, `receiver`, `sent_at`, `received_at`) VALUES (361, 3, NULL, 3, 4, '1983-02-03 21:17:09', '1971-12-14 13:51:29');
INSERT INTO `postcards` (`id`, `card_status`, `metadata`, `sender`, `receiver`, `sent_at`, `received_at`) VALUES (362, 3, NULL, 6, 4, '1992-07-31 19:05:27', '2020-08-11 23:13:07');
INSERT INTO `postcards` (`id`, `card_status`, `metadata`, `sender`, `receiver`, `sent_at`, `received_at`) VALUES (363, 3, NULL, 3, 3, '2017-03-01 13:35:16', '2012-07-25 14:03:40');
INSERT INTO `postcards` (`id`, `card_status`, `metadata`, `sender`, `receiver`, `sent_at`, `received_at`) VALUES (364, 3, NULL, 5, 5, '2017-02-05 00:23:26', '1987-08-07 20:06:46');
INSERT INTO `postcards` (`id`, `card_status`, `metadata`, `sender`, `receiver`, `sent_at`, `received_at`) VALUES (365, 3, NULL, 4, 4, '1994-10-13 23:23:34', '1970-02-22 10:03:20');
INSERT INTO `postcards` (`id`, `card_status`, `metadata`, `sender`, `receiver`, `sent_at`, `received_at`) VALUES (366, 3, NULL, 8, 8, '2000-06-22 09:22:15', '1977-02-18 00:33:12');
INSERT INTO `postcards` (`id`, `card_status`, `metadata`, `sender`, `receiver`, `sent_at`, `received_at`) VALUES (367, 3, NULL, 9, 5, '2006-09-05 05:22:19', '1990-08-20 06:36:27');
INSERT INTO `postcards` (`id`, `card_status`, `metadata`, `sender`, `receiver`, `sent_at`, `received_at`) VALUES (368, 2, NULL, 2, 7, '1984-03-15 08:19:15', '1983-11-05 21:54:11');
INSERT INTO `postcards` (`id`, `card_status`, `metadata`, `sender`, `receiver`, `sent_at`, `received_at`) VALUES (369, 3, NULL, 5, 3, '1975-04-05 11:27:36', '1972-08-28 04:22:38');
INSERT INTO `postcards` (`id`, `card_status`, `metadata`, `sender`, `receiver`, `sent_at`, `received_at`) VALUES (370, 2, NULL, 2, 7, '1992-02-03 12:09:56', '1996-01-24 02:59:19');
INSERT INTO `postcards` (`id`, `card_status`, `metadata`, `sender`, `receiver`, `sent_at`, `received_at`) VALUES (371, 3, NULL, 7, 4, '1970-04-04 10:59:47', '1971-04-09 13:32:08');
INSERT INTO `postcards` (`id`, `card_status`, `metadata`, `sender`, `receiver`, `sent_at`, `received_at`) VALUES (372, 1, NULL, 7, 8, '1995-07-30 05:26:33', '1992-02-25 23:12:20');
INSERT INTO `postcards` (`id`, `card_status`, `metadata`, `sender`, `receiver`, `sent_at`, `received_at`) VALUES (373, 2, NULL, 1, 4, '1979-02-24 00:35:34', '1984-05-14 22:16:30');
INSERT INTO `postcards` (`id`, `card_status`, `metadata`, `sender`, `receiver`, `sent_at`, `received_at`) VALUES (374, 1, NULL, 9, 4, '1979-12-29 20:11:35', '1992-07-23 19:26:27');
INSERT INTO `postcards` (`id`, `card_status`, `metadata`, `sender`, `receiver`, `sent_at`, `received_at`) VALUES (375, 2, NULL, 5, 4, '1979-12-24 09:53:44', '2016-04-19 12:45:08');
INSERT INTO `postcards` (`id`, `card_status`, `metadata`, `sender`, `receiver`, `sent_at`, `received_at`) VALUES (376, 2, NULL, 9, 9, '2005-10-09 05:43:18', '1974-08-29 13:56:02');
INSERT INTO `postcards` (`id`, `card_status`, `metadata`, `sender`, `receiver`, `sent_at`, `received_at`) VALUES (377, 3, NULL, 8, 8, '1988-01-08 08:49:32', '1988-08-16 11:58:40');
INSERT INTO `postcards` (`id`, `card_status`, `metadata`, `sender`, `receiver`, `sent_at`, `received_at`) VALUES (378, 2, NULL, 2, 3, '2002-09-05 08:42:41', '2000-12-28 03:53:14');
INSERT INTO `postcards` (`id`, `card_status`, `metadata`, `sender`, `receiver`, `sent_at`, `received_at`) VALUES (379, 2, NULL, 1, 1, '2019-10-22 11:36:36', '2020-05-05 20:23:56');
INSERT INTO `postcards` (`id`, `card_status`, `metadata`, `sender`, `receiver`, `sent_at`, `received_at`) VALUES (380, 3, NULL, 7, 8, '2017-11-05 13:28:07', '1987-10-25 10:56:39');
INSERT INTO `postcards` (`id`, `card_status`, `metadata`, `sender`, `receiver`, `sent_at`, `received_at`) VALUES (381, 3, NULL, 4, 4, '2017-08-06 09:43:46', '2000-06-14 11:26:12');
INSERT INTO `postcards` (`id`, `card_status`, `metadata`, `sender`, `receiver`, `sent_at`, `received_at`) VALUES (382, 2, NULL, 5, 9, '2008-08-21 17:23:34', '1990-12-17 21:14:35');
INSERT INTO `postcards` (`id`, `card_status`, `metadata`, `sender`, `receiver`, `sent_at`, `received_at`) VALUES (383, 2, NULL, 3, 7, '1986-11-23 03:29:16', '2013-05-11 20:19:00');
INSERT INTO `postcards` (`id`, `card_status`, `metadata`, `sender`, `receiver`, `sent_at`, `received_at`) VALUES (384, 2, NULL, 9, 4, '2001-12-02 02:56:26', '2011-01-14 22:02:03');
INSERT INTO `postcards` (`id`, `card_status`, `metadata`, `sender`, `receiver`, `sent_at`, `received_at`) VALUES (385, 2, NULL, 5, 8, '2009-01-12 16:19:14', '2014-01-26 09:33:22');
INSERT INTO `postcards` (`id`, `card_status`, `metadata`, `sender`, `receiver`, `sent_at`, `received_at`) VALUES (386, 1, NULL, 7, 1, '1983-09-03 11:24:05', '1979-03-13 07:46:02');
INSERT INTO `postcards` (`id`, `card_status`, `metadata`, `sender`, `receiver`, `sent_at`, `received_at`) VALUES (387, 1, NULL, 9, 9, '1990-12-27 06:27:13', '1993-09-28 17:49:46');
INSERT INTO `postcards` (`id`, `card_status`, `metadata`, `sender`, `receiver`, `sent_at`, `received_at`) VALUES (388, 1, NULL, 4, 7, '1980-06-26 11:22:50', '1971-06-11 12:37:48');
INSERT INTO `postcards` (`id`, `card_status`, `metadata`, `sender`, `receiver`, `sent_at`, `received_at`) VALUES (389, 2, NULL, 4, 8, '2001-08-05 05:37:06', '2003-04-14 04:29:27');
INSERT INTO `postcards` (`id`, `card_status`, `metadata`, `sender`, `receiver`, `sent_at`, `received_at`) VALUES (390, 1, NULL, 3, 3, '1977-08-17 01:16:43', '1993-08-08 23:19:18');
INSERT INTO `postcards` (`id`, `card_status`, `metadata`, `sender`, `receiver`, `sent_at`, `received_at`) VALUES (391, 1, NULL, 4, 4, '1994-12-23 15:19:07', '2016-12-06 10:24:41');
INSERT INTO `postcards` (`id`, `card_status`, `metadata`, `sender`, `receiver`, `sent_at`, `received_at`) VALUES (392, 3, NULL, 4, 7, '1971-08-29 16:59:13', '2009-08-10 19:26:12');
INSERT INTO `postcards` (`id`, `card_status`, `metadata`, `sender`, `receiver`, `sent_at`, `received_at`) VALUES (393, 1, NULL, 4, 2, '2001-01-28 17:41:16', '1991-09-13 16:11:03');
INSERT INTO `postcards` (`id`, `card_status`, `metadata`, `sender`, `receiver`, `sent_at`, `received_at`) VALUES (394, 1, NULL, 9, 4, '2008-12-22 14:36:13', '1971-11-13 14:49:36');
INSERT INTO `postcards` (`id`, `card_status`, `metadata`, `sender`, `receiver`, `sent_at`, `received_at`) VALUES (395, 1, NULL, 4, 9, '1999-07-15 04:19:00', '2011-03-26 07:37:18');
INSERT INTO `postcards` (`id`, `card_status`, `metadata`, `sender`, `receiver`, `sent_at`, `received_at`) VALUES (396, 1, NULL, 7, 5, '2014-12-30 03:16:24', '2016-09-05 04:41:42');
INSERT INTO `postcards` (`id`, `card_status`, `metadata`, `sender`, `receiver`, `sent_at`, `received_at`) VALUES (397, 1, NULL, 6, 2, '2009-06-05 19:26:05', '2005-05-30 20:30:32');
INSERT INTO `postcards` (`id`, `card_status`, `metadata`, `sender`, `receiver`, `sent_at`, `received_at`) VALUES (398, 2, NULL, 1, 9, '1990-06-11 08:55:18', '1986-06-23 03:21:49');
INSERT INTO `postcards` (`id`, `card_status`, `metadata`, `sender`, `receiver`, `sent_at`, `received_at`) VALUES (399, 1, NULL, 2, 7, '2009-11-07 11:03:14', '1988-07-09 17:12:14');
INSERT INTO `postcards` (`id`, `card_status`, `metadata`, `sender`, `receiver`, `sent_at`, `received_at`) VALUES (400, 1, NULL, 6, 4, '1988-04-07 12:42:12', '2018-10-28 10:28:03');
INSERT INTO `postcards` (`id`, `card_status`, `metadata`, `sender`, `receiver`, `sent_at`, `received_at`) VALUES (401, 1, NULL, 1, 7, '1993-12-24 18:08:50', '1986-06-15 11:09:33');
INSERT INTO `postcards` (`id`, `card_status`, `metadata`, `sender`, `receiver`, `sent_at`, `received_at`) VALUES (402, 1, NULL, 6, 4, '1973-08-12 16:03:00', '2021-04-06 21:07:16');
INSERT INTO `postcards` (`id`, `card_status`, `metadata`, `sender`, `receiver`, `sent_at`, `received_at`) VALUES (403, 1, NULL, 2, 7, '2006-08-19 21:51:09', '1975-01-05 03:49:40');
INSERT INTO `postcards` (`id`, `card_status`, `metadata`, `sender`, `receiver`, `sent_at`, `received_at`) VALUES (404, 1, NULL, 5, 1, '1974-01-21 23:40:48', '1971-01-10 23:29:37');
INSERT INTO `postcards` (`id`, `card_status`, `metadata`, `sender`, `receiver`, `sent_at`, `received_at`) VALUES (405, 1, NULL, 1, 4, '2019-09-10 05:21:20', '1986-02-10 10:40:38');
INSERT INTO `postcards` (`id`, `card_status`, `metadata`, `sender`, `receiver`, `sent_at`, `received_at`) VALUES (406, 1, NULL, 8, 3, '1988-07-13 21:41:59', '2005-06-29 06:48:41');
INSERT INTO `postcards` (`id`, `card_status`, `metadata`, `sender`, `receiver`, `sent_at`, `received_at`) VALUES (407, 1, NULL, 1, 8, '1973-09-26 05:10:04', '1986-03-27 12:32:21');
INSERT INTO `postcards` (`id`, `card_status`, `metadata`, `sender`, `receiver`, `sent_at`, `received_at`) VALUES (408, 1, NULL, 6, 8, '1970-08-31 07:23:41', '1991-04-08 02:26:39');
INSERT INTO `postcards` (`id`, `card_status`, `metadata`, `sender`, `receiver`, `sent_at`, `received_at`) VALUES (409, 3, NULL, 5, 3, '2000-06-04 11:20:23', '2001-02-21 15:35:36');
INSERT INTO `postcards` (`id`, `card_status`, `metadata`, `sender`, `receiver`, `sent_at`, `received_at`) VALUES (410, 1, NULL, 8, 1, '2016-01-10 17:16:54', '2010-06-04 00:48:00');
INSERT INTO `postcards` (`id`, `card_status`, `metadata`, `sender`, `receiver`, `sent_at`, `received_at`) VALUES (411, 1, NULL, 8, 4, '2013-09-07 07:49:54', '1972-09-19 07:04:16');
INSERT INTO `postcards` (`id`, `card_status`, `metadata`, `sender`, `receiver`, `sent_at`, `received_at`) VALUES (412, 1, NULL, 8, 3, '1980-07-03 20:57:17', '1982-10-29 23:44:18');
INSERT INTO `postcards` (`id`, `card_status`, `metadata`, `sender`, `receiver`, `sent_at`, `received_at`) VALUES (413, 1, NULL, 1, 3, '1995-11-04 21:31:50', '1994-02-13 14:19:31');
INSERT INTO `postcards` (`id`, `card_status`, `metadata`, `sender`, `receiver`, `sent_at`, `received_at`) VALUES (414, 1, NULL, 3, 4, '2000-02-26 14:54:45', '1973-01-04 23:20:52');
INSERT INTO `postcards` (`id`, `card_status`, `metadata`, `sender`, `receiver`, `sent_at`, `received_at`) VALUES (415, 1, NULL, 3, 1, '1993-01-06 05:02:14', '2017-11-23 13:03:03');
INSERT INTO `postcards` (`id`, `card_status`, `metadata`, `sender`, `receiver`, `sent_at`, `received_at`) VALUES (416, 1, NULL, 3, 5, '2003-09-27 17:29:55', '2005-07-01 21:21:34');
INSERT INTO `postcards` (`id`, `card_status`, `metadata`, `sender`, `receiver`, `sent_at`, `received_at`) VALUES (417, 1, NULL, 1, 8, '2016-07-04 23:47:54', '1984-07-18 23:21:55');
INSERT INTO `postcards` (`id`, `card_status`, `metadata`, `sender`, `receiver`, `sent_at`, `received_at`) VALUES (418, 2, NULL, 2, 1, '1978-01-13 21:18:48', '2005-04-20 00:17:21');
INSERT INTO `postcards` (`id`, `card_status`, `metadata`, `sender`, `receiver`, `sent_at`, `received_at`) VALUES (419, 1, NULL, 4, 8, '2006-09-04 17:08:04', '1986-01-12 13:30:42');
INSERT INTO `postcards` (`id`, `card_status`, `metadata`, `sender`, `receiver`, `sent_at`, `received_at`) VALUES (420, 3, NULL, 3, 2, '1989-03-06 00:43:52', '1992-02-12 16:53:46');
INSERT INTO `postcards` (`id`, `card_status`, `metadata`, `sender`, `receiver`, `sent_at`, `received_at`) VALUES (421, 1, NULL, 9, 8, '2004-11-16 19:45:41', '1988-05-01 18:54:08');
INSERT INTO `postcards` (`id`, `card_status`, `metadata`, `sender`, `receiver`, `sent_at`, `received_at`) VALUES (422, 1, NULL, 3, 3, '1990-08-20 01:08:24', '1979-02-13 20:50:48');
INSERT INTO `postcards` (`id`, `card_status`, `metadata`, `sender`, `receiver`, `sent_at`, `received_at`) VALUES (423, 1, NULL, 6, 2, '1978-10-29 17:16:24', '1997-03-31 23:04:39');
INSERT INTO `postcards` (`id`, `card_status`, `metadata`, `sender`, `receiver`, `sent_at`, `received_at`) VALUES (424, 2, NULL, 7, 2, '1982-07-17 18:53:58', '2020-12-26 22:31:54');
INSERT INTO `postcards` (`id`, `card_status`, `metadata`, `sender`, `receiver`, `sent_at`, `received_at`) VALUES (425, 2, NULL, 6, 9, '1994-02-20 13:46:57', '2016-07-12 07:13:36');
INSERT INTO `postcards` (`id`, `card_status`, `metadata`, `sender`, `receiver`, `sent_at`, `received_at`) VALUES (426, 2, NULL, 9, 4, '1997-04-22 00:46:07', '2004-03-19 04:38:28');
INSERT INTO `postcards` (`id`, `card_status`, `metadata`, `sender`, `receiver`, `sent_at`, `received_at`) VALUES (427, 2, NULL, 9, 7, '2008-02-15 19:20:08', '1981-11-22 00:19:36');
INSERT INTO `postcards` (`id`, `card_status`, `metadata`, `sender`, `receiver`, `sent_at`, `received_at`) VALUES (428, 2, NULL, 5, 7, '1985-08-31 00:58:36', '1980-11-21 11:41:30');
INSERT INTO `postcards` (`id`, `card_status`, `metadata`, `sender`, `receiver`, `sent_at`, `received_at`) VALUES (429, 2, NULL, 2, 8, '1973-05-30 19:20:36', '2013-05-19 12:30:15');
INSERT INTO `postcards` (`id`, `card_status`, `metadata`, `sender`, `receiver`, `sent_at`, `received_at`) VALUES (430, 2, NULL, 2, 4, '2012-03-31 20:12:24', '2014-02-17 05:37:04');
INSERT INTO `postcards` (`id`, `card_status`, `metadata`, `sender`, `receiver`, `sent_at`, `received_at`) VALUES (431, 2, NULL, 4, 2, '1979-07-02 02:10:33', '1984-01-07 18:17:50');
INSERT INTO `postcards` (`id`, `card_status`, `metadata`, `sender`, `receiver`, `sent_at`, `received_at`) VALUES (432, 1, NULL, 3, 8, '2019-10-03 11:00:54', '2007-04-02 07:00:36');
INSERT INTO `postcards` (`id`, `card_status`, `metadata`, `sender`, `receiver`, `sent_at`, `received_at`) VALUES (433, 2, NULL, 5, 7, '2017-10-27 08:27:11', '1998-03-28 21:07:27');
INSERT INTO `postcards` (`id`, `card_status`, `metadata`, `sender`, `receiver`, `sent_at`, `received_at`) VALUES (434, 2, NULL, 5, 3, '1981-10-05 14:56:02', '2019-06-23 23:55:45');
INSERT INTO `postcards` (`id`, `card_status`, `metadata`, `sender`, `receiver`, `sent_at`, `received_at`) VALUES (435, 2, NULL, 7, 5, '1979-02-21 13:15:04', '1970-03-14 09:46:38');
INSERT INTO `postcards` (`id`, `card_status`, `metadata`, `sender`, `receiver`, `sent_at`, `received_at`) VALUES (436, 1, NULL, 9, 7, '1996-06-12 02:05:32', '2006-04-29 23:59:39');
INSERT INTO `postcards` (`id`, `card_status`, `metadata`, `sender`, `receiver`, `sent_at`, `received_at`) VALUES (437, 1, NULL, 6, 4, '1998-03-07 02:00:40', '1984-05-12 17:15:43');
INSERT INTO `postcards` (`id`, `card_status`, `metadata`, `sender`, `receiver`, `sent_at`, `received_at`) VALUES (438, 1, NULL, 2, 4, '1999-07-13 21:55:49', '1999-10-27 23:52:25');
INSERT INTO `postcards` (`id`, `card_status`, `metadata`, `sender`, `receiver`, `sent_at`, `received_at`) VALUES (439, 1, NULL, 9, 6, '1985-06-15 17:17:51', '1993-07-19 12:12:43');
INSERT INTO `postcards` (`id`, `card_status`, `metadata`, `sender`, `receiver`, `sent_at`, `received_at`) VALUES (440, 1, NULL, 4, 8, '1970-02-21 20:17:44', '1994-07-22 16:45:02');
INSERT INTO `postcards` (`id`, `card_status`, `metadata`, `sender`, `receiver`, `sent_at`, `received_at`) VALUES (441, 3, NULL, 2, 5, '1971-11-30 17:29:14', '2017-07-03 09:33:32');
INSERT INTO `postcards` (`id`, `card_status`, `metadata`, `sender`, `receiver`, `sent_at`, `received_at`) VALUES (442, 1, NULL, 7, 7, '1985-07-19 04:26:13', '2000-03-09 00:22:04');
INSERT INTO `postcards` (`id`, `card_status`, `metadata`, `sender`, `receiver`, `sent_at`, `received_at`) VALUES (443, 1, NULL, 7, 6, '2013-10-10 13:29:43', '1978-01-18 14:47:31');
INSERT INTO `postcards` (`id`, `card_status`, `metadata`, `sender`, `receiver`, `sent_at`, `received_at`) VALUES (444, 1, NULL, 8, 9, '1976-07-29 04:07:41', '2010-01-22 09:42:03');
INSERT INTO `postcards` (`id`, `card_status`, `metadata`, `sender`, `receiver`, `sent_at`, `received_at`) VALUES (445, 3, NULL, 8, 4, '2018-07-17 00:33:11', '1992-05-23 01:46:58');
INSERT INTO `postcards` (`id`, `card_status`, `metadata`, `sender`, `receiver`, `sent_at`, `received_at`) VALUES (446, 3, NULL, 7, 5, '2015-06-13 10:11:04', '2009-10-05 06:21:57');
INSERT INTO `postcards` (`id`, `card_status`, `metadata`, `sender`, `receiver`, `sent_at`, `received_at`) VALUES (447, 1, NULL, 4, 8, '1983-02-17 05:21:56', '1991-04-14 02:12:17');
INSERT INTO `postcards` (`id`, `card_status`, `metadata`, `sender`, `receiver`, `sent_at`, `received_at`) VALUES (448, 2, NULL, 8, 9, '1986-10-30 20:16:16', '1983-02-01 17:21:58');
INSERT INTO `postcards` (`id`, `card_status`, `metadata`, `sender`, `receiver`, `sent_at`, `received_at`) VALUES (449, 1, NULL, 9, 8, '2020-06-01 10:03:08', '1990-11-06 06:30:49');
INSERT INTO `postcards` (`id`, `card_status`, `metadata`, `sender`, `receiver`, `sent_at`, `received_at`) VALUES (450, 1, NULL, 1, 9, '1981-01-29 15:22:38', '2011-11-01 07:42:10');
INSERT INTO `postcards` (`id`, `card_status`, `metadata`, `sender`, `receiver`, `sent_at`, `received_at`) VALUES (451, 3, NULL, 1, 4, '1997-08-17 13:23:59', '1981-06-03 21:22:02');
INSERT INTO `postcards` (`id`, `card_status`, `metadata`, `sender`, `receiver`, `sent_at`, `received_at`) VALUES (452, 1, NULL, 4, 4, '1991-09-10 22:19:12', '1986-05-07 09:23:01');
INSERT INTO `postcards` (`id`, `card_status`, `metadata`, `sender`, `receiver`, `sent_at`, `received_at`) VALUES (453, 1, NULL, 4, 4, '2009-06-15 14:13:02', '1993-07-09 00:17:09');
INSERT INTO `postcards` (`id`, `card_status`, `metadata`, `sender`, `receiver`, `sent_at`, `received_at`) VALUES (454, 3, NULL, 5, 4, '1987-03-24 12:24:47', '1982-03-28 20:25:48');
INSERT INTO `postcards` (`id`, `card_status`, `metadata`, `sender`, `receiver`, `sent_at`, `received_at`) VALUES (455, 1, NULL, 9, 4, '1973-05-08 08:02:38', '2005-07-12 07:34:44');
INSERT INTO `postcards` (`id`, `card_status`, `metadata`, `sender`, `receiver`, `sent_at`, `received_at`) VALUES (456, 1, NULL, 3, 4, '2004-06-19 03:43:29', '1992-09-28 08:58:53');
INSERT INTO `postcards` (`id`, `card_status`, `metadata`, `sender`, `receiver`, `sent_at`, `received_at`) VALUES (457, 1, NULL, 9, 2, '1991-11-05 03:15:34', '2016-07-18 17:44:14');
INSERT INTO `postcards` (`id`, `card_status`, `metadata`, `sender`, `receiver`, `sent_at`, `received_at`) VALUES (458, 1, NULL, 4, 6, '2013-05-06 21:54:51', '1993-05-02 02:33:53');
INSERT INTO `postcards` (`id`, `card_status`, `metadata`, `sender`, `receiver`, `sent_at`, `received_at`) VALUES (459, 1, NULL, 6, 8, '2017-08-18 03:16:57', '2006-10-21 07:40:36');
INSERT INTO `postcards` (`id`, `card_status`, `metadata`, `sender`, `receiver`, `sent_at`, `received_at`) VALUES (460, 2, NULL, 1, 4, '2008-01-31 10:32:55', '2005-07-30 19:10:02');
INSERT INTO `postcards` (`id`, `card_status`, `metadata`, `sender`, `receiver`, `sent_at`, `received_at`) VALUES (461, 3, NULL, 5, 5, '2001-12-18 16:15:43', '1977-07-30 00:45:48');
INSERT INTO `postcards` (`id`, `card_status`, `metadata`, `sender`, `receiver`, `sent_at`, `received_at`) VALUES (462, 3, NULL, 9, 2, '1975-02-18 09:16:29', '2015-08-11 14:33:28');
INSERT INTO `postcards` (`id`, `card_status`, `metadata`, `sender`, `receiver`, `sent_at`, `received_at`) VALUES (463, 3, NULL, 3, 2, '1982-06-17 14:52:13', '2000-06-22 15:55:16');
INSERT INTO `postcards` (`id`, `card_status`, `metadata`, `sender`, `receiver`, `sent_at`, `received_at`) VALUES (464, 3, NULL, 2, 1, '2008-11-05 05:52:28', '1994-06-29 04:10:33');
INSERT INTO `postcards` (`id`, `card_status`, `metadata`, `sender`, `receiver`, `sent_at`, `received_at`) VALUES (465, 1, NULL, 4, 9, '2000-12-07 01:12:43', '1993-09-10 20:50:24');
INSERT INTO `postcards` (`id`, `card_status`, `metadata`, `sender`, `receiver`, `sent_at`, `received_at`) VALUES (466, 1, NULL, 4, 2, '1995-10-18 07:09:04', '2008-01-16 19:54:15');
INSERT INTO `postcards` (`id`, `card_status`, `metadata`, `sender`, `receiver`, `sent_at`, `received_at`) VALUES (467, 3, NULL, 8, 4, '1985-01-19 16:59:23', '1970-06-20 09:10:30');
INSERT INTO `postcards` (`id`, `card_status`, `metadata`, `sender`, `receiver`, `sent_at`, `received_at`) VALUES (468, 3, NULL, 5, 8, '2017-08-15 22:03:25', '2013-04-22 04:34:37');
INSERT INTO `postcards` (`id`, `card_status`, `metadata`, `sender`, `receiver`, `sent_at`, `received_at`) VALUES (469, 3, NULL, 9, 6, '2017-10-04 02:08:21', '1972-10-24 04:31:40');
INSERT INTO `postcards` (`id`, `card_status`, `metadata`, `sender`, `receiver`, `sent_at`, `received_at`) VALUES (470, 3, NULL, 9, 2, '1983-12-09 00:15:53', '1984-12-14 00:36:19');
INSERT INTO `postcards` (`id`, `card_status`, `metadata`, `sender`, `receiver`, `sent_at`, `received_at`) VALUES (471, 1, NULL, 1, 3, '1970-06-17 18:39:22', '1989-05-24 06:03:40');
INSERT INTO `postcards` (`id`, `card_status`, `metadata`, `sender`, `receiver`, `sent_at`, `received_at`) VALUES (472, 3, NULL, 3, 7, '1986-09-11 20:05:19', '1985-01-11 20:04:09');
INSERT INTO `postcards` (`id`, `card_status`, `metadata`, `sender`, `receiver`, `sent_at`, `received_at`) VALUES (473, 3, NULL, 6, 6, '2002-01-10 22:00:42', '1990-03-10 06:50:24');
INSERT INTO `postcards` (`id`, `card_status`, `metadata`, `sender`, `receiver`, `sent_at`, `received_at`) VALUES (474, 1, NULL, 2, 2, '1991-10-09 05:11:49', '1979-08-14 12:45:39');
INSERT INTO `postcards` (`id`, `card_status`, `metadata`, `sender`, `receiver`, `sent_at`, `received_at`) VALUES (475, 3, NULL, 9, 5, '1995-07-27 03:19:29', '2010-11-11 04:37:52');
INSERT INTO `postcards` (`id`, `card_status`, `metadata`, `sender`, `receiver`, `sent_at`, `received_at`) VALUES (476, 3, NULL, 6, 8, '2013-04-02 13:57:14', '2012-10-26 23:22:30');
INSERT INTO `postcards` (`id`, `card_status`, `metadata`, `sender`, `receiver`, `sent_at`, `received_at`) VALUES (477, 3, NULL, 1, 5, '2008-01-25 10:23:19', '1976-01-02 15:46:14');
INSERT INTO `postcards` (`id`, `card_status`, `metadata`, `sender`, `receiver`, `sent_at`, `received_at`) VALUES (478, 3, NULL, 4, 7, '2015-07-21 07:30:11', '1996-08-29 12:02:23');
INSERT INTO `postcards` (`id`, `card_status`, `metadata`, `sender`, `receiver`, `sent_at`, `received_at`) VALUES (479, 1, NULL, 2, 2, '2004-02-11 06:01:50', '1996-03-23 12:21:39');
INSERT INTO `postcards` (`id`, `card_status`, `metadata`, `sender`, `receiver`, `sent_at`, `received_at`) VALUES (480, 3, NULL, 2, 9, '1972-10-24 03:49:12', '2014-04-25 16:59:21');
INSERT INTO `postcards` (`id`, `card_status`, `metadata`, `sender`, `receiver`, `sent_at`, `received_at`) VALUES (481, 3, NULL, 4, 5, '1973-05-03 09:56:45', '2020-05-25 14:19:34');
INSERT INTO `postcards` (`id`, `card_status`, `metadata`, `sender`, `receiver`, `sent_at`, `received_at`) VALUES (482, 3, NULL, 8, 1, '2020-06-13 05:50:57', '1982-07-14 21:55:13');
INSERT INTO `postcards` (`id`, `card_status`, `metadata`, `sender`, `receiver`, `sent_at`, `received_at`) VALUES (483, 3, NULL, 9, 3, '1979-03-31 07:32:23', '2007-01-27 21:15:36');
INSERT INTO `postcards` (`id`, `card_status`, `metadata`, `sender`, `receiver`, `sent_at`, `received_at`) VALUES (484, 1, NULL, 9, 9, '2011-11-08 10:21:06', '2021-03-13 22:07:39');
INSERT INTO `postcards` (`id`, `card_status`, `metadata`, `sender`, `receiver`, `sent_at`, `received_at`) VALUES (485, 3, NULL, 8, 3, '2001-09-22 00:05:29', '1976-11-13 04:07:21');
INSERT INTO `postcards` (`id`, `card_status`, `metadata`, `sender`, `receiver`, `sent_at`, `received_at`) VALUES (486, 3, NULL, 3, 5, '2004-03-06 17:25:52', '2017-04-22 03:29:45');
INSERT INTO `postcards` (`id`, `card_status`, `metadata`, `sender`, `receiver`, `sent_at`, `received_at`) VALUES (487, 3, NULL, 8, 7, '1976-12-20 09:39:17', '1970-12-24 06:23:03');
INSERT INTO `postcards` (`id`, `card_status`, `metadata`, `sender`, `receiver`, `sent_at`, `received_at`) VALUES (488, 1, NULL, 6, 4, '2008-09-29 20:22:37', '1976-03-01 05:58:10');
INSERT INTO `postcards` (`id`, `card_status`, `metadata`, `sender`, `receiver`, `sent_at`, `received_at`) VALUES (489, 1, NULL, 5, 3, '2006-04-04 16:08:20', '2001-12-25 17:27:27');
INSERT INTO `postcards` (`id`, `card_status`, `metadata`, `sender`, `receiver`, `sent_at`, `received_at`) VALUES (490, 2, NULL, 3, 5, '1983-06-12 01:32:21', '1970-04-17 21:39:10');
INSERT INTO `postcards` (`id`, `card_status`, `metadata`, `sender`, `receiver`, `sent_at`, `received_at`) VALUES (491, 2, NULL, 4, 1, '2005-12-19 05:06:02', '1983-04-05 12:04:31');
INSERT INTO `postcards` (`id`, `card_status`, `metadata`, `sender`, `receiver`, `sent_at`, `received_at`) VALUES (492, 1, NULL, 5, 3, '1995-01-26 17:45:43', '2004-03-16 01:04:02');
INSERT INTO `postcards` (`id`, `card_status`, `metadata`, `sender`, `receiver`, `sent_at`, `received_at`) VALUES (493, 1, NULL, 8, 6, '1980-12-26 10:54:49', '2009-05-11 23:11:43');
INSERT INTO `postcards` (`id`, `card_status`, `metadata`, `sender`, `receiver`, `sent_at`, `received_at`) VALUES (494, 3, NULL, 6, 9, '1987-09-20 08:25:09', '1979-10-05 12:06:10');
INSERT INTO `postcards` (`id`, `card_status`, `metadata`, `sender`, `receiver`, `sent_at`, `received_at`) VALUES (495, 2, NULL, 3, 5, '1984-10-07 09:56:27', '1989-06-27 19:33:32');
INSERT INTO `postcards` (`id`, `card_status`, `metadata`, `sender`, `receiver`, `sent_at`, `received_at`) VALUES (496, 3, NULL, 5, 5, '2017-05-04 02:13:54', '1991-09-14 04:03:37');
INSERT INTO `postcards` (`id`, `card_status`, `metadata`, `sender`, `receiver`, `sent_at`, `received_at`) VALUES (497, 3, NULL, 9, 6, '2007-10-23 14:40:24', '2013-02-03 09:53:44');
INSERT INTO `postcards` (`id`, `card_status`, `metadata`, `sender`, `receiver`, `sent_at`, `received_at`) VALUES (498, 1, NULL, 3, 7, '2000-03-16 22:02:14', '1980-07-29 09:01:59');
INSERT INTO `postcards` (`id`, `card_status`, `metadata`, `sender`, `receiver`, `sent_at`, `received_at`) VALUES (499, 3, NULL, 6, 9, '1989-10-28 09:37:52', '1999-08-29 01:22:44');
INSERT INTO `postcards` (`id`, `card_status`, `metadata`, `sender`, `receiver`, `sent_at`, `received_at`) VALUES (500, 3, NULL, 9, 5, '1970-10-30 10:22:45', '2011-01-12 12:36:32');
INSERT INTO `postcards` (`id`, `card_status`, `metadata`, `sender`, `receiver`, `sent_at`, `received_at`) VALUES (501, 3, NULL, 4, 6, '1999-12-24 15:13:42', '1972-08-31 09:36:16');
INSERT INTO `postcards` (`id`, `card_status`, `metadata`, `sender`, `receiver`, `sent_at`, `received_at`) VALUES (502, 3, NULL, 2, 4, '2014-05-29 22:16:21', '2005-07-22 00:29:56');
INSERT INTO `postcards` (`id`, `card_status`, `metadata`, `sender`, `receiver`, `sent_at`, `received_at`) VALUES (503, 3, NULL, 9, 5, '1993-09-29 07:17:58', '1992-01-24 01:24:40');
INSERT INTO `postcards` (`id`, `card_status`, `metadata`, `sender`, `receiver`, `sent_at`, `received_at`) VALUES (504, 3, NULL, 9, 6, '2009-07-05 05:13:57', '2021-04-26 10:21:54');
INSERT INTO `postcards` (`id`, `card_status`, `metadata`, `sender`, `receiver`, `sent_at`, `received_at`) VALUES (505, 3, NULL, 5, 6, '2013-06-06 10:28:39', '1978-11-26 05:07:51');
INSERT INTO `postcards` (`id`, `card_status`, `metadata`, `sender`, `receiver`, `sent_at`, `received_at`) VALUES (506, 3, NULL, 7, 9, '1992-09-26 18:27:02', '1986-12-23 20:10:36');
INSERT INTO `postcards` (`id`, `card_status`, `metadata`, `sender`, `receiver`, `sent_at`, `received_at`) VALUES (507, 1, NULL, 3, 3, '2017-09-23 22:37:02', '1976-09-21 02:33:53');
INSERT INTO `postcards` (`id`, `card_status`, `metadata`, `sender`, `receiver`, `sent_at`, `received_at`) VALUES (508, 3, NULL, 2, 8, '2018-07-19 04:29:08', '1983-01-21 14:02:51');
INSERT INTO `postcards` (`id`, `card_status`, `metadata`, `sender`, `receiver`, `sent_at`, `received_at`) VALUES (509, 3, NULL, 2, 1, '1997-03-11 12:33:28', '2010-10-20 22:58:01');
INSERT INTO `postcards` (`id`, `card_status`, `metadata`, `sender`, `receiver`, `sent_at`, `received_at`) VALUES (510, 2, NULL, 6, 3, '1982-11-06 16:16:22', '1977-08-23 15:44:15');
INSERT INTO `postcards` (`id`, `card_status`, `metadata`, `sender`, `receiver`, `sent_at`, `received_at`) VALUES (511, 2, NULL, 5, 5, '2007-02-04 21:19:37', '1985-06-27 09:36:10');
INSERT INTO `postcards` (`id`, `card_status`, `metadata`, `sender`, `receiver`, `sent_at`, `received_at`) VALUES (512, 1, NULL, 1, 4, '2014-03-20 00:06:47', '2009-11-11 06:40:51');
INSERT INTO `postcards` (`id`, `card_status`, `metadata`, `sender`, `receiver`, `sent_at`, `received_at`) VALUES (513, 1, NULL, 3, 4, '1972-06-08 22:18:00', '2018-03-25 04:39:06');
INSERT INTO `postcards` (`id`, `card_status`, `metadata`, `sender`, `receiver`, `sent_at`, `received_at`) VALUES (514, 1, NULL, 4, 1, '2017-09-02 10:38:01', '2007-08-05 11:48:52');
INSERT INTO `postcards` (`id`, `card_status`, `metadata`, `sender`, `receiver`, `sent_at`, `received_at`) VALUES (515, 1, NULL, 7, 8, '1998-11-22 18:18:34', '1996-03-15 23:19:32');
INSERT INTO `postcards` (`id`, `card_status`, `metadata`, `sender`, `receiver`, `sent_at`, `received_at`) VALUES (516, 1, NULL, 9, 2, '1978-02-21 10:40:39', '2015-09-26 19:31:25');
INSERT INTO `postcards` (`id`, `card_status`, `metadata`, `sender`, `receiver`, `sent_at`, `received_at`) VALUES (517, 1, NULL, 3, 6, '1984-06-26 15:27:21', '1979-09-02 02:37:19');
INSERT INTO `postcards` (`id`, `card_status`, `metadata`, `sender`, `receiver`, `sent_at`, `received_at`) VALUES (518, 1, NULL, 9, 9, '1980-06-01 08:34:25', '1971-07-10 05:52:04');
INSERT INTO `postcards` (`id`, `card_status`, `metadata`, `sender`, `receiver`, `sent_at`, `received_at`) VALUES (519, 1, NULL, 1, 8, '1974-05-28 01:25:58', '2008-10-08 22:56:06');
INSERT INTO `postcards` (`id`, `card_status`, `metadata`, `sender`, `receiver`, `sent_at`, `received_at`) VALUES (520, 2, NULL, 6, 8, '2004-04-13 13:15:11', '1970-06-12 22:37:10');
INSERT INTO `postcards` (`id`, `card_status`, `metadata`, `sender`, `receiver`, `sent_at`, `received_at`) VALUES (521, 1, NULL, 2, 9, '2005-08-29 13:19:01', '2002-10-21 06:49:46');
INSERT INTO `postcards` (`id`, `card_status`, `metadata`, `sender`, `receiver`, `sent_at`, `received_at`) VALUES (522, 1, NULL, 6, 3, '2000-05-16 23:40:03', '1978-02-01 08:23:39');
INSERT INTO `postcards` (`id`, `card_status`, `metadata`, `sender`, `receiver`, `sent_at`, `received_at`) VALUES (523, 2, NULL, 4, 5, '2017-09-16 16:55:53', '2011-07-14 14:53:53');
INSERT INTO `postcards` (`id`, `card_status`, `metadata`, `sender`, `receiver`, `sent_at`, `received_at`) VALUES (524, 1, NULL, 5, 2, '1979-03-05 18:26:58', '1999-02-26 14:14:40');
INSERT INTO `postcards` (`id`, `card_status`, `metadata`, `sender`, `receiver`, `sent_at`, `received_at`) VALUES (525, 1, NULL, 8, 9, '1977-12-12 21:37:49', '1971-09-15 14:38:55');
INSERT INTO `postcards` (`id`, `card_status`, `metadata`, `sender`, `receiver`, `sent_at`, `received_at`) VALUES (526, 3, NULL, 5, 3, '1981-12-08 07:51:01', '1983-12-09 06:07:02');
INSERT INTO `postcards` (`id`, `card_status`, `metadata`, `sender`, `receiver`, `sent_at`, `received_at`) VALUES (527, 1, NULL, 5, 3, '1997-04-04 20:31:38', '1978-09-24 00:01:55');
INSERT INTO `postcards` (`id`, `card_status`, `metadata`, `sender`, `receiver`, `sent_at`, `received_at`) VALUES (528, 1, NULL, 4, 9, '1999-02-10 20:03:42', '2014-09-14 09:57:28');
INSERT INTO `postcards` (`id`, `card_status`, `metadata`, `sender`, `receiver`, `sent_at`, `received_at`) VALUES (529, 1, NULL, 4, 6, '2014-11-06 17:03:20', '1970-02-14 23:24:50');
INSERT INTO `postcards` (`id`, `card_status`, `metadata`, `sender`, `receiver`, `sent_at`, `received_at`) VALUES (530, 1, NULL, 4, 7, '2018-08-01 21:44:20', '1979-01-07 22:11:30');
INSERT INTO `postcards` (`id`, `card_status`, `metadata`, `sender`, `receiver`, `sent_at`, `received_at`) VALUES (531, 1, NULL, 4, 3, '2017-01-01 08:18:24', '1998-06-29 11:58:46');
INSERT INTO `postcards` (`id`, `card_status`, `metadata`, `sender`, `receiver`, `sent_at`, `received_at`) VALUES (532, 1, NULL, 8, 6, '1997-08-25 03:57:57', '2000-11-14 04:37:33');
INSERT INTO `postcards` (`id`, `card_status`, `metadata`, `sender`, `receiver`, `sent_at`, `received_at`) VALUES (533, 1, NULL, 4, 3, '2001-05-30 04:24:25', '2000-12-09 01:44:50');
INSERT INTO `postcards` (`id`, `card_status`, `metadata`, `sender`, `receiver`, `sent_at`, `received_at`) VALUES (534, 1, NULL, 3, 4, '2011-01-07 19:32:14', '2018-04-14 21:12:03');
INSERT INTO `postcards` (`id`, `card_status`, `metadata`, `sender`, `receiver`, `sent_at`, `received_at`) VALUES (535, 1, NULL, 4, 1, '2005-08-02 21:19:27', '2010-03-23 16:55:19');
INSERT INTO `postcards` (`id`, `card_status`, `metadata`, `sender`, `receiver`, `sent_at`, `received_at`) VALUES (536, 3, NULL, 8, 7, '1985-02-10 01:58:12', '1988-07-24 00:49:59');
INSERT INTO `postcards` (`id`, `card_status`, `metadata`, `sender`, `receiver`, `sent_at`, `received_at`) VALUES (537, 1, NULL, 8, 8, '2008-09-21 11:15:17', '2018-06-04 12:16:41');
INSERT INTO `postcards` (`id`, `card_status`, `metadata`, `sender`, `receiver`, `sent_at`, `received_at`) VALUES (538, 1, NULL, 1, 9, '2008-06-14 05:25:23', '1984-08-17 10:33:13');
INSERT INTO `postcards` (`id`, `card_status`, `metadata`, `sender`, `receiver`, `sent_at`, `received_at`) VALUES (539, 2, NULL, 1, 8, '2019-11-22 08:11:43', '2009-09-15 00:01:45');
INSERT INTO `postcards` (`id`, `card_status`, `metadata`, `sender`, `receiver`, `sent_at`, `received_at`) VALUES (540, 1, NULL, 3, 7, '1981-08-18 10:34:14', '2001-09-05 01:12:50');
INSERT INTO `postcards` (`id`, `card_status`, `metadata`, `sender`, `receiver`, `sent_at`, `received_at`) VALUES (541, 1, NULL, 8, 6, '1984-07-12 07:48:04', '1992-12-05 22:09:10');
INSERT INTO `postcards` (`id`, `card_status`, `metadata`, `sender`, `receiver`, `sent_at`, `received_at`) VALUES (542, 2, NULL, 9, 3, '2010-04-08 16:21:37', '2004-10-25 15:30:57');
INSERT INTO `postcards` (`id`, `card_status`, `metadata`, `sender`, `receiver`, `sent_at`, `received_at`) VALUES (543, 1, NULL, 3, 8, '1997-10-03 22:25:55', '1972-10-24 20:27:15');
INSERT INTO `postcards` (`id`, `card_status`, `metadata`, `sender`, `receiver`, `sent_at`, `received_at`) VALUES (544, 1, NULL, 6, 1, '2003-03-31 18:48:01', '1998-04-17 22:31:33');
INSERT INTO `postcards` (`id`, `card_status`, `metadata`, `sender`, `receiver`, `sent_at`, `received_at`) VALUES (545, 1, NULL, 8, 9, '1973-06-05 02:51:03', '2000-07-02 07:36:27');
INSERT INTO `postcards` (`id`, `card_status`, `metadata`, `sender`, `receiver`, `sent_at`, `received_at`) VALUES (546, 2, NULL, 4, 3, '1994-06-27 10:22:10', '1998-09-25 04:41:00');
INSERT INTO `postcards` (`id`, `card_status`, `metadata`, `sender`, `receiver`, `sent_at`, `received_at`) VALUES (547, 2, NULL, 3, 4, '2016-05-02 02:29:58', '1991-09-03 08:17:02');
INSERT INTO `postcards` (`id`, `card_status`, `metadata`, `sender`, `receiver`, `sent_at`, `received_at`) VALUES (548, 2, NULL, 8, 8, '1981-06-29 00:16:08', '2008-05-02 01:10:22');
INSERT INTO `postcards` (`id`, `card_status`, `metadata`, `sender`, `receiver`, `sent_at`, `received_at`) VALUES (549, 2, NULL, 4, 1, '1992-12-16 20:19:24', '1979-10-16 04:10:21');
INSERT INTO `postcards` (`id`, `card_status`, `metadata`, `sender`, `receiver`, `sent_at`, `received_at`) VALUES (550, 2, NULL, 5, 7, '1983-12-06 22:53:14', '1986-01-12 09:26:16');
INSERT INTO `postcards` (`id`, `card_status`, `metadata`, `sender`, `receiver`, `sent_at`, `received_at`) VALUES (551, 2, NULL, 9, 9, '2017-09-02 22:15:43', '1974-08-04 19:58:42');
INSERT INTO `postcards` (`id`, `card_status`, `metadata`, `sender`, `receiver`, `sent_at`, `received_at`) VALUES (552, 2, NULL, 4, 1, '1971-07-04 14:33:37', '1990-07-01 16:40:22');
INSERT INTO `postcards` (`id`, `card_status`, `metadata`, `sender`, `receiver`, `sent_at`, `received_at`) VALUES (553, 2, NULL, 2, 3, '2018-03-24 04:29:57', '2019-08-05 06:23:46');
INSERT INTO `postcards` (`id`, `card_status`, `metadata`, `sender`, `receiver`, `sent_at`, `received_at`) VALUES (554, 2, NULL, 9, 7, '1985-09-25 02:37:43', '2002-05-16 05:41:29');
INSERT INTO `postcards` (`id`, `card_status`, `metadata`, `sender`, `receiver`, `sent_at`, `received_at`) VALUES (555, 2, NULL, 9, 4, '2004-05-18 05:31:29', '1981-07-28 03:45:28');
INSERT INTO `postcards` (`id`, `card_status`, `metadata`, `sender`, `receiver`, `sent_at`, `received_at`) VALUES (556, 2, NULL, 3, 9, '2015-11-24 11:01:54', '1977-12-07 14:04:10');
INSERT INTO `postcards` (`id`, `card_status`, `metadata`, `sender`, `receiver`, `sent_at`, `received_at`) VALUES (557, 3, NULL, 3, 4, '2002-04-04 05:22:30', '1981-01-22 05:28:45');
INSERT INTO `postcards` (`id`, `card_status`, `metadata`, `sender`, `receiver`, `sent_at`, `received_at`) VALUES (558, 2, NULL, 1, 4, '2009-03-16 06:23:09', '2004-04-22 07:32:06');
INSERT INTO `postcards` (`id`, `card_status`, `metadata`, `sender`, `receiver`, `sent_at`, `received_at`) VALUES (559, 3, NULL, 8, 5, '1986-12-08 00:07:53', '1978-12-01 16:48:08');
INSERT INTO `postcards` (`id`, `card_status`, `metadata`, `sender`, `receiver`, `sent_at`, `received_at`) VALUES (560, 2, NULL, 3, 8, '2015-02-21 09:20:11', '2000-11-02 13:07:13');
INSERT INTO `postcards` (`id`, `card_status`, `metadata`, `sender`, `receiver`, `sent_at`, `received_at`) VALUES (561, 2, NULL, 4, 8, '1973-07-02 09:03:40', '1994-04-04 19:04:13');
INSERT INTO `postcards` (`id`, `card_status`, `metadata`, `sender`, `receiver`, `sent_at`, `received_at`) VALUES (562, 2, NULL, 5, 2, '1992-06-14 09:24:46', '1973-04-17 01:20:21');
INSERT INTO `postcards` (`id`, `card_status`, `metadata`, `sender`, `receiver`, `sent_at`, `received_at`) VALUES (563, 1, NULL, 6, 2, '1982-07-22 11:13:58', '1996-01-24 17:41:27');
INSERT INTO `postcards` (`id`, `card_status`, `metadata`, `sender`, `receiver`, `sent_at`, `received_at`) VALUES (564, 2, NULL, 3, 4, '1992-11-22 11:22:51', '1994-12-30 01:49:42');
INSERT INTO `postcards` (`id`, `card_status`, `metadata`, `sender`, `receiver`, `sent_at`, `received_at`) VALUES (565, 2, NULL, 7, 1, '1980-09-12 23:34:09', '1983-03-24 00:40:24');
INSERT INTO `postcards` (`id`, `card_status`, `metadata`, `sender`, `receiver`, `sent_at`, `received_at`) VALUES (566, 2, NULL, 1, 2, '1975-11-18 01:11:45', '1987-07-09 22:17:14');
INSERT INTO `postcards` (`id`, `card_status`, `metadata`, `sender`, `receiver`, `sent_at`, `received_at`) VALUES (567, 3, NULL, 2, 8, '1985-01-25 20:24:01', '2014-04-15 14:53:54');
INSERT INTO `postcards` (`id`, `card_status`, `metadata`, `sender`, `receiver`, `sent_at`, `received_at`) VALUES (568, 2, NULL, 6, 5, '1985-09-15 10:50:34', '1980-11-08 20:55:44');
INSERT INTO `postcards` (`id`, `card_status`, `metadata`, `sender`, `receiver`, `sent_at`, `received_at`) VALUES (569, 2, NULL, 3, 4, '1980-03-12 15:26:02', '1999-03-20 18:12:35');
INSERT INTO `postcards` (`id`, `card_status`, `metadata`, `sender`, `receiver`, `sent_at`, `received_at`) VALUES (570, 3, NULL, 4, 8, '1975-08-18 04:51:44', '1990-01-17 17:28:42');
INSERT INTO `postcards` (`id`, `card_status`, `metadata`, `sender`, `receiver`, `sent_at`, `received_at`) VALUES (571, 3, NULL, 9, 7, '2001-01-19 18:18:49', '1974-11-25 16:16:22');
INSERT INTO `postcards` (`id`, `card_status`, `metadata`, `sender`, `receiver`, `sent_at`, `received_at`) VALUES (572, 3, NULL, 3, 9, '2001-11-08 01:48:26', '1976-10-25 18:37:56');
INSERT INTO `postcards` (`id`, `card_status`, `metadata`, `sender`, `receiver`, `sent_at`, `received_at`) VALUES (573, 1, NULL, 3, 8, '2003-05-30 09:20:11', '1990-01-09 06:54:12');
INSERT INTO `postcards` (`id`, `card_status`, `metadata`, `sender`, `receiver`, `sent_at`, `received_at`) VALUES (574, 3, NULL, 9, 9, '2012-03-08 06:01:43', '1984-10-28 15:00:49');
INSERT INTO `postcards` (`id`, `card_status`, `metadata`, `sender`, `receiver`, `sent_at`, `received_at`) VALUES (575, 2, NULL, 9, 1, '2010-11-27 10:08:12', '1993-02-19 03:52:06');
INSERT INTO `postcards` (`id`, `card_status`, `metadata`, `sender`, `receiver`, `sent_at`, `received_at`) VALUES (576, 2, NULL, 8, 1, '1995-07-07 14:28:26', '1977-06-23 15:40:04');
INSERT INTO `postcards` (`id`, `card_status`, `metadata`, `sender`, `receiver`, `sent_at`, `received_at`) VALUES (577, 2, NULL, 6, 4, '1980-01-17 23:53:02', '1975-11-29 17:06:21');
INSERT INTO `postcards` (`id`, `card_status`, `metadata`, `sender`, `receiver`, `sent_at`, `received_at`) VALUES (578, 2, NULL, 2, 3, '2009-01-15 05:58:03', '1989-05-14 21:07:36');
INSERT INTO `postcards` (`id`, `card_status`, `metadata`, `sender`, `receiver`, `sent_at`, `received_at`) VALUES (579, 2, NULL, 8, 9, '1978-08-03 09:42:35', '1994-03-02 00:51:20');
INSERT INTO `postcards` (`id`, `card_status`, `metadata`, `sender`, `receiver`, `sent_at`, `received_at`) VALUES (580, 2, NULL, 7, 1, '2015-10-01 12:36:21', '2017-12-10 01:57:26');
INSERT INTO `postcards` (`id`, `card_status`, `metadata`, `sender`, `receiver`, `sent_at`, `received_at`) VALUES (581, 3, NULL, 8, 1, '1972-10-17 07:43:47', '1989-06-10 16:14:23');
INSERT INTO `postcards` (`id`, `card_status`, `metadata`, `sender`, `receiver`, `sent_at`, `received_at`) VALUES (582, 2, NULL, 7, 2, '2000-04-06 12:19:40', '1989-11-25 15:00:36');
INSERT INTO `postcards` (`id`, `card_status`, `metadata`, `sender`, `receiver`, `sent_at`, `received_at`) VALUES (583, 2, NULL, 8, 8, '2019-11-30 13:32:06', '1976-07-03 10:38:15');
INSERT INTO `postcards` (`id`, `card_status`, `metadata`, `sender`, `receiver`, `sent_at`, `received_at`) VALUES (584, 2, NULL, 1, 4, '1978-04-22 21:18:40', '1984-07-11 08:14:45');
INSERT INTO `postcards` (`id`, `card_status`, `metadata`, `sender`, `receiver`, `sent_at`, `received_at`) VALUES (585, 2, NULL, 1, 4, '2017-07-30 19:35:58', '1991-01-21 02:04:18');
INSERT INTO `postcards` (`id`, `card_status`, `metadata`, `sender`, `receiver`, `sent_at`, `received_at`) VALUES (586, 1, NULL, 3, 5, '1989-02-17 04:26:08', '1984-11-06 18:23:45');
INSERT INTO `postcards` (`id`, `card_status`, `metadata`, `sender`, `receiver`, `sent_at`, `received_at`) VALUES (587, 1, NULL, 1, 3, '2003-09-30 13:38:38', '1986-12-25 10:12:36');
INSERT INTO `postcards` (`id`, `card_status`, `metadata`, `sender`, `receiver`, `sent_at`, `received_at`) VALUES (588, 2, NULL, 9, 4, '2001-06-02 21:05:10', '2007-12-24 05:55:49');
INSERT INTO `postcards` (`id`, `card_status`, `metadata`, `sender`, `receiver`, `sent_at`, `received_at`) VALUES (589, 1, NULL, 4, 2, '1980-08-22 11:28:10', '1983-01-28 00:03:23');
INSERT INTO `postcards` (`id`, `card_status`, `metadata`, `sender`, `receiver`, `sent_at`, `received_at`) VALUES (590, 1, NULL, 7, 4, '2001-09-25 15:04:53', '2006-12-15 07:43:57');
INSERT INTO `postcards` (`id`, `card_status`, `metadata`, `sender`, `receiver`, `sent_at`, `received_at`) VALUES (591, 1, NULL, 2, 3, '1972-09-15 06:10:40', '2010-11-26 06:38:02');
INSERT INTO `postcards` (`id`, `card_status`, `metadata`, `sender`, `receiver`, `sent_at`, `received_at`) VALUES (592, 1, NULL, 4, 8, '2016-01-06 04:49:57', '1987-12-16 21:35:51');
INSERT INTO `postcards` (`id`, `card_status`, `metadata`, `sender`, `receiver`, `sent_at`, `received_at`) VALUES (593, 1, NULL, 5, 4, '1997-04-24 04:50:00', '1973-11-12 18:56:54');
INSERT INTO `postcards` (`id`, `card_status`, `metadata`, `sender`, `receiver`, `sent_at`, `received_at`) VALUES (594, 3, NULL, 3, 6, '1982-12-22 08:50:31', '2017-09-18 09:18:33');
INSERT INTO `postcards` (`id`, `card_status`, `metadata`, `sender`, `receiver`, `sent_at`, `received_at`) VALUES (595, 2, NULL, 1, 8, '1995-08-09 00:02:45', '1982-10-18 07:22:14');
INSERT INTO `postcards` (`id`, `card_status`, `metadata`, `sender`, `receiver`, `sent_at`, `received_at`) VALUES (596, 2, NULL, 3, 9, '2009-09-17 04:11:57', '2017-06-07 05:26:06');
INSERT INTO `postcards` (`id`, `card_status`, `metadata`, `sender`, `receiver`, `sent_at`, `received_at`) VALUES (597, 2, NULL, 4, 6, '2008-11-29 09:14:48', '2015-01-13 18:57:17');
INSERT INTO `postcards` (`id`, `card_status`, `metadata`, `sender`, `receiver`, `sent_at`, `received_at`) VALUES (598, 2, NULL, 4, 4, '1980-10-13 15:43:21', '2021-03-27 19:34:16');
INSERT INTO `postcards` (`id`, `card_status`, `metadata`, `sender`, `receiver`, `sent_at`, `received_at`) VALUES (599, 1, NULL, 1, 2, '1983-10-10 15:10:25', '2000-09-25 02:36:58');
INSERT INTO `postcards` (`id`, `card_status`, `metadata`, `sender`, `receiver`, `sent_at`, `received_at`) VALUES (600, 3, NULL, 2, 7, '2020-05-30 12:22:13', '2021-01-02 14:43:13');
INSERT INTO `postcards` (`id`, `card_status`, `metadata`, `sender`, `receiver`, `sent_at`, `received_at`) VALUES (601, 1, NULL, 6, 1, '1992-06-10 17:30:35', '1999-12-01 12:50:56');
INSERT INTO `postcards` (`id`, `card_status`, `metadata`, `sender`, `receiver`, `sent_at`, `received_at`) VALUES (602, 3, NULL, 7, 1, '1996-02-14 10:19:16', '1996-08-24 20:09:49');
INSERT INTO `postcards` (`id`, `card_status`, `metadata`, `sender`, `receiver`, `sent_at`, `received_at`) VALUES (603, 1, NULL, 3, 2, '1997-12-12 17:31:32', '1994-11-25 23:48:04');
INSERT INTO `postcards` (`id`, `card_status`, `metadata`, `sender`, `receiver`, `sent_at`, `received_at`) VALUES (604, 3, NULL, 1, 4, '1977-10-01 23:04:38', '1987-04-02 11:57:57');
INSERT INTO `postcards` (`id`, `card_status`, `metadata`, `sender`, `receiver`, `sent_at`, `received_at`) VALUES (605, 3, NULL, 8, 3, '1970-11-22 03:22:44', '1978-12-08 08:10:07');
INSERT INTO `postcards` (`id`, `card_status`, `metadata`, `sender`, `receiver`, `sent_at`, `received_at`) VALUES (606, 3, NULL, 9, 2, '1977-06-19 18:40:25', '2008-06-26 03:38:12');
INSERT INTO `postcards` (`id`, `card_status`, `metadata`, `sender`, `receiver`, `sent_at`, `received_at`) VALUES (607, 3, NULL, 5, 5, '2011-02-19 03:55:07', '1988-08-03 17:15:02');
INSERT INTO `postcards` (`id`, `card_status`, `metadata`, `sender`, `receiver`, `sent_at`, `received_at`) VALUES (608, 3, NULL, 4, 5, '1981-11-10 14:56:39', '2006-11-10 10:35:30');
INSERT INTO `postcards` (`id`, `card_status`, `metadata`, `sender`, `receiver`, `sent_at`, `received_at`) VALUES (609, 2, NULL, 3, 6, '1990-04-17 01:04:20', '2003-01-18 22:45:45');
INSERT INTO `postcards` (`id`, `card_status`, `metadata`, `sender`, `receiver`, `sent_at`, `received_at`) VALUES (610, 1, NULL, 5, 5, '1994-01-15 22:33:01', '1975-03-22 14:26:28');
INSERT INTO `postcards` (`id`, `card_status`, `metadata`, `sender`, `receiver`, `sent_at`, `received_at`) VALUES (611, 3, NULL, 4, 3, '1994-12-24 04:14:32', '2002-09-25 20:14:45');
INSERT INTO `postcards` (`id`, `card_status`, `metadata`, `sender`, `receiver`, `sent_at`, `received_at`) VALUES (612, 3, NULL, 4, 9, '2011-10-19 20:35:39', '1984-07-02 15:46:36');
INSERT INTO `postcards` (`id`, `card_status`, `metadata`, `sender`, `receiver`, `sent_at`, `received_at`) VALUES (613, 3, NULL, 9, 4, '1976-11-20 05:09:48', '2016-03-26 06:59:08');
INSERT INTO `postcards` (`id`, `card_status`, `metadata`, `sender`, `receiver`, `sent_at`, `received_at`) VALUES (614, 3, NULL, 9, 9, '1999-09-19 16:32:50', '2003-07-13 05:57:26');
INSERT INTO `postcards` (`id`, `card_status`, `metadata`, `sender`, `receiver`, `sent_at`, `received_at`) VALUES (615, 3, NULL, 3, 2, '1977-01-07 00:35:06', '1996-04-03 13:56:04');
INSERT INTO `postcards` (`id`, `card_status`, `metadata`, `sender`, `receiver`, `sent_at`, `received_at`) VALUES (616, 3, NULL, 5, 1, '1988-03-09 00:32:31', '2007-07-04 06:41:56');
INSERT INTO `postcards` (`id`, `card_status`, `metadata`, `sender`, `receiver`, `sent_at`, `received_at`) VALUES (617, 3, NULL, 4, 7, '2003-04-11 15:56:20', '1982-03-11 05:21:42');
INSERT INTO `postcards` (`id`, `card_status`, `metadata`, `sender`, `receiver`, `sent_at`, `received_at`) VALUES (618, 2, NULL, 2, 2, '2012-10-22 21:36:55', '1990-01-03 08:55:09');
INSERT INTO `postcards` (`id`, `card_status`, `metadata`, `sender`, `receiver`, `sent_at`, `received_at`) VALUES (619, 3, NULL, 3, 6, '2002-12-29 23:48:51', '1981-05-31 15:15:16');
INSERT INTO `postcards` (`id`, `card_status`, `metadata`, `sender`, `receiver`, `sent_at`, `received_at`) VALUES (620, 3, NULL, 8, 4, '1991-05-05 19:57:18', '2001-04-21 00:43:57');
INSERT INTO `postcards` (`id`, `card_status`, `metadata`, `sender`, `receiver`, `sent_at`, `received_at`) VALUES (621, 3, NULL, 6, 2, '1973-03-04 13:17:43', '1973-03-27 13:33:14');
INSERT INTO `postcards` (`id`, `card_status`, `metadata`, `sender`, `receiver`, `sent_at`, `received_at`) VALUES (622, 1, NULL, 1, 3, '1994-06-30 23:43:46', '2015-03-20 17:37:20');
INSERT INTO `postcards` (`id`, `card_status`, `metadata`, `sender`, `receiver`, `sent_at`, `received_at`) VALUES (623, 1, NULL, 4, 7, '2019-05-03 12:12:35', '2013-10-24 17:04:56');
INSERT INTO `postcards` (`id`, `card_status`, `metadata`, `sender`, `receiver`, `sent_at`, `received_at`) VALUES (624, 1, NULL, 4, 4, '1982-04-07 15:27:37', '1996-09-19 21:34:41');
INSERT INTO `postcards` (`id`, `card_status`, `metadata`, `sender`, `receiver`, `sent_at`, `received_at`) VALUES (625, 1, NULL, 7, 5, '2016-07-30 18:51:02', '2014-02-22 10:53:13');
INSERT INTO `postcards` (`id`, `card_status`, `metadata`, `sender`, `receiver`, `sent_at`, `received_at`) VALUES (626, 2, NULL, 7, 6, '2012-08-24 15:20:26', '1980-03-01 03:58:06');
INSERT INTO `postcards` (`id`, `card_status`, `metadata`, `sender`, `receiver`, `sent_at`, `received_at`) VALUES (627, 3, NULL, 6, 9, '1980-05-18 12:15:12', '1982-12-30 00:23:01');
INSERT INTO `postcards` (`id`, `card_status`, `metadata`, `sender`, `receiver`, `sent_at`, `received_at`) VALUES (628, 1, NULL, 8, 6, '1993-01-28 07:39:55', '1996-04-17 05:28:58');
INSERT INTO `postcards` (`id`, `card_status`, `metadata`, `sender`, `receiver`, `sent_at`, `received_at`) VALUES (629, 1, NULL, 9, 6, '1974-01-25 20:12:36', '1972-06-02 18:51:11');
INSERT INTO `postcards` (`id`, `card_status`, `metadata`, `sender`, `receiver`, `sent_at`, `received_at`) VALUES (630, 1, NULL, 9, 6, '1980-10-08 10:09:12', '1977-06-04 22:14:57');
INSERT INTO `postcards` (`id`, `card_status`, `metadata`, `sender`, `receiver`, `sent_at`, `received_at`) VALUES (631, 2, NULL, 2, 2, '2002-05-02 08:43:28', '1996-04-30 06:03:30');
INSERT INTO `postcards` (`id`, `card_status`, `metadata`, `sender`, `receiver`, `sent_at`, `received_at`) VALUES (632, 1, NULL, 9, 4, '1985-04-18 19:11:12', '2006-05-23 23:35:31');
INSERT INTO `postcards` (`id`, `card_status`, `metadata`, `sender`, `receiver`, `sent_at`, `received_at`) VALUES (633, 1, NULL, 9, 9, '2012-01-21 02:15:37', '2016-01-06 19:05:39');
INSERT INTO `postcards` (`id`, `card_status`, `metadata`, `sender`, `receiver`, `sent_at`, `received_at`) VALUES (634, 1, NULL, 6, 8, '2004-11-17 00:57:59', '1976-12-20 07:16:35');
INSERT INTO `postcards` (`id`, `card_status`, `metadata`, `sender`, `receiver`, `sent_at`, `received_at`) VALUES (635, 2, NULL, 3, 9, '1984-04-28 09:12:40', '2016-03-15 08:08:47');
INSERT INTO `postcards` (`id`, `card_status`, `metadata`, `sender`, `receiver`, `sent_at`, `received_at`) VALUES (636, 1, NULL, 4, 6, '1980-11-21 21:57:35', '2018-02-12 03:13:23');
INSERT INTO `postcards` (`id`, `card_status`, `metadata`, `sender`, `receiver`, `sent_at`, `received_at`) VALUES (637, 2, NULL, 4, 6, '2007-07-01 02:29:50', '1997-08-06 01:01:11');
INSERT INTO `postcards` (`id`, `card_status`, `metadata`, `sender`, `receiver`, `sent_at`, `received_at`) VALUES (638, 1, NULL, 5, 4, '2004-07-14 15:55:06', '1973-07-14 07:35:32');
INSERT INTO `postcards` (`id`, `card_status`, `metadata`, `sender`, `receiver`, `sent_at`, `received_at`) VALUES (639, 2, NULL, 8, 2, '1976-06-08 01:16:28', '1998-03-11 21:52:49');
INSERT INTO `postcards` (`id`, `card_status`, `metadata`, `sender`, `receiver`, `sent_at`, `received_at`) VALUES (640, 1, NULL, 4, 9, '1988-07-23 00:50:52', '1990-02-27 20:36:55');
INSERT INTO `postcards` (`id`, `card_status`, `metadata`, `sender`, `receiver`, `sent_at`, `received_at`) VALUES (641, 1, NULL, 9, 3, '1997-11-18 08:35:56', '1973-03-13 08:21:22');
INSERT INTO `postcards` (`id`, `card_status`, `metadata`, `sender`, `receiver`, `sent_at`, `received_at`) VALUES (642, 1, NULL, 1, 2, '2012-02-08 21:53:39', '2007-05-17 19:09:09');
INSERT INTO `postcards` (`id`, `card_status`, `metadata`, `sender`, `receiver`, `sent_at`, `received_at`) VALUES (643, 2, NULL, 7, 7, '2010-06-21 13:46:07', '2017-06-12 07:19:55');
INSERT INTO `postcards` (`id`, `card_status`, `metadata`, `sender`, `receiver`, `sent_at`, `received_at`) VALUES (644, 1, NULL, 4, 4, '2006-04-12 11:00:31', '2012-02-25 22:48:36');
INSERT INTO `postcards` (`id`, `card_status`, `metadata`, `sender`, `receiver`, `sent_at`, `received_at`) VALUES (645, 2, NULL, 7, 3, '1984-03-12 17:19:47', '1988-11-08 03:21:15');
INSERT INTO `postcards` (`id`, `card_status`, `metadata`, `sender`, `receiver`, `sent_at`, `received_at`) VALUES (646, 1, NULL, 3, 3, '2014-05-10 10:20:18', '1980-07-16 01:25:32');
INSERT INTO `postcards` (`id`, `card_status`, `metadata`, `sender`, `receiver`, `sent_at`, `received_at`) VALUES (647, 1, NULL, 1, 7, '2012-06-02 09:58:50', '1999-12-28 09:17:33');
INSERT INTO `postcards` (`id`, `card_status`, `metadata`, `sender`, `receiver`, `sent_at`, `received_at`) VALUES (648, 1, NULL, 3, 4, '1992-11-24 15:28:51', '2008-03-25 12:09:11');
INSERT INTO `postcards` (`id`, `card_status`, `metadata`, `sender`, `receiver`, `sent_at`, `received_at`) VALUES (649, 3, NULL, 4, 3, '2002-01-24 00:17:18', '2017-03-18 16:24:46');
INSERT INTO `postcards` (`id`, `card_status`, `metadata`, `sender`, `receiver`, `sent_at`, `received_at`) VALUES (650, 3, NULL, 7, 1, '1981-01-03 19:27:50', '2002-07-03 04:59:21');
INSERT INTO `postcards` (`id`, `card_status`, `metadata`, `sender`, `receiver`, `sent_at`, `received_at`) VALUES (651, 3, NULL, 5, 9, '1971-09-08 08:16:39', '2005-06-02 21:46:57');
INSERT INTO `postcards` (`id`, `card_status`, `metadata`, `sender`, `receiver`, `sent_at`, `received_at`) VALUES (652, 3, NULL, 4, 6, '1990-11-22 15:06:47', '2007-04-21 16:59:59');
INSERT INTO `postcards` (`id`, `card_status`, `metadata`, `sender`, `receiver`, `sent_at`, `received_at`) VALUES (653, 3, NULL, 8, 2, '1976-07-25 09:49:12', '2006-01-06 19:29:17');
INSERT INTO `postcards` (`id`, `card_status`, `metadata`, `sender`, `receiver`, `sent_at`, `received_at`) VALUES (654, 3, NULL, 7, 8, '1997-03-25 18:04:43', '2000-02-20 12:27:11');
INSERT INTO `postcards` (`id`, `card_status`, `metadata`, `sender`, `receiver`, `sent_at`, `received_at`) VALUES (655, 3, NULL, 4, 7, '1988-01-08 18:43:57', '1989-08-06 17:43:03');
INSERT INTO `postcards` (`id`, `card_status`, `metadata`, `sender`, `receiver`, `sent_at`, `received_at`) VALUES (656, 3, NULL, 4, 5, '1975-06-30 12:36:31', '2001-06-12 13:16:14');
INSERT INTO `postcards` (`id`, `card_status`, `metadata`, `sender`, `receiver`, `sent_at`, `received_at`) VALUES (657, 3, NULL, 6, 3, '2011-05-14 22:33:43', '1985-12-29 10:07:31');
INSERT INTO `postcards` (`id`, `card_status`, `metadata`, `sender`, `receiver`, `sent_at`, `received_at`) VALUES (658, 3, NULL, 7, 2, '1974-08-09 16:31:52', '2020-02-20 02:39:20');
INSERT INTO `postcards` (`id`, `card_status`, `metadata`, `sender`, `receiver`, `sent_at`, `received_at`) VALUES (659, 1, NULL, 9, 1, '1990-12-07 10:46:14', '2013-11-21 02:57:26');
INSERT INTO `postcards` (`id`, `card_status`, `metadata`, `sender`, `receiver`, `sent_at`, `received_at`) VALUES (660, 1, NULL, 1, 4, '1993-01-07 06:36:07', '2011-03-13 12:37:29');
INSERT INTO `postcards` (`id`, `card_status`, `metadata`, `sender`, `receiver`, `sent_at`, `received_at`) VALUES (661, 1, NULL, 8, 4, '2015-03-28 12:20:47', '2009-09-19 18:59:36');
INSERT INTO `postcards` (`id`, `card_status`, `metadata`, `sender`, `receiver`, `sent_at`, `received_at`) VALUES (662, 3, NULL, 2, 5, '1981-02-06 17:59:08', '1983-04-07 12:33:35');
INSERT INTO `postcards` (`id`, `card_status`, `metadata`, `sender`, `receiver`, `sent_at`, `received_at`) VALUES (663, 1, NULL, 7, 7, '1991-10-27 05:19:00', '1986-06-01 14:45:10');
INSERT INTO `postcards` (`id`, `card_status`, `metadata`, `sender`, `receiver`, `sent_at`, `received_at`) VALUES (664, 1, NULL, 3, 9, '1989-04-16 16:19:04', '1990-06-16 18:56:32');
INSERT INTO `postcards` (`id`, `card_status`, `metadata`, `sender`, `receiver`, `sent_at`, `received_at`) VALUES (665, 3, NULL, 2, 4, '1987-03-25 07:31:21', '1977-11-14 08:52:08');
INSERT INTO `postcards` (`id`, `card_status`, `metadata`, `sender`, `receiver`, `sent_at`, `received_at`) VALUES (666, 1, NULL, 7, 3, '2010-10-29 07:11:54', '1991-12-18 16:54:51');
INSERT INTO `postcards` (`id`, `card_status`, `metadata`, `sender`, `receiver`, `sent_at`, `received_at`) VALUES (667, 2, NULL, 2, 2, '2018-09-28 18:02:26', '1986-06-04 10:54:53');
INSERT INTO `postcards` (`id`, `card_status`, `metadata`, `sender`, `receiver`, `sent_at`, `received_at`) VALUES (668, 1, NULL, 8, 8, '1976-03-04 13:34:13', '2015-02-25 14:42:11');
INSERT INTO `postcards` (`id`, `card_status`, `metadata`, `sender`, `receiver`, `sent_at`, `received_at`) VALUES (669, 1, NULL, 4, 5, '1998-10-23 11:02:52', '1999-04-12 19:18:53');
INSERT INTO `postcards` (`id`, `card_status`, `metadata`, `sender`, `receiver`, `sent_at`, `received_at`) VALUES (670, 1, NULL, 4, 7, '1978-02-15 16:25:59', '1983-04-28 05:26:14');
INSERT INTO `postcards` (`id`, `card_status`, `metadata`, `sender`, `receiver`, `sent_at`, `received_at`) VALUES (671, 1, NULL, 5, 7, '1979-09-26 23:22:23', '1998-10-22 07:44:13');
INSERT INTO `postcards` (`id`, `card_status`, `metadata`, `sender`, `receiver`, `sent_at`, `received_at`) VALUES (672, 1, NULL, 4, 9, '2005-05-26 02:17:19', '1972-11-08 12:22:01');
INSERT INTO `postcards` (`id`, `card_status`, `metadata`, `sender`, `receiver`, `sent_at`, `received_at`) VALUES (673, 1, NULL, 1, 7, '1987-10-21 00:18:37', '2016-01-24 08:52:59');
INSERT INTO `postcards` (`id`, `card_status`, `metadata`, `sender`, `receiver`, `sent_at`, `received_at`) VALUES (674, 1, NULL, 2, 5, '2018-12-31 05:58:00', '1999-09-14 17:40:49');
INSERT INTO `postcards` (`id`, `card_status`, `metadata`, `sender`, `receiver`, `sent_at`, `received_at`) VALUES (675, 1, NULL, 8, 2, '2003-06-13 23:05:19', '2014-04-07 22:15:43');
INSERT INTO `postcards` (`id`, `card_status`, `metadata`, `sender`, `receiver`, `sent_at`, `received_at`) VALUES (676, 1, NULL, 9, 6, '2016-11-28 03:02:40', '2006-10-26 19:54:18');
INSERT INTO `postcards` (`id`, `card_status`, `metadata`, `sender`, `receiver`, `sent_at`, `received_at`) VALUES (677, 3, NULL, 8, 5, '1972-04-17 15:46:37', '1972-05-20 09:46:42');
INSERT INTO `postcards` (`id`, `card_status`, `metadata`, `sender`, `receiver`, `sent_at`, `received_at`) VALUES (678, 3, NULL, 2, 2, '1974-04-06 07:24:16', '2004-07-06 21:50:21');
INSERT INTO `postcards` (`id`, `card_status`, `metadata`, `sender`, `receiver`, `sent_at`, `received_at`) VALUES (679, 2, NULL, 9, 2, '2019-07-16 01:38:58', '1994-08-11 03:57:11');
INSERT INTO `postcards` (`id`, `card_status`, `metadata`, `sender`, `receiver`, `sent_at`, `received_at`) VALUES (680, 1, NULL, 1, 2, '1973-02-09 23:34:13', '2001-10-25 11:06:43');
INSERT INTO `postcards` (`id`, `card_status`, `metadata`, `sender`, `receiver`, `sent_at`, `received_at`) VALUES (681, 3, NULL, 3, 6, '1995-08-28 00:59:15', '2016-12-03 18:59:11');
INSERT INTO `postcards` (`id`, `card_status`, `metadata`, `sender`, `receiver`, `sent_at`, `received_at`) VALUES (682, 1, NULL, 4, 3, '1985-07-08 08:43:32', '2012-11-21 05:27:41');
INSERT INTO `postcards` (`id`, `card_status`, `metadata`, `sender`, `receiver`, `sent_at`, `received_at`) VALUES (683, 1, NULL, 4, 7, '2011-03-12 15:55:48', '1979-05-31 10:13:06');
INSERT INTO `postcards` (`id`, `card_status`, `metadata`, `sender`, `receiver`, `sent_at`, `received_at`) VALUES (684, 2, NULL, 8, 7, '2019-12-12 05:22:21', '2017-10-22 23:11:00');
INSERT INTO `postcards` (`id`, `card_status`, `metadata`, `sender`, `receiver`, `sent_at`, `received_at`) VALUES (685, 1, NULL, 3, 7, '1986-03-10 18:15:12', '1975-08-07 08:16:51');
INSERT INTO `postcards` (`id`, `card_status`, `metadata`, `sender`, `receiver`, `sent_at`, `received_at`) VALUES (686, 2, NULL, 3, 7, '1970-02-16 16:48:56', '1994-11-04 14:32:33');
INSERT INTO `postcards` (`id`, `card_status`, `metadata`, `sender`, `receiver`, `sent_at`, `received_at`) VALUES (687, 2, NULL, 4, 1, '1992-05-17 04:28:50', '2014-06-17 22:12:32');
INSERT INTO `postcards` (`id`, `card_status`, `metadata`, `sender`, `receiver`, `sent_at`, `received_at`) VALUES (688, 2, NULL, 9, 4, '1976-07-06 13:21:23', '2018-05-31 23:52:35');
INSERT INTO `postcards` (`id`, `card_status`, `metadata`, `sender`, `receiver`, `sent_at`, `received_at`) VALUES (689, 1, NULL, 4, 2, '1979-05-12 02:14:10', '2012-10-30 06:59:21');
INSERT INTO `postcards` (`id`, `card_status`, `metadata`, `sender`, `receiver`, `sent_at`, `received_at`) VALUES (690, 1, NULL, 2, 7, '2003-04-21 23:49:23', '2011-06-09 08:14:35');
INSERT INTO `postcards` (`id`, `card_status`, `metadata`, `sender`, `receiver`, `sent_at`, `received_at`) VALUES (691, 2, NULL, 1, 8, '1972-08-16 18:21:16', '1987-01-06 06:09:34');
INSERT INTO `postcards` (`id`, `card_status`, `metadata`, `sender`, `receiver`, `sent_at`, `received_at`) VALUES (692, 1, NULL, 7, 5, '1973-12-25 05:16:51', '2001-02-06 07:07:50');
INSERT INTO `postcards` (`id`, `card_status`, `metadata`, `sender`, `receiver`, `sent_at`, `received_at`) VALUES (693, 2, NULL, 1, 8, '1985-03-10 16:32:10', '1977-03-09 20:40:41');
INSERT INTO `postcards` (`id`, `card_status`, `metadata`, `sender`, `receiver`, `sent_at`, `received_at`) VALUES (694, 1, NULL, 3, 7, '2011-09-17 19:37:45', '2004-05-22 09:55:41');
INSERT INTO `postcards` (`id`, `card_status`, `metadata`, `sender`, `receiver`, `sent_at`, `received_at`) VALUES (695, 2, NULL, 9, 6, '2000-11-26 08:46:04', '1980-03-27 01:52:38');
INSERT INTO `postcards` (`id`, `card_status`, `metadata`, `sender`, `receiver`, `sent_at`, `received_at`) VALUES (696, 2, NULL, 4, 6, '1984-04-22 21:46:20', '1991-04-13 21:47:16');
INSERT INTO `postcards` (`id`, `card_status`, `metadata`, `sender`, `receiver`, `sent_at`, `received_at`) VALUES (697, 2, NULL, 7, 3, '1991-09-29 12:28:12', '2011-07-23 02:28:03');
INSERT INTO `postcards` (`id`, `card_status`, `metadata`, `sender`, `receiver`, `sent_at`, `received_at`) VALUES (698, 2, NULL, 7, 1, '1995-08-07 23:27:45', '1990-01-08 16:41:39');
INSERT INTO `postcards` (`id`, `card_status`, `metadata`, `sender`, `receiver`, `sent_at`, `received_at`) VALUES (699, 2, NULL, 3, 4, '2003-02-07 00:05:11', '1976-09-11 06:11:51');
INSERT INTO `postcards` (`id`, `card_status`, `metadata`, `sender`, `receiver`, `sent_at`, `received_at`) VALUES (700, 2, NULL, 9, 5, '1980-11-05 22:00:34', '1975-09-25 20:23:11');
INSERT INTO `postcards` (`id`, `card_status`, `metadata`, `sender`, `receiver`, `sent_at`, `received_at`) VALUES (701, 2, NULL, 3, 7, '1976-06-21 11:01:53', '2006-06-08 21:16:50');
INSERT INTO `postcards` (`id`, `card_status`, `metadata`, `sender`, `receiver`, `sent_at`, `received_at`) VALUES (702, 2, NULL, 5, 9, '1977-12-20 08:14:45', '2013-07-21 20:04:40');
INSERT INTO `postcards` (`id`, `card_status`, `metadata`, `sender`, `receiver`, `sent_at`, `received_at`) VALUES (703, 2, NULL, 2, 3, '2002-04-10 12:31:13', '2007-08-02 15:37:08');
INSERT INTO `postcards` (`id`, `card_status`, `metadata`, `sender`, `receiver`, `sent_at`, `received_at`) VALUES (704, 2, NULL, 6, 6, '2014-03-20 03:46:53', '1994-01-04 19:41:43');
INSERT INTO `postcards` (`id`, `card_status`, `metadata`, `sender`, `receiver`, `sent_at`, `received_at`) VALUES (705, 2, NULL, 1, 1, '2005-05-28 19:02:55', '1981-02-11 09:02:57');
INSERT INTO `postcards` (`id`, `card_status`, `metadata`, `sender`, `receiver`, `sent_at`, `received_at`) VALUES (706, 2, NULL, 2, 9, '1995-07-15 04:29:53', '2017-01-24 10:08:48');
INSERT INTO `postcards` (`id`, `card_status`, `metadata`, `sender`, `receiver`, `sent_at`, `received_at`) VALUES (707, 2, NULL, 7, 4, '1970-02-20 15:17:03', '1973-11-15 01:55:12');
INSERT INTO `postcards` (`id`, `card_status`, `metadata`, `sender`, `receiver`, `sent_at`, `received_at`) VALUES (708, 2, NULL, 5, 8, '1997-05-01 08:19:07', '1981-08-28 23:00:00');
INSERT INTO `postcards` (`id`, `card_status`, `metadata`, `sender`, `receiver`, `sent_at`, `received_at`) VALUES (709, 3, NULL, 2, 4, '2001-06-22 04:29:06', '1980-12-24 17:32:55');
INSERT INTO `postcards` (`id`, `card_status`, `metadata`, `sender`, `receiver`, `sent_at`, `received_at`) VALUES (710, 2, NULL, 2, 4, '2002-08-01 15:54:35', '2016-08-13 22:43:56');
INSERT INTO `postcards` (`id`, `card_status`, `metadata`, `sender`, `receiver`, `sent_at`, `received_at`) VALUES (711, 2, NULL, 5, 9, '2009-12-13 07:31:24', '1978-01-25 16:19:41');
INSERT INTO `postcards` (`id`, `card_status`, `metadata`, `sender`, `receiver`, `sent_at`, `received_at`) VALUES (712, 2, NULL, 1, 8, '1983-05-03 09:01:43', '1987-03-25 17:35:37');
INSERT INTO `postcards` (`id`, `card_status`, `metadata`, `sender`, `receiver`, `sent_at`, `received_at`) VALUES (713, 2, NULL, 8, 4, '2020-12-03 11:14:18', '1997-08-27 16:06:24');
INSERT INTO `postcards` (`id`, `card_status`, `metadata`, `sender`, `receiver`, `sent_at`, `received_at`) VALUES (714, 1, NULL, 1, 9, '1984-03-20 15:20:22', '1979-02-08 05:12:30');
INSERT INTO `postcards` (`id`, `card_status`, `metadata`, `sender`, `receiver`, `sent_at`, `received_at`) VALUES (715, 1, NULL, 7, 9, '2009-04-22 05:57:21', '1997-10-02 10:24:36');
INSERT INTO `postcards` (`id`, `card_status`, `metadata`, `sender`, `receiver`, `sent_at`, `received_at`) VALUES (716, 1, NULL, 5, 2, '1973-05-22 05:58:24', '1991-06-21 11:01:28');
INSERT INTO `postcards` (`id`, `card_status`, `metadata`, `sender`, `receiver`, `sent_at`, `received_at`) VALUES (717, 1, NULL, 8, 8, '1973-05-19 17:28:08', '2017-06-16 02:36:28');
INSERT INTO `postcards` (`id`, `card_status`, `metadata`, `sender`, `receiver`, `sent_at`, `received_at`) VALUES (718, 1, NULL, 6, 2, '2015-03-01 01:57:56', '1972-02-27 07:39:26');
INSERT INTO `postcards` (`id`, `card_status`, `metadata`, `sender`, `receiver`, `sent_at`, `received_at`) VALUES (719, 2, NULL, 2, 5, '2007-09-11 13:25:08', '1984-03-09 02:29:43');
INSERT INTO `postcards` (`id`, `card_status`, `metadata`, `sender`, `receiver`, `sent_at`, `received_at`) VALUES (720, 1, NULL, 4, 2, '1991-12-17 22:35:03', '2000-02-18 05:36:01');
INSERT INTO `postcards` (`id`, `card_status`, `metadata`, `sender`, `receiver`, `sent_at`, `received_at`) VALUES (721, 1, NULL, 3, 5, '2003-11-29 09:16:13', '1985-11-04 10:27:00');
INSERT INTO `postcards` (`id`, `card_status`, `metadata`, `sender`, `receiver`, `sent_at`, `received_at`) VALUES (722, 1, NULL, 4, 1, '1977-12-23 02:14:25', '1981-04-04 11:07:36');
INSERT INTO `postcards` (`id`, `card_status`, `metadata`, `sender`, `receiver`, `sent_at`, `received_at`) VALUES (723, 2, NULL, 7, 5, '2001-08-26 06:07:48', '2010-06-08 01:23:24');
INSERT INTO `postcards` (`id`, `card_status`, `metadata`, `sender`, `receiver`, `sent_at`, `received_at`) VALUES (724, 2, NULL, 1, 2, '2016-09-18 10:40:44', '1993-01-13 03:27:08');
INSERT INTO `postcards` (`id`, `card_status`, `metadata`, `sender`, `receiver`, `sent_at`, `received_at`) VALUES (725, 1, NULL, 6, 7, '1993-03-29 05:18:23', '1980-04-14 12:09:02');
INSERT INTO `postcards` (`id`, `card_status`, `metadata`, `sender`, `receiver`, `sent_at`, `received_at`) VALUES (726, 1, NULL, 4, 2, '2007-05-19 05:28:51', '1970-11-21 06:46:36');
INSERT INTO `postcards` (`id`, `card_status`, `metadata`, `sender`, `receiver`, `sent_at`, `received_at`) VALUES (727, 1, NULL, 6, 8, '1991-02-07 22:38:22', '2018-04-11 08:40:21');
INSERT INTO `postcards` (`id`, `card_status`, `metadata`, `sender`, `receiver`, `sent_at`, `received_at`) VALUES (728, 1, NULL, 9, 3, '2008-04-06 09:47:47', '1984-12-05 17:42:27');
INSERT INTO `postcards` (`id`, `card_status`, `metadata`, `sender`, `receiver`, `sent_at`, `received_at`) VALUES (729, 1, NULL, 1, 3, '2016-05-11 10:58:43', '1980-04-24 05:37:47');
INSERT INTO `postcards` (`id`, `card_status`, `metadata`, `sender`, `receiver`, `sent_at`, `received_at`) VALUES (730, 1, NULL, 2, 7, '1986-05-27 05:08:36', '1993-07-31 05:37:07');
INSERT INTO `postcards` (`id`, `card_status`, `metadata`, `sender`, `receiver`, `sent_at`, `received_at`) VALUES (731, 1, NULL, 3, 2, '2009-01-11 11:18:49', '1982-03-01 07:35:42');
INSERT INTO `postcards` (`id`, `card_status`, `metadata`, `sender`, `receiver`, `sent_at`, `received_at`) VALUES (732, 1, NULL, 6, 4, '1975-09-24 18:25:30', '2011-12-21 17:51:05');
INSERT INTO `postcards` (`id`, `card_status`, `metadata`, `sender`, `receiver`, `sent_at`, `received_at`) VALUES (733, 1, NULL, 4, 3, '1977-06-05 00:36:26', '1974-06-18 15:46:01');
INSERT INTO `postcards` (`id`, `card_status`, `metadata`, `sender`, `receiver`, `sent_at`, `received_at`) VALUES (734, 2, NULL, 3, 7, '1995-01-26 23:27:54', '2012-05-09 23:50:23');
INSERT INTO `postcards` (`id`, `card_status`, `metadata`, `sender`, `receiver`, `sent_at`, `received_at`) VALUES (735, 3, NULL, 2, 4, '1990-04-09 02:41:48', '1978-05-14 06:06:28');
INSERT INTO `postcards` (`id`, `card_status`, `metadata`, `sender`, `receiver`, `sent_at`, `received_at`) VALUES (736, 2, NULL, 2, 5, '1989-04-13 05:03:32', '2018-10-03 07:01:23');
INSERT INTO `postcards` (`id`, `card_status`, `metadata`, `sender`, `receiver`, `sent_at`, `received_at`) VALUES (737, 1, NULL, 7, 6, '2007-02-23 09:51:02', '2009-02-06 08:03:28');
INSERT INTO `postcards` (`id`, `card_status`, `metadata`, `sender`, `receiver`, `sent_at`, `received_at`) VALUES (738, 2, NULL, 5, 8, '1993-04-10 21:37:26', '1974-02-08 01:36:43');
INSERT INTO `postcards` (`id`, `card_status`, `metadata`, `sender`, `receiver`, `sent_at`, `received_at`) VALUES (739, 2, NULL, 9, 1, '2020-04-05 21:56:17', '1998-01-13 08:47:00');
INSERT INTO `postcards` (`id`, `card_status`, `metadata`, `sender`, `receiver`, `sent_at`, `received_at`) VALUES (740, 2, NULL, 6, 1, '2011-05-22 04:45:00', '1986-08-16 00:23:34');
INSERT INTO `postcards` (`id`, `card_status`, `metadata`, `sender`, `receiver`, `sent_at`, `received_at`) VALUES (741, 2, NULL, 7, 7, '1983-07-04 06:41:50', '1982-11-21 09:08:22');
INSERT INTO `postcards` (`id`, `card_status`, `metadata`, `sender`, `receiver`, `sent_at`, `received_at`) VALUES (742, 2, NULL, 6, 5, '1992-11-12 14:28:55', '1992-09-30 07:54:22');
INSERT INTO `postcards` (`id`, `card_status`, `metadata`, `sender`, `receiver`, `sent_at`, `received_at`) VALUES (743, 2, NULL, 7, 2, '1982-08-12 17:59:27', '1985-08-29 13:07:40');
INSERT INTO `postcards` (`id`, `card_status`, `metadata`, `sender`, `receiver`, `sent_at`, `received_at`) VALUES (744, 2, NULL, 3, 6, '2020-09-05 00:20:23', '2001-06-06 02:24:11');
INSERT INTO `postcards` (`id`, `card_status`, `metadata`, `sender`, `receiver`, `sent_at`, `received_at`) VALUES (745, 2, NULL, 4, 4, '2012-11-19 05:31:19', '2001-08-30 05:52:36');
INSERT INTO `postcards` (`id`, `card_status`, `metadata`, `sender`, `receiver`, `sent_at`, `received_at`) VALUES (746, 2, NULL, 2, 7, '1980-04-27 11:49:16', '1972-10-24 06:44:57');
INSERT INTO `postcards` (`id`, `card_status`, `metadata`, `sender`, `receiver`, `sent_at`, `received_at`) VALUES (747, 3, NULL, 1, 1, '1995-03-11 19:34:13', '1999-07-25 11:59:29');
INSERT INTO `postcards` (`id`, `card_status`, `metadata`, `sender`, `receiver`, `sent_at`, `received_at`) VALUES (748, 2, NULL, 6, 9, '1972-04-27 01:14:21', '2004-12-21 17:57:19');
INSERT INTO `postcards` (`id`, `card_status`, `metadata`, `sender`, `receiver`, `sent_at`, `received_at`) VALUES (749, 3, NULL, 1, 5, '1979-10-22 06:56:49', '2004-03-17 00:57:49');
INSERT INTO `postcards` (`id`, `card_status`, `metadata`, `sender`, `receiver`, `sent_at`, `received_at`) VALUES (750, 2, NULL, 1, 9, '1972-12-01 22:14:40', '2017-07-19 23:50:31');
INSERT INTO `postcards` (`id`, `card_status`, `metadata`, `sender`, `receiver`, `sent_at`, `received_at`) VALUES (751, 2, NULL, 6, 8, '2006-08-18 10:21:55', '1999-05-13 14:31:20');
INSERT INTO `postcards` (`id`, `card_status`, `metadata`, `sender`, `receiver`, `sent_at`, `received_at`) VALUES (752, 1, NULL, 4, 6, '2019-02-19 16:08:14', '2007-03-05 12:20:00');
INSERT INTO `postcards` (`id`, `card_status`, `metadata`, `sender`, `receiver`, `sent_at`, `received_at`) VALUES (753, 1, NULL, 9, 1, '1988-05-18 15:34:50', '2005-11-04 03:05:12');
INSERT INTO `postcards` (`id`, `card_status`, `metadata`, `sender`, `receiver`, `sent_at`, `received_at`) VALUES (754, 1, NULL, 7, 1, '1979-04-17 18:45:13', '1974-04-20 23:29:25');
INSERT INTO `postcards` (`id`, `card_status`, `metadata`, `sender`, `receiver`, `sent_at`, `received_at`) VALUES (755, 1, NULL, 5, 7, '2016-05-08 05:52:30', '1975-05-05 20:24:46');
INSERT INTO `postcards` (`id`, `card_status`, `metadata`, `sender`, `receiver`, `sent_at`, `received_at`) VALUES (756, 1, NULL, 4, 4, '2014-11-11 15:56:45', '2011-04-25 05:04:13');
INSERT INTO `postcards` (`id`, `card_status`, `metadata`, `sender`, `receiver`, `sent_at`, `received_at`) VALUES (757, 1, NULL, 2, 4, '2015-01-25 10:34:17', '1981-04-05 02:07:08');
INSERT INTO `postcards` (`id`, `card_status`, `metadata`, `sender`, `receiver`, `sent_at`, `received_at`) VALUES (758, 1, NULL, 5, 4, '1972-11-10 01:26:36', '2008-04-20 12:25:48');
INSERT INTO `postcards` (`id`, `card_status`, `metadata`, `sender`, `receiver`, `sent_at`, `received_at`) VALUES (759, 1, NULL, 3, 5, '2012-01-15 01:01:46', '1988-09-27 11:58:34');
INSERT INTO `postcards` (`id`, `card_status`, `metadata`, `sender`, `receiver`, `sent_at`, `received_at`) VALUES (760, 1, NULL, 4, 4, '1995-12-06 09:19:04', '1982-04-18 07:43:45');
INSERT INTO `postcards` (`id`, `card_status`, `metadata`, `sender`, `receiver`, `sent_at`, `received_at`) VALUES (761, 1, NULL, 6, 4, '2012-11-08 14:51:47', '1984-12-14 12:54:19');
INSERT INTO `postcards` (`id`, `card_status`, `metadata`, `sender`, `receiver`, `sent_at`, `received_at`) VALUES (762, 1, NULL, 2, 4, '1987-02-23 07:28:56', '2004-04-14 13:31:01');
INSERT INTO `postcards` (`id`, `card_status`, `metadata`, `sender`, `receiver`, `sent_at`, `received_at`) VALUES (763, 1, NULL, 4, 8, '2015-07-28 17:37:13', '2000-06-13 13:41:10');
INSERT INTO `postcards` (`id`, `card_status`, `metadata`, `sender`, `receiver`, `sent_at`, `received_at`) VALUES (764, 1, NULL, 8, 7, '1979-02-11 20:21:53', '1995-11-13 05:55:56');
INSERT INTO `postcards` (`id`, `card_status`, `metadata`, `sender`, `receiver`, `sent_at`, `received_at`) VALUES (765, 1, NULL, 4, 9, '1981-06-13 17:55:26', '1984-05-12 23:13:00');
INSERT INTO `postcards` (`id`, `card_status`, `metadata`, `sender`, `receiver`, `sent_at`, `received_at`) VALUES (766, 2, NULL, 1, 3, '1997-11-15 11:34:06', '2005-04-01 23:50:03');
INSERT INTO `postcards` (`id`, `card_status`, `metadata`, `sender`, `receiver`, `sent_at`, `received_at`) VALUES (767, 2, NULL, 4, 2, '1993-08-14 16:00:27', '1985-11-17 08:04:43');
INSERT INTO `postcards` (`id`, `card_status`, `metadata`, `sender`, `receiver`, `sent_at`, `received_at`) VALUES (768, 1, NULL, 8, 1, '1972-12-27 20:57:21', '2008-06-27 15:53:17');
INSERT INTO `postcards` (`id`, `card_status`, `metadata`, `sender`, `receiver`, `sent_at`, `received_at`) VALUES (769, 1, NULL, 9, 3, '1972-05-19 18:31:05', '1984-10-16 17:16:14');
INSERT INTO `postcards` (`id`, `card_status`, `metadata`, `sender`, `receiver`, `sent_at`, `received_at`) VALUES (770, 1, NULL, 6, 6, '1981-01-26 13:07:52', '2007-12-12 04:42:44');
INSERT INTO `postcards` (`id`, `card_status`, `metadata`, `sender`, `receiver`, `sent_at`, `received_at`) VALUES (771, 1, NULL, 6, 2, '1999-02-17 23:58:37', '1973-12-09 17:31:43');
INSERT INTO `postcards` (`id`, `card_status`, `metadata`, `sender`, `receiver`, `sent_at`, `received_at`) VALUES (772, 1, NULL, 8, 6, '1986-05-29 05:27:06', '1970-07-10 02:21:13');
INSERT INTO `postcards` (`id`, `card_status`, `metadata`, `sender`, `receiver`, `sent_at`, `received_at`) VALUES (773, 2, NULL, 1, 8, '1988-07-27 13:21:33', '1986-03-17 01:34:59');
INSERT INTO `postcards` (`id`, `card_status`, `metadata`, `sender`, `receiver`, `sent_at`, `received_at`) VALUES (774, 1, NULL, 9, 4, '2018-09-24 08:51:04', '1979-02-24 09:54:18');
INSERT INTO `postcards` (`id`, `card_status`, `metadata`, `sender`, `receiver`, `sent_at`, `received_at`) VALUES (775, 2, NULL, 1, 9, '2008-02-17 01:34:57', '1976-02-08 09:10:52');
INSERT INTO `postcards` (`id`, `card_status`, `metadata`, `sender`, `receiver`, `sent_at`, `received_at`) VALUES (776, 2, NULL, 2, 9, '1992-07-02 10:05:52', '2016-05-04 22:12:43');
INSERT INTO `postcards` (`id`, `card_status`, `metadata`, `sender`, `receiver`, `sent_at`, `received_at`) VALUES (777, 1, NULL, 1, 7, '2015-08-14 01:50:14', '1977-07-27 11:50:13');
INSERT INTO `postcards` (`id`, `card_status`, `metadata`, `sender`, `receiver`, `sent_at`, `received_at`) VALUES (778, 2, NULL, 2, 4, '2011-11-14 00:27:50', '2001-10-04 23:36:22');
INSERT INTO `postcards` (`id`, `card_status`, `metadata`, `sender`, `receiver`, `sent_at`, `received_at`) VALUES (779, 2, NULL, 7, 9, '2002-03-02 21:13:28', '1975-02-02 22:16:00');
INSERT INTO `postcards` (`id`, `card_status`, `metadata`, `sender`, `receiver`, `sent_at`, `received_at`) VALUES (780, 2, NULL, 7, 2, '1985-07-12 04:03:41', '2019-11-13 10:39:39');
INSERT INTO `postcards` (`id`, `card_status`, `metadata`, `sender`, `receiver`, `sent_at`, `received_at`) VALUES (781, 2, NULL, 9, 7, '2008-12-27 11:59:08', '1976-09-25 20:03:59');
INSERT INTO `postcards` (`id`, `card_status`, `metadata`, `sender`, `receiver`, `sent_at`, `received_at`) VALUES (782, 1, NULL, 5, 8, '1979-08-06 09:33:12', '1985-07-06 10:26:06');
INSERT INTO `postcards` (`id`, `card_status`, `metadata`, `sender`, `receiver`, `sent_at`, `received_at`) VALUES (783, 2, NULL, 4, 2, '1980-09-28 02:01:18', '1971-03-01 09:06:38');
INSERT INTO `postcards` (`id`, `card_status`, `metadata`, `sender`, `receiver`, `sent_at`, `received_at`) VALUES (784, 2, NULL, 1, 8, '2003-08-29 05:33:40', '2017-03-10 18:52:51');
INSERT INTO `postcards` (`id`, `card_status`, `metadata`, `sender`, `receiver`, `sent_at`, `received_at`) VALUES (785, 2, NULL, 1, 2, '2014-02-28 22:39:10', '2011-09-06 20:57:36');
INSERT INTO `postcards` (`id`, `card_status`, `metadata`, `sender`, `receiver`, `sent_at`, `received_at`) VALUES (786, 2, NULL, 2, 8, '1987-08-07 10:41:24', '2010-06-09 20:04:11');
INSERT INTO `postcards` (`id`, `card_status`, `metadata`, `sender`, `receiver`, `sent_at`, `received_at`) VALUES (787, 2, NULL, 6, 4, '1996-01-20 21:24:59', '2005-04-17 19:50:25');
INSERT INTO `postcards` (`id`, `card_status`, `metadata`, `sender`, `receiver`, `sent_at`, `received_at`) VALUES (788, 2, NULL, 6, 2, '1970-07-06 01:21:03', '2006-08-28 16:19:56');
INSERT INTO `postcards` (`id`, `card_status`, `metadata`, `sender`, `receiver`, `sent_at`, `received_at`) VALUES (789, 2, NULL, 6, 3, '2007-12-15 05:08:58', '1970-01-24 06:22:41');
INSERT INTO `postcards` (`id`, `card_status`, `metadata`, `sender`, `receiver`, `sent_at`, `received_at`) VALUES (790, 2, NULL, 3, 4, '2006-02-18 06:50:46', '1980-02-27 10:39:18');
INSERT INTO `postcards` (`id`, `card_status`, `metadata`, `sender`, `receiver`, `sent_at`, `received_at`) VALUES (791, 2, NULL, 1, 8, '2005-06-18 23:12:46', '1975-05-22 05:23:58');
INSERT INTO `postcards` (`id`, `card_status`, `metadata`, `sender`, `receiver`, `sent_at`, `received_at`) VALUES (792, 3, NULL, 3, 8, '1989-04-08 07:31:03', '2012-05-06 16:04:23');
INSERT INTO `postcards` (`id`, `card_status`, `metadata`, `sender`, `receiver`, `sent_at`, `received_at`) VALUES (793, 2, NULL, 7, 5, '2018-05-14 00:18:15', '1987-01-30 20:19:58');
INSERT INTO `postcards` (`id`, `card_status`, `metadata`, `sender`, `receiver`, `sent_at`, `received_at`) VALUES (794, 2, NULL, 8, 7, '2014-11-14 01:55:51', '1986-11-18 02:00:27');
INSERT INTO `postcards` (`id`, `card_status`, `metadata`, `sender`, `receiver`, `sent_at`, `received_at`) VALUES (795, 2, NULL, 4, 4, '2015-06-11 10:50:56', '2020-08-11 22:54:47');
INSERT INTO `postcards` (`id`, `card_status`, `metadata`, `sender`, `receiver`, `sent_at`, `received_at`) VALUES (796, 2, NULL, 8, 2, '1986-03-20 12:34:32', '1975-07-29 03:04:56');
INSERT INTO `postcards` (`id`, `card_status`, `metadata`, `sender`, `receiver`, `sent_at`, `received_at`) VALUES (797, 1, NULL, 4, 5, '1974-06-12 23:46:17', '2015-06-30 16:52:03');
INSERT INTO `postcards` (`id`, `card_status`, `metadata`, `sender`, `receiver`, `sent_at`, `received_at`) VALUES (798, 2, NULL, 3, 1, '2008-09-16 06:03:10', '2006-02-16 17:32:30');
INSERT INTO `postcards` (`id`, `card_status`, `metadata`, `sender`, `receiver`, `sent_at`, `received_at`) VALUES (799, 1, NULL, 4, 5, '1971-10-04 21:06:30', '1987-04-22 20:13:18');
INSERT INTO `postcards` (`id`, `card_status`, `metadata`, `sender`, `receiver`, `sent_at`, `received_at`) VALUES (800, 3, NULL, 4, 2, '2009-12-30 01:59:37', '2002-02-03 13:58:04');
INSERT INTO `postcards` (`id`, `card_status`, `metadata`, `sender`, `receiver`, `sent_at`, `received_at`) VALUES (801, 3, NULL, 4, 5, '1992-04-22 21:01:20', '1991-11-21 06:17:25');
INSERT INTO `postcards` (`id`, `card_status`, `metadata`, `sender`, `receiver`, `sent_at`, `received_at`) VALUES (802, 3, NULL, 4, 3, '2016-05-01 21:36:52', '1983-01-03 03:06:53');
INSERT INTO `postcards` (`id`, `card_status`, `metadata`, `sender`, `receiver`, `sent_at`, `received_at`) VALUES (803, 3, NULL, 9, 4, '2011-04-08 14:56:56', '1999-06-13 17:21:58');
INSERT INTO `postcards` (`id`, `card_status`, `metadata`, `sender`, `receiver`, `sent_at`, `received_at`) VALUES (804, 2, NULL, 9, 6, '1998-02-13 23:26:26', '2011-03-14 08:59:44');
INSERT INTO `postcards` (`id`, `card_status`, `metadata`, `sender`, `receiver`, `sent_at`, `received_at`) VALUES (805, 3, NULL, 6, 9, '1984-04-10 02:56:06', '2007-12-16 21:10:03');
INSERT INTO `postcards` (`id`, `card_status`, `metadata`, `sender`, `receiver`, `sent_at`, `received_at`) VALUES (806, 3, NULL, 2, 8, '1975-01-18 07:38:48', '2001-07-07 12:33:50');
INSERT INTO `postcards` (`id`, `card_status`, `metadata`, `sender`, `receiver`, `sent_at`, `received_at`) VALUES (807, 3, NULL, 6, 4, '2016-02-29 22:45:31', '2010-01-21 05:53:45');
INSERT INTO `postcards` (`id`, `card_status`, `metadata`, `sender`, `receiver`, `sent_at`, `received_at`) VALUES (808, 2, NULL, 8, 6, '2004-06-27 17:47:37', '1971-01-19 05:34:34');
INSERT INTO `postcards` (`id`, `card_status`, `metadata`, `sender`, `receiver`, `sent_at`, `received_at`) VALUES (809, 3, NULL, 5, 3, '2002-08-14 22:07:32', '1989-12-02 19:11:01');
INSERT INTO `postcards` (`id`, `card_status`, `metadata`, `sender`, `receiver`, `sent_at`, `received_at`) VALUES (810, 3, NULL, 8, 2, '1998-09-19 13:16:37', '2012-08-28 05:14:09');
INSERT INTO `postcards` (`id`, `card_status`, `metadata`, `sender`, `receiver`, `sent_at`, `received_at`) VALUES (811, 3, NULL, 6, 6, '1984-01-30 17:30:06', '2017-01-11 05:33:56');
INSERT INTO `postcards` (`id`, `card_status`, `metadata`, `sender`, `receiver`, `sent_at`, `received_at`) VALUES (812, 3, NULL, 1, 7, '2021-04-11 07:59:14', '1994-12-11 21:17:39');
INSERT INTO `postcards` (`id`, `card_status`, `metadata`, `sender`, `receiver`, `sent_at`, `received_at`) VALUES (813, 2, NULL, 2, 6, '1980-08-20 03:54:15', '1988-01-17 03:37:28');
INSERT INTO `postcards` (`id`, `card_status`, `metadata`, `sender`, `receiver`, `sent_at`, `received_at`) VALUES (814, 3, NULL, 3, 4, '2019-03-14 22:49:15', '1981-01-17 01:16:47');
INSERT INTO `postcards` (`id`, `card_status`, `metadata`, `sender`, `receiver`, `sent_at`, `received_at`) VALUES (815, 3, NULL, 1, 4, '1977-09-04 21:49:53', '2015-06-27 11:22:15');
INSERT INTO `postcards` (`id`, `card_status`, `metadata`, `sender`, `receiver`, `sent_at`, `received_at`) VALUES (816, 3, NULL, 1, 1, '1977-10-16 13:46:05', '1995-06-01 04:13:03');
INSERT INTO `postcards` (`id`, `card_status`, `metadata`, `sender`, `receiver`, `sent_at`, `received_at`) VALUES (817, 3, NULL, 4, 5, '1986-05-30 15:54:31', '2002-10-21 00:39:57');
INSERT INTO `postcards` (`id`, `card_status`, `metadata`, `sender`, `receiver`, `sent_at`, `received_at`) VALUES (818, 2, NULL, 5, 7, '2013-05-07 13:17:47', '2007-09-04 16:12:54');
INSERT INTO `postcards` (`id`, `card_status`, `metadata`, `sender`, `receiver`, `sent_at`, `received_at`) VALUES (819, 2, NULL, 7, 9, '2007-07-18 21:05:57', '1996-08-06 01:29:12');
INSERT INTO `postcards` (`id`, `card_status`, `metadata`, `sender`, `receiver`, `sent_at`, `received_at`) VALUES (820, 1, NULL, 9, 6, '1990-08-04 08:39:47', '1979-07-24 12:17:01');
INSERT INTO `postcards` (`id`, `card_status`, `metadata`, `sender`, `receiver`, `sent_at`, `received_at`) VALUES (821, 2, NULL, 1, 8, '1996-11-04 14:38:05', '2005-08-18 16:00:43');
INSERT INTO `postcards` (`id`, `card_status`, `metadata`, `sender`, `receiver`, `sent_at`, `received_at`) VALUES (822, 2, NULL, 1, 8, '2010-02-28 15:56:35', '1973-11-20 05:32:07');
INSERT INTO `postcards` (`id`, `card_status`, `metadata`, `sender`, `receiver`, `sent_at`, `received_at`) VALUES (823, 2, NULL, 3, 8, '1974-01-19 21:30:41', '2011-10-05 10:27:47');
INSERT INTO `postcards` (`id`, `card_status`, `metadata`, `sender`, `receiver`, `sent_at`, `received_at`) VALUES (824, 2, NULL, 2, 7, '2021-04-03 19:25:51', '2006-10-25 11:19:33');
INSERT INTO `postcards` (`id`, `card_status`, `metadata`, `sender`, `receiver`, `sent_at`, `received_at`) VALUES (825, 2, NULL, 3, 3, '2018-01-10 23:39:00', '2012-01-16 08:21:17');
INSERT INTO `postcards` (`id`, `card_status`, `metadata`, `sender`, `receiver`, `sent_at`, `received_at`) VALUES (826, 2, NULL, 4, 8, '2009-01-23 01:44:43', '2014-12-05 22:50:23');
INSERT INTO `postcards` (`id`, `card_status`, `metadata`, `sender`, `receiver`, `sent_at`, `received_at`) VALUES (827, 2, NULL, 1, 4, '2018-02-06 02:25:36', '2017-12-29 02:41:04');
INSERT INTO `postcards` (`id`, `card_status`, `metadata`, `sender`, `receiver`, `sent_at`, `received_at`) VALUES (828, 2, NULL, 6, 7, '2005-09-12 17:31:58', '1991-04-27 08:20:11');
INSERT INTO `postcards` (`id`, `card_status`, `metadata`, `sender`, `receiver`, `sent_at`, `received_at`) VALUES (829, 1, NULL, 4, 5, '2014-01-08 23:56:43', '1989-07-17 00:05:11');
INSERT INTO `postcards` (`id`, `card_status`, `metadata`, `sender`, `receiver`, `sent_at`, `received_at`) VALUES (830, 1, NULL, 4, 1, '2009-12-11 23:47:57', '1999-08-31 22:26:43');
INSERT INTO `postcards` (`id`, `card_status`, `metadata`, `sender`, `receiver`, `sent_at`, `received_at`) VALUES (831, 1, NULL, 5, 4, '2008-10-25 22:26:16', '1973-02-08 09:49:56');
INSERT INTO `postcards` (`id`, `card_status`, `metadata`, `sender`, `receiver`, `sent_at`, `received_at`) VALUES (832, 1, NULL, 4, 3, '2020-09-20 20:24:08', '1986-12-18 11:34:22');
INSERT INTO `postcards` (`id`, `card_status`, `metadata`, `sender`, `receiver`, `sent_at`, `received_at`) VALUES (833, 1, NULL, 5, 5, '2014-09-11 08:42:45', '1982-01-25 18:38:00');
INSERT INTO `postcards` (`id`, `card_status`, `metadata`, `sender`, `receiver`, `sent_at`, `received_at`) VALUES (834, 1, NULL, 5, 5, '2016-08-19 15:43:23', '1972-08-08 11:52:39');
INSERT INTO `postcards` (`id`, `card_status`, `metadata`, `sender`, `receiver`, `sent_at`, `received_at`) VALUES (835, 1, NULL, 5, 5, '2001-08-25 09:17:55', '2014-04-04 04:40:03');
INSERT INTO `postcards` (`id`, `card_status`, `metadata`, `sender`, `receiver`, `sent_at`, `received_at`) VALUES (836, 1, NULL, 9, 3, '1977-07-02 09:30:59', '1998-10-02 23:44:42');
INSERT INTO `postcards` (`id`, `card_status`, `metadata`, `sender`, `receiver`, `sent_at`, `received_at`) VALUES (837, 1, NULL, 2, 3, '1984-01-02 17:20:55', '1991-12-13 23:30:10');
INSERT INTO `postcards` (`id`, `card_status`, `metadata`, `sender`, `receiver`, `sent_at`, `received_at`) VALUES (838, 3, NULL, 8, 2, '2016-11-28 10:17:08', '2008-12-20 07:33:07');
INSERT INTO `postcards` (`id`, `card_status`, `metadata`, `sender`, `receiver`, `sent_at`, `received_at`) VALUES (839, 1, NULL, 4, 1, '2004-04-28 10:40:51', '1984-07-27 20:16:35');
INSERT INTO `postcards` (`id`, `card_status`, `metadata`, `sender`, `receiver`, `sent_at`, `received_at`) VALUES (840, 1, NULL, 5, 1, '2003-04-05 18:37:13', '1986-03-07 11:38:56');
INSERT INTO `postcards` (`id`, `card_status`, `metadata`, `sender`, `receiver`, `sent_at`, `received_at`) VALUES (841, 1, NULL, 9, 9, '1992-12-02 03:32:36', '1973-12-09 22:41:03');
INSERT INTO `postcards` (`id`, `card_status`, `metadata`, `sender`, `receiver`, `sent_at`, `received_at`) VALUES (842, 1, NULL, 4, 3, '1974-10-27 11:55:10', '1977-05-13 14:54:14');
INSERT INTO `postcards` (`id`, `card_status`, `metadata`, `sender`, `receiver`, `sent_at`, `received_at`) VALUES (843, 1, NULL, 2, 9, '2003-03-06 05:06:46', '2016-01-14 10:37:13');
INSERT INTO `postcards` (`id`, `card_status`, `metadata`, `sender`, `receiver`, `sent_at`, `received_at`) VALUES (844, 1, NULL, 1, 5, '1984-05-05 22:54:19', '1978-08-21 08:17:32');
INSERT INTO `postcards` (`id`, `card_status`, `metadata`, `sender`, `receiver`, `sent_at`, `received_at`) VALUES (845, 1, NULL, 9, 6, '1974-04-24 13:23:42', '2018-10-02 19:27:57');
INSERT INTO `postcards` (`id`, `card_status`, `metadata`, `sender`, `receiver`, `sent_at`, `received_at`) VALUES (846, 1, NULL, 3, 3, '1988-10-28 12:30:04', '1975-12-30 18:48:13');
INSERT INTO `postcards` (`id`, `card_status`, `metadata`, `sender`, `receiver`, `sent_at`, `received_at`) VALUES (847, 2, NULL, 5, 5, '2014-08-12 17:03:44', '1993-10-03 05:49:18');
INSERT INTO `postcards` (`id`, `card_status`, `metadata`, `sender`, `receiver`, `sent_at`, `received_at`) VALUES (848, 3, NULL, 5, 6, '1972-10-12 00:30:17', '1992-01-19 07:34:43');
INSERT INTO `postcards` (`id`, `card_status`, `metadata`, `sender`, `receiver`, `sent_at`, `received_at`) VALUES (849, 3, NULL, 5, 3, '1984-10-19 20:32:42', '2010-01-03 04:33:02');
INSERT INTO `postcards` (`id`, `card_status`, `metadata`, `sender`, `receiver`, `sent_at`, `received_at`) VALUES (850, 3, NULL, 8, 5, '2018-11-29 09:08:55', '1987-08-11 19:31:04');
INSERT INTO `postcards` (`id`, `card_status`, `metadata`, `sender`, `receiver`, `sent_at`, `received_at`) VALUES (851, 3, NULL, 5, 8, '2010-05-12 13:55:24', '1972-09-24 11:55:06');
INSERT INTO `postcards` (`id`, `card_status`, `metadata`, `sender`, `receiver`, `sent_at`, `received_at`) VALUES (852, 1, NULL, 6, 6, '1972-06-12 13:01:52', '1980-12-01 02:18:56');
INSERT INTO `postcards` (`id`, `card_status`, `metadata`, `sender`, `receiver`, `sent_at`, `received_at`) VALUES (853, 3, NULL, 4, 9, '1973-03-24 06:58:27', '1977-02-17 00:06:00');
INSERT INTO `postcards` (`id`, `card_status`, `metadata`, `sender`, `receiver`, `sent_at`, `received_at`) VALUES (854, 3, NULL, 7, 9, '2004-05-02 15:06:35', '1999-05-14 14:37:59');
INSERT INTO `postcards` (`id`, `card_status`, `metadata`, `sender`, `receiver`, `sent_at`, `received_at`) VALUES (855, 3, NULL, 5, 5, '2019-08-31 07:36:56', '1978-10-27 17:25:40');
INSERT INTO `postcards` (`id`, `card_status`, `metadata`, `sender`, `receiver`, `sent_at`, `received_at`) VALUES (856, 2, NULL, 2, 2, '2002-07-14 09:41:16', '1995-10-16 22:27:54');
INSERT INTO `postcards` (`id`, `card_status`, `metadata`, `sender`, `receiver`, `sent_at`, `received_at`) VALUES (857, 3, NULL, 9, 4, '1987-01-20 02:28:50', '1984-02-29 07:08:32');
INSERT INTO `postcards` (`id`, `card_status`, `metadata`, `sender`, `receiver`, `sent_at`, `received_at`) VALUES (858, 1, NULL, 4, 7, '2015-05-03 06:20:42', '2019-06-26 17:50:46');
INSERT INTO `postcards` (`id`, `card_status`, `metadata`, `sender`, `receiver`, `sent_at`, `received_at`) VALUES (859, 3, NULL, 5, 1, '1989-01-12 17:16:19', '1995-11-27 04:58:06');
INSERT INTO `postcards` (`id`, `card_status`, `metadata`, `sender`, `receiver`, `sent_at`, `received_at`) VALUES (860, 3, NULL, 2, 4, '2005-05-14 02:35:16', '2005-04-23 21:41:54');
INSERT INTO `postcards` (`id`, `card_status`, `metadata`, `sender`, `receiver`, `sent_at`, `received_at`) VALUES (861, 3, NULL, 5, 5, '2006-08-19 08:27:44', '1981-07-20 21:25:53');
INSERT INTO `postcards` (`id`, `card_status`, `metadata`, `sender`, `receiver`, `sent_at`, `received_at`) VALUES (862, 3, NULL, 5, 8, '2004-07-10 01:57:59', '1996-10-30 13:57:33');
INSERT INTO `postcards` (`id`, `card_status`, `metadata`, `sender`, `receiver`, `sent_at`, `received_at`) VALUES (863, 3, NULL, 7, 1, '1988-11-18 21:07:30', '1973-01-07 23:26:15');
INSERT INTO `postcards` (`id`, `card_status`, `metadata`, `sender`, `receiver`, `sent_at`, `received_at`) VALUES (864, 3, NULL, 6, 8, '1986-02-11 20:43:30', '1988-09-04 23:43:09');
INSERT INTO `postcards` (`id`, `card_status`, `metadata`, `sender`, `receiver`, `sent_at`, `received_at`) VALUES (865, 3, NULL, 9, 9, '2020-02-25 22:09:00', '2003-09-07 13:07:21');
INSERT INTO `postcards` (`id`, `card_status`, `metadata`, `sender`, `receiver`, `sent_at`, `received_at`) VALUES (866, 2, NULL, 6, 8, '1976-11-25 14:51:49', '1974-06-09 08:02:50');
INSERT INTO `postcards` (`id`, `card_status`, `metadata`, `sender`, `receiver`, `sent_at`, `received_at`) VALUES (867, 2, NULL, 1, 3, '2005-08-12 21:45:16', '1989-03-06 16:45:53');
INSERT INTO `postcards` (`id`, `card_status`, `metadata`, `sender`, `receiver`, `sent_at`, `received_at`) VALUES (868, 2, NULL, 4, 6, '2018-03-04 00:22:51', '1988-11-01 05:25:40');
INSERT INTO `postcards` (`id`, `card_status`, `metadata`, `sender`, `receiver`, `sent_at`, `received_at`) VALUES (869, 2, NULL, 7, 9, '2017-09-09 00:40:13', '2011-02-07 19:55:53');
INSERT INTO `postcards` (`id`, `card_status`, `metadata`, `sender`, `receiver`, `sent_at`, `received_at`) VALUES (870, 2, NULL, 8, 3, '1992-01-18 14:09:18', '2019-04-26 10:52:50');
INSERT INTO `postcards` (`id`, `card_status`, `metadata`, `sender`, `receiver`, `sent_at`, `received_at`) VALUES (871, 2, NULL, 2, 1, '2020-03-04 08:00:14', '2011-07-17 17:21:47');
INSERT INTO `postcards` (`id`, `card_status`, `metadata`, `sender`, `receiver`, `sent_at`, `received_at`) VALUES (872, 2, NULL, 5, 6, '1986-06-19 10:18:23', '2005-08-12 16:20:11');
INSERT INTO `postcards` (`id`, `card_status`, `metadata`, `sender`, `receiver`, `sent_at`, `received_at`) VALUES (873, 2, NULL, 3, 9, '2020-10-29 05:52:33', '2000-05-27 01:59:14');
INSERT INTO `postcards` (`id`, `card_status`, `metadata`, `sender`, `receiver`, `sent_at`, `received_at`) VALUES (874, 1, NULL, 5, 8, '1970-09-06 13:21:55', '1970-01-05 16:14:09');
INSERT INTO `postcards` (`id`, `card_status`, `metadata`, `sender`, `receiver`, `sent_at`, `received_at`) VALUES (875, 2, NULL, 7, 9, '1985-02-15 00:17:58', '1981-04-10 04:23:21');
INSERT INTO `postcards` (`id`, `card_status`, `metadata`, `sender`, `receiver`, `sent_at`, `received_at`) VALUES (876, 2, NULL, 3, 4, '2002-11-14 12:38:28', '2005-10-15 15:31:01');
INSERT INTO `postcards` (`id`, `card_status`, `metadata`, `sender`, `receiver`, `sent_at`, `received_at`) VALUES (877, 2, NULL, 8, 1, '2009-08-11 13:21:36', '1997-07-03 05:39:14');
INSERT INTO `postcards` (`id`, `card_status`, `metadata`, `sender`, `receiver`, `sent_at`, `received_at`) VALUES (878, 1, NULL, 7, 5, '1976-01-27 10:28:48', '2006-05-16 23:45:19');
INSERT INTO `postcards` (`id`, `card_status`, `metadata`, `sender`, `receiver`, `sent_at`, `received_at`) VALUES (879, 2, NULL, 6, 5, '1986-11-23 12:44:45', '2019-12-22 16:54:08');
INSERT INTO `postcards` (`id`, `card_status`, `metadata`, `sender`, `receiver`, `sent_at`, `received_at`) VALUES (880, 2, NULL, 5, 1, '1970-12-13 14:05:29', '2017-02-09 07:13:38');
INSERT INTO `postcards` (`id`, `card_status`, `metadata`, `sender`, `receiver`, `sent_at`, `received_at`) VALUES (881, 2, NULL, 4, 9, '2018-09-27 13:59:58', '1995-08-11 23:09:08');
INSERT INTO `postcards` (`id`, `card_status`, `metadata`, `sender`, `receiver`, `sent_at`, `received_at`) VALUES (882, 1, NULL, 5, 1, '1985-12-12 15:39:26', '2019-03-16 02:34:37');
INSERT INTO `postcards` (`id`, `card_status`, `metadata`, `sender`, `receiver`, `sent_at`, `received_at`) VALUES (883, 2, NULL, 5, 5, '1980-11-08 00:23:26', '2003-01-19 11:00:15');
INSERT INTO `postcards` (`id`, `card_status`, `metadata`, `sender`, `receiver`, `sent_at`, `received_at`) VALUES (884, 2, NULL, 2, 5, '1974-09-03 18:51:19', '1989-05-05 10:04:20');
INSERT INTO `postcards` (`id`, `card_status`, `metadata`, `sender`, `receiver`, `sent_at`, `received_at`) VALUES (885, 2, NULL, 3, 5, '2013-06-18 06:57:06', '1987-02-21 12:20:23');
INSERT INTO `postcards` (`id`, `card_status`, `metadata`, `sender`, `receiver`, `sent_at`, `received_at`) VALUES (886, 2, NULL, 4, 5, '2003-08-29 03:07:47', '1979-04-18 03:37:58');
INSERT INTO `postcards` (`id`, `card_status`, `metadata`, `sender`, `receiver`, `sent_at`, `received_at`) VALUES (887, 2, NULL, 6, 4, '2000-07-04 02:15:18', '1972-11-24 12:21:29');
INSERT INTO `postcards` (`id`, `card_status`, `metadata`, `sender`, `receiver`, `sent_at`, `received_at`) VALUES (888, 3, NULL, 6, 8, '2017-01-30 02:38:04', '1990-09-30 05:53:25');
INSERT INTO `postcards` (`id`, `card_status`, `metadata`, `sender`, `receiver`, `sent_at`, `received_at`) VALUES (889, 2, NULL, 1, 2, '1994-03-16 19:50:40', '2020-02-25 07:13:31');
INSERT INTO `postcards` (`id`, `card_status`, `metadata`, `sender`, `receiver`, `sent_at`, `received_at`) VALUES (890, 2, NULL, 9, 2, '2014-07-27 08:54:12', '1974-04-14 07:29:10');
INSERT INTO `postcards` (`id`, `card_status`, `metadata`, `sender`, `receiver`, `sent_at`, `received_at`) VALUES (891, 2, NULL, 5, 2, '1971-12-25 20:42:05', '2004-09-26 16:24:37');
INSERT INTO `postcards` (`id`, `card_status`, `metadata`, `sender`, `receiver`, `sent_at`, `received_at`) VALUES (892, 3, NULL, 7, 5, '2007-06-23 14:28:02', '1977-11-11 04:25:32');
INSERT INTO `postcards` (`id`, `card_status`, `metadata`, `sender`, `receiver`, `sent_at`, `received_at`) VALUES (893, 2, NULL, 2, 6, '1983-10-14 17:09:19', '1983-06-28 18:11:19');
INSERT INTO `postcards` (`id`, `card_status`, `metadata`, `sender`, `receiver`, `sent_at`, `received_at`) VALUES (894, 1, NULL, 5, 4, '1996-10-01 10:48:37', '1998-03-23 07:29:54');
INSERT INTO `postcards` (`id`, `card_status`, `metadata`, `sender`, `receiver`, `sent_at`, `received_at`) VALUES (895, 2, NULL, 4, 4, '2019-04-03 10:56:26', '2013-05-13 11:02:49');
INSERT INTO `postcards` (`id`, `card_status`, `metadata`, `sender`, `receiver`, `sent_at`, `received_at`) VALUES (896, 2, NULL, 1, 3, '2018-03-23 18:19:57', '2017-08-03 08:12:53');
INSERT INTO `postcards` (`id`, `card_status`, `metadata`, `sender`, `receiver`, `sent_at`, `received_at`) VALUES (897, 2, NULL, 2, 7, '1992-06-17 08:23:23', '1992-01-31 15:12:07');
INSERT INTO `postcards` (`id`, `card_status`, `metadata`, `sender`, `receiver`, `sent_at`, `received_at`) VALUES (898, 2, NULL, 6, 6, '1983-09-17 21:20:46', '2006-08-16 05:51:13');
INSERT INTO `postcards` (`id`, `card_status`, `metadata`, `sender`, `receiver`, `sent_at`, `received_at`) VALUES (899, 2, NULL, 4, 2, '1985-10-23 02:36:09', '1997-08-09 11:18:27');
INSERT INTO `postcards` (`id`, `card_status`, `metadata`, `sender`, `receiver`, `sent_at`, `received_at`) VALUES (900, 2, NULL, 4, 1, '2021-03-30 15:40:24', '2013-05-17 23:52:15');
INSERT INTO `postcards` (`id`, `card_status`, `metadata`, `sender`, `receiver`, `sent_at`, `received_at`) VALUES (901, 3, NULL, 8, 4, '2003-04-18 14:51:18', '2010-05-17 18:27:50');
INSERT INTO `postcards` (`id`, `card_status`, `metadata`, `sender`, `receiver`, `sent_at`, `received_at`) VALUES (902, 3, NULL, 5, 6, '2005-03-19 06:20:08', '1972-04-05 01:56:29');
INSERT INTO `postcards` (`id`, `card_status`, `metadata`, `sender`, `receiver`, `sent_at`, `received_at`) VALUES (903, 1, NULL, 3, 7, '2015-05-08 13:28:10', '1997-04-17 10:20:19');
INSERT INTO `postcards` (`id`, `card_status`, `metadata`, `sender`, `receiver`, `sent_at`, `received_at`) VALUES (904, 1, NULL, 6, 5, '2002-11-17 08:12:40', '1997-07-11 02:25:49');
INSERT INTO `postcards` (`id`, `card_status`, `metadata`, `sender`, `receiver`, `sent_at`, `received_at`) VALUES (905, 1, NULL, 7, 2, '2007-06-12 23:11:04', '1997-08-10 00:36:12');
INSERT INTO `postcards` (`id`, `card_status`, `metadata`, `sender`, `receiver`, `sent_at`, `received_at`) VALUES (906, 2, NULL, 2, 1, '1981-12-30 21:26:05', '1976-04-03 20:30:35');
INSERT INTO `postcards` (`id`, `card_status`, `metadata`, `sender`, `receiver`, `sent_at`, `received_at`) VALUES (907, 1, NULL, 5, 5, '1972-03-21 09:39:32', '2008-06-22 07:25:48');
INSERT INTO `postcards` (`id`, `card_status`, `metadata`, `sender`, `receiver`, `sent_at`, `received_at`) VALUES (908, 3, NULL, 4, 1, '1970-03-31 15:28:00', '2006-11-25 15:14:27');
INSERT INTO `postcards` (`id`, `card_status`, `metadata`, `sender`, `receiver`, `sent_at`, `received_at`) VALUES (909, 1, NULL, 7, 3, '1973-02-11 15:22:40', '1979-07-29 09:26:06');
INSERT INTO `postcards` (`id`, `card_status`, `metadata`, `sender`, `receiver`, `sent_at`, `received_at`) VALUES (910, 1, NULL, 5, 3, '1993-10-05 23:01:37', '2013-01-28 10:31:17');
INSERT INTO `postcards` (`id`, `card_status`, `metadata`, `sender`, `receiver`, `sent_at`, `received_at`) VALUES (911, 2, NULL, 3, 2, '2003-07-31 11:12:22', '1970-11-01 01:10:05');
INSERT INTO `postcards` (`id`, `card_status`, `metadata`, `sender`, `receiver`, `sent_at`, `received_at`) VALUES (912, 1, NULL, 7, 6, '1986-10-05 19:45:51', '1994-11-25 05:40:36');
INSERT INTO `postcards` (`id`, `card_status`, `metadata`, `sender`, `receiver`, `sent_at`, `received_at`) VALUES (913, 2, NULL, 3, 7, '1986-12-17 00:31:18', '2000-11-18 00:35:57');
INSERT INTO `postcards` (`id`, `card_status`, `metadata`, `sender`, `receiver`, `sent_at`, `received_at`) VALUES (914, 1, NULL, 4, 5, '2009-01-26 00:23:10', '1978-01-13 04:42:48');
INSERT INTO `postcards` (`id`, `card_status`, `metadata`, `sender`, `receiver`, `sent_at`, `received_at`) VALUES (915, 1, NULL, 1, 5, '1987-09-11 07:07:02', '1985-07-07 20:57:52');
INSERT INTO `postcards` (`id`, `card_status`, `metadata`, `sender`, `receiver`, `sent_at`, `received_at`) VALUES (916, 1, NULL, 5, 6, '2001-11-26 13:11:14', '2004-05-16 16:11:41');
INSERT INTO `postcards` (`id`, `card_status`, `metadata`, `sender`, `receiver`, `sent_at`, `received_at`) VALUES (917, 2, NULL, 6, 1, '1994-12-13 08:14:28', '1980-08-13 16:23:31');
INSERT INTO `postcards` (`id`, `card_status`, `metadata`, `sender`, `receiver`, `sent_at`, `received_at`) VALUES (918, 1, NULL, 7, 8, '1989-04-02 23:54:56', '1986-10-01 19:44:56');
INSERT INTO `postcards` (`id`, `card_status`, `metadata`, `sender`, `receiver`, `sent_at`, `received_at`) VALUES (919, 1, NULL, 6, 5, '2020-12-13 23:40:10', '2006-11-16 03:49:30');
INSERT INTO `postcards` (`id`, `card_status`, `metadata`, `sender`, `receiver`, `sent_at`, `received_at`) VALUES (920, 1, NULL, 6, 9, '2008-11-29 10:31:08', '1980-02-23 12:59:13');
INSERT INTO `postcards` (`id`, `card_status`, `metadata`, `sender`, `receiver`, `sent_at`, `received_at`) VALUES (921, 1, NULL, 8, 3, '2006-01-24 04:20:48', '2001-09-18 09:53:26');
INSERT INTO `postcards` (`id`, `card_status`, `metadata`, `sender`, `receiver`, `sent_at`, `received_at`) VALUES (922, 1, NULL, 7, 6, '1970-04-17 00:56:05', '2012-05-02 12:04:49');
INSERT INTO `postcards` (`id`, `card_status`, `metadata`, `sender`, `receiver`, `sent_at`, `received_at`) VALUES (923, 2, NULL, 7, 1, '2015-03-17 11:58:02', '1970-02-02 11:06:20');
INSERT INTO `postcards` (`id`, `card_status`, `metadata`, `sender`, `receiver`, `sent_at`, `received_at`) VALUES (924, 1, NULL, 5, 5, '1981-08-06 23:28:02', '2010-03-21 16:34:15');
INSERT INTO `postcards` (`id`, `card_status`, `metadata`, `sender`, `receiver`, `sent_at`, `received_at`) VALUES (925, 1, NULL, 8, 8, '1983-07-03 12:19:32', '1999-10-01 00:01:18');
INSERT INTO `postcards` (`id`, `card_status`, `metadata`, `sender`, `receiver`, `sent_at`, `received_at`) VALUES (926, 1, NULL, 5, 2, '2010-01-29 19:59:04', '2010-03-31 11:36:37');
INSERT INTO `postcards` (`id`, `card_status`, `metadata`, `sender`, `receiver`, `sent_at`, `received_at`) VALUES (927, 3, NULL, 4, 5, '1976-01-18 13:48:53', '2006-08-23 20:02:27');
INSERT INTO `postcards` (`id`, `card_status`, `metadata`, `sender`, `receiver`, `sent_at`, `received_at`) VALUES (928, 2, NULL, 5, 5, '1988-09-22 18:17:14', '1984-05-20 05:38:32');
INSERT INTO `postcards` (`id`, `card_status`, `metadata`, `sender`, `receiver`, `sent_at`, `received_at`) VALUES (929, 1, NULL, 5, 3, '1982-09-05 21:49:39', '1993-11-05 03:03:54');
INSERT INTO `postcards` (`id`, `card_status`, `metadata`, `sender`, `receiver`, `sent_at`, `received_at`) VALUES (930, 1, NULL, 7, 9, '1994-06-07 11:31:09', '2018-12-31 09:38:27');
INSERT INTO `postcards` (`id`, `card_status`, `metadata`, `sender`, `receiver`, `sent_at`, `received_at`) VALUES (931, 3, NULL, 7, 8, '1977-05-14 23:39:24', '1970-10-02 12:08:20');
INSERT INTO `postcards` (`id`, `card_status`, `metadata`, `sender`, `receiver`, `sent_at`, `received_at`) VALUES (932, 1, NULL, 9, 7, '2017-10-28 09:04:58', '2002-06-01 00:56:03');
INSERT INTO `postcards` (`id`, `card_status`, `metadata`, `sender`, `receiver`, `sent_at`, `received_at`) VALUES (933, 2, NULL, 7, 7, '1977-07-30 15:31:29', '1988-10-20 20:58:56');
INSERT INTO `postcards` (`id`, `card_status`, `metadata`, `sender`, `receiver`, `sent_at`, `received_at`) VALUES (934, 2, NULL, 7, 3, '1970-04-11 15:06:21', '1993-09-27 09:46:44');
INSERT INTO `postcards` (`id`, `card_status`, `metadata`, `sender`, `receiver`, `sent_at`, `received_at`) VALUES (935, 2, NULL, 4, 8, '1999-01-30 11:00:25', '1991-06-10 13:59:20');
INSERT INTO `postcards` (`id`, `card_status`, `metadata`, `sender`, `receiver`, `sent_at`, `received_at`) VALUES (936, 2, NULL, 6, 7, '1984-04-25 08:04:51', '1983-01-14 10:23:29');
INSERT INTO `postcards` (`id`, `card_status`, `metadata`, `sender`, `receiver`, `sent_at`, `received_at`) VALUES (937, 1, NULL, 6, 8, '1994-09-06 03:03:31', '2010-05-13 15:28:00');
INSERT INTO `postcards` (`id`, `card_status`, `metadata`, `sender`, `receiver`, `sent_at`, `received_at`) VALUES (938, 2, NULL, 5, 7, '2010-10-20 16:08:02', '1985-11-01 11:10:57');
INSERT INTO `postcards` (`id`, `card_status`, `metadata`, `sender`, `receiver`, `sent_at`, `received_at`) VALUES (939, 2, NULL, 9, 2, '2014-03-15 04:08:23', '1996-07-21 13:49:21');
INSERT INTO `postcards` (`id`, `card_status`, `metadata`, `sender`, `receiver`, `sent_at`, `received_at`) VALUES (940, 2, NULL, 3, 9, '1992-02-16 12:35:48', '1975-12-08 21:26:08');
INSERT INTO `postcards` (`id`, `card_status`, `metadata`, `sender`, `receiver`, `sent_at`, `received_at`) VALUES (941, 2, NULL, 5, 8, '2016-08-30 11:21:45', '1980-02-29 21:31:24');
INSERT INTO `postcards` (`id`, `card_status`, `metadata`, `sender`, `receiver`, `sent_at`, `received_at`) VALUES (942, 2, NULL, 6, 2, '1981-10-21 01:55:00', '1972-01-01 19:54:08');
INSERT INTO `postcards` (`id`, `card_status`, `metadata`, `sender`, `receiver`, `sent_at`, `received_at`) VALUES (943, 2, NULL, 5, 9, '2016-03-01 13:30:03', '2005-12-18 05:37:20');
INSERT INTO `postcards` (`id`, `card_status`, `metadata`, `sender`, `receiver`, `sent_at`, `received_at`) VALUES (944, 2, NULL, 5, 5, '2000-12-21 19:15:42', '2016-02-11 04:11:44');
INSERT INTO `postcards` (`id`, `card_status`, `metadata`, `sender`, `receiver`, `sent_at`, `received_at`) VALUES (945, 2, NULL, 8, 1, '1987-12-02 16:29:15', '1994-09-22 05:01:56');
INSERT INTO `postcards` (`id`, `card_status`, `metadata`, `sender`, `receiver`, `sent_at`, `received_at`) VALUES (946, 2, NULL, 1, 2, '1971-09-26 13:10:00', '2010-06-30 22:18:21');
INSERT INTO `postcards` (`id`, `card_status`, `metadata`, `sender`, `receiver`, `sent_at`, `received_at`) VALUES (947, 2, NULL, 5, 5, '2019-11-15 17:46:57', '1999-05-12 04:56:10');
INSERT INTO `postcards` (`id`, `card_status`, `metadata`, `sender`, `receiver`, `sent_at`, `received_at`) VALUES (948, 2, NULL, 5, 1, '2000-03-03 07:03:39', '1987-07-23 21:59:40');
INSERT INTO `postcards` (`id`, `card_status`, `metadata`, `sender`, `receiver`, `sent_at`, `received_at`) VALUES (949, 2, NULL, 8, 2, '2000-02-23 04:39:56', '2019-09-01 01:13:28');
INSERT INTO `postcards` (`id`, `card_status`, `metadata`, `sender`, `receiver`, `sent_at`, `received_at`) VALUES (950, 3, NULL, 9, 5, '2016-07-20 09:47:18', '1982-09-02 05:59:02');
INSERT INTO `postcards` (`id`, `card_status`, `metadata`, `sender`, `receiver`, `sent_at`, `received_at`) VALUES (951, 2, NULL, 4, 9, '1994-08-11 17:47:33', '2006-07-16 02:02:25');
INSERT INTO `postcards` (`id`, `card_status`, `metadata`, `sender`, `receiver`, `sent_at`, `received_at`) VALUES (952, 2, NULL, 5, 2, '2005-11-24 02:34:10', '1989-05-30 02:50:52');
INSERT INTO `postcards` (`id`, `card_status`, `metadata`, `sender`, `receiver`, `sent_at`, `received_at`) VALUES (953, 2, NULL, 4, 2, '2006-08-23 05:29:58', '1981-06-14 18:51:18');
INSERT INTO `postcards` (`id`, `card_status`, `metadata`, `sender`, `receiver`, `sent_at`, `received_at`) VALUES (954, 3, NULL, 5, 8, '2011-06-17 17:04:49', '1970-05-21 17:47:09');
INSERT INTO `postcards` (`id`, `card_status`, `metadata`, `sender`, `receiver`, `sent_at`, `received_at`) VALUES (955, 2, NULL, 7, 5, '1984-03-04 18:04:12', '2011-06-03 13:18:04');
INSERT INTO `postcards` (`id`, `card_status`, `metadata`, `sender`, `receiver`, `sent_at`, `received_at`) VALUES (956, 2, NULL, 4, 1, '2019-02-02 18:48:33', '1975-04-06 14:00:01');
INSERT INTO `postcards` (`id`, `card_status`, `metadata`, `sender`, `receiver`, `sent_at`, `received_at`) VALUES (957, 2, NULL, 3, 7, '2005-08-27 18:07:54', '2007-04-06 12:26:28');
INSERT INTO `postcards` (`id`, `card_status`, `metadata`, `sender`, `receiver`, `sent_at`, `received_at`) VALUES (958, 2, NULL, 3, 8, '1999-08-26 03:26:36', '1976-12-30 22:42:47');
INSERT INTO `postcards` (`id`, `card_status`, `metadata`, `sender`, `receiver`, `sent_at`, `received_at`) VALUES (959, 1, NULL, 2, 8, '1979-11-27 14:32:57', '2009-06-07 00:59:13');
INSERT INTO `postcards` (`id`, `card_status`, `metadata`, `sender`, `receiver`, `sent_at`, `received_at`) VALUES (960, 2, NULL, 9, 2, '2009-08-06 14:21:17', '2001-03-27 10:58:54');
INSERT INTO `postcards` (`id`, `card_status`, `metadata`, `sender`, `receiver`, `sent_at`, `received_at`) VALUES (961, 2, NULL, 5, 8, '1997-10-10 01:02:19', '2020-10-08 23:14:53');
INSERT INTO `postcards` (`id`, `card_status`, `metadata`, `sender`, `receiver`, `sent_at`, `received_at`) VALUES (962, 2, NULL, 9, 4, '2019-10-22 09:35:08', '1983-05-30 23:13:43');
INSERT INTO `postcards` (`id`, `card_status`, `metadata`, `sender`, `receiver`, `sent_at`, `received_at`) VALUES (963, 2, NULL, 7, 6, '1976-06-17 20:09:57', '2005-05-07 22:33:40');
INSERT INTO `postcards` (`id`, `card_status`, `metadata`, `sender`, `receiver`, `sent_at`, `received_at`) VALUES (964, 2, NULL, 8, 5, '2001-05-02 17:00:51', '1970-09-19 20:08:37');
INSERT INTO `postcards` (`id`, `card_status`, `metadata`, `sender`, `receiver`, `sent_at`, `received_at`) VALUES (965, 2, NULL, 1, 6, '1983-11-04 17:14:56', '1972-06-14 21:23:23');
INSERT INTO `postcards` (`id`, `card_status`, `metadata`, `sender`, `receiver`, `sent_at`, `received_at`) VALUES (966, 2, NULL, 8, 7, '1976-05-22 23:28:08', '1989-01-21 07:24:08');
INSERT INTO `postcards` (`id`, `card_status`, `metadata`, `sender`, `receiver`, `sent_at`, `received_at`) VALUES (967, 2, NULL, 6, 1, '1978-03-09 01:39:49', '2008-03-23 13:32:07');
INSERT INTO `postcards` (`id`, `card_status`, `metadata`, `sender`, `receiver`, `sent_at`, `received_at`) VALUES (968, 2, NULL, 4, 5, '1998-02-10 07:56:31', '2002-08-22 07:12:17');
INSERT INTO `postcards` (`id`, `card_status`, `metadata`, `sender`, `receiver`, `sent_at`, `received_at`) VALUES (969, 2, NULL, 2, 9, '1992-11-15 13:49:04', '2017-02-10 03:22:58');
INSERT INTO `postcards` (`id`, `card_status`, `metadata`, `sender`, `receiver`, `sent_at`, `received_at`) VALUES (970, 2, NULL, 5, 3, '1991-08-21 09:26:42', '1971-08-12 11:04:38');
INSERT INTO `postcards` (`id`, `card_status`, `metadata`, `sender`, `receiver`, `sent_at`, `received_at`) VALUES (971, 3, NULL, 6, 5, '1992-10-06 14:40:14', '2000-11-05 06:07:35');
INSERT INTO `postcards` (`id`, `card_status`, `metadata`, `sender`, `receiver`, `sent_at`, `received_at`) VALUES (972, 2, NULL, 5, 3, '1980-07-16 22:33:58', '1976-11-03 09:25:54');
INSERT INTO `postcards` (`id`, `card_status`, `metadata`, `sender`, `receiver`, `sent_at`, `received_at`) VALUES (973, 2, NULL, 9, 1, '2019-08-21 17:43:14', '1990-12-22 00:03:29');
INSERT INTO `postcards` (`id`, `card_status`, `metadata`, `sender`, `receiver`, `sent_at`, `received_at`) VALUES (974, 2, NULL, 2, 9, '1985-07-21 13:06:02', '1986-06-16 12:04:09');
INSERT INTO `postcards` (`id`, `card_status`, `metadata`, `sender`, `receiver`, `sent_at`, `received_at`) VALUES (975, 2, NULL, 1, 6, '1988-07-28 10:59:58', '1990-01-09 09:29:09');
INSERT INTO `postcards` (`id`, `card_status`, `metadata`, `sender`, `receiver`, `sent_at`, `received_at`) VALUES (976, 1, NULL, 9, 2, '2008-06-17 08:40:03', '2001-08-14 06:53:56');
INSERT INTO `postcards` (`id`, `card_status`, `metadata`, `sender`, `receiver`, `sent_at`, `received_at`) VALUES (977, 2, NULL, 4, 9, '1978-01-31 04:50:08', '1998-11-02 22:24:54');
INSERT INTO `postcards` (`id`, `card_status`, `metadata`, `sender`, `receiver`, `sent_at`, `received_at`) VALUES (978, 1, NULL, 8, 2, '2004-08-09 02:59:04', '1985-06-23 01:37:57');
INSERT INTO `postcards` (`id`, `card_status`, `metadata`, `sender`, `receiver`, `sent_at`, `received_at`) VALUES (979, 1, NULL, 2, 2, '1999-11-22 00:52:32', '1996-03-18 18:16:14');
INSERT INTO `postcards` (`id`, `card_status`, `metadata`, `sender`, `receiver`, `sent_at`, `received_at`) VALUES (980, 2, NULL, 4, 5, '2011-09-09 23:56:14', '1983-10-19 01:03:41');
INSERT INTO `postcards` (`id`, `card_status`, `metadata`, `sender`, `receiver`, `sent_at`, `received_at`) VALUES (981, 1, NULL, 6, 1, '2020-10-10 12:51:19', '1990-11-25 03:43:54');
INSERT INTO `postcards` (`id`, `card_status`, `metadata`, `sender`, `receiver`, `sent_at`, `received_at`) VALUES (982, 1, NULL, 3, 6, '1986-03-02 17:04:32', '2009-01-11 05:08:01');
INSERT INTO `postcards` (`id`, `card_status`, `metadata`, `sender`, `receiver`, `sent_at`, `received_at`) VALUES (983, 1, NULL, 6, 1, '1992-11-27 04:53:10', '1978-06-10 15:56:35');
INSERT INTO `postcards` (`id`, `card_status`, `metadata`, `sender`, `receiver`, `sent_at`, `received_at`) VALUES (984, 1, NULL, 2, 2, '2018-12-13 21:26:42', '2000-11-16 03:20:38');
INSERT INTO `postcards` (`id`, `card_status`, `metadata`, `sender`, `receiver`, `sent_at`, `received_at`) VALUES (985, 1, NULL, 1, 4, '2007-10-27 05:17:47', '1990-12-03 08:53:01');
INSERT INTO `postcards` (`id`, `card_status`, `metadata`, `sender`, `receiver`, `sent_at`, `received_at`) VALUES (986, 1, NULL, 1, 7, '2000-02-05 09:03:28', '1990-01-18 16:42:46');
INSERT INTO `postcards` (`id`, `card_status`, `metadata`, `sender`, `receiver`, `sent_at`, `received_at`) VALUES (987, 1, NULL, 9, 5, '2004-12-24 03:28:21', '2000-01-26 11:09:33');
INSERT INTO `postcards` (`id`, `card_status`, `metadata`, `sender`, `receiver`, `sent_at`, `received_at`) VALUES (988, 1, NULL, 1, 1, '1993-03-30 17:31:14', '1970-11-08 20:13:20');
INSERT INTO `postcards` (`id`, `card_status`, `metadata`, `sender`, `receiver`, `sent_at`, `received_at`) VALUES (989, 1, NULL, 5, 5, '2000-08-22 08:08:17', '1990-11-26 04:48:44');
INSERT INTO `postcards` (`id`, `card_status`, `metadata`, `sender`, `receiver`, `sent_at`, `received_at`) VALUES (990, 3, NULL, 7, 9, '1976-08-15 21:25:04', '2020-01-09 18:13:23');
INSERT INTO `postcards` (`id`, `card_status`, `metadata`, `sender`, `receiver`, `sent_at`, `received_at`) VALUES (991, 2, NULL, 3, 2, '1988-08-26 11:36:18', '2006-01-15 15:38:24');
INSERT INTO `postcards` (`id`, `card_status`, `metadata`, `sender`, `receiver`, `sent_at`, `received_at`) VALUES (992, 2, NULL, 5, 5, '1994-08-27 10:37:16', '1992-04-16 20:03:22');
INSERT INTO `postcards` (`id`, `card_status`, `metadata`, `sender`, `receiver`, `sent_at`, `received_at`) VALUES (993, 2, NULL, 6, 5, '2009-04-19 18:05:00', '1974-09-25 06:05:57');
INSERT INTO `postcards` (`id`, `card_status`, `metadata`, `sender`, `receiver`, `sent_at`, `received_at`) VALUES (994, 2, NULL, 2, 3, '1999-09-26 01:34:31', '1971-06-30 15:44:22');
INSERT INTO `postcards` (`id`, `card_status`, `metadata`, `sender`, `receiver`, `sent_at`, `received_at`) VALUES (995, 2, NULL, 8, 5, '2020-06-07 04:55:25', '2014-06-10 15:15:00');
INSERT INTO `postcards` (`id`, `card_status`, `metadata`, `sender`, `receiver`, `sent_at`, `received_at`) VALUES (996, 2, NULL, 7, 7, '1982-09-19 17:56:26', '2019-02-26 20:21:10');
INSERT INTO `postcards` (`id`, `card_status`, `metadata`, `sender`, `receiver`, `sent_at`, `received_at`) VALUES (997, 2, NULL, 2, 8, '1982-06-12 11:24:40', '1987-12-18 02:06:11');
INSERT INTO `postcards` (`id`, `card_status`, `metadata`, `sender`, `receiver`, `sent_at`, `received_at`) VALUES (998, 3, NULL, 4, 4, '1970-07-03 06:50:23', '2012-01-03 10:47:15');
INSERT INTO `postcards` (`id`, `card_status`, `metadata`, `sender`, `receiver`, `sent_at`, `received_at`) VALUES (999, 2, NULL, 5, 3, '1972-09-14 10:24:20', '2009-12-29 20:37:17');
INSERT INTO `postcards` (`id`, `card_status`, `metadata`, `sender`, `receiver`, `sent_at`, `received_at`) VALUES (1000, 2, NULL, 2, 6, '1992-11-29 06:10:37', '2016-01-07 10:04:55');

UPDATE postcards SET received_at = NOW() WHERE sent_at > received_at;   
UPDATE postcards SET sender = FLOOR( 1 + RAND( ) * 137 );
UPDATE postcards SET receiver = FLOOR( 1 + RAND( ) * 137 );

DROP TABLE IF EXISTS likes;
CREATE TABLE likes (
	id INT UNSIGNED NOT NULL AUTO_INCREMENT PRIMARY KEY COMMENT "Идентификатор строки", 
    liker_id INT UNSIGNED NOT NULL COMMENT "Кто поставил лайк",
    target_id INT UNSIGNED NOT NULL COMMENT "Кому поставили лайк",
    created_at DATETIME DEFAULT CURRENT_TIMESTAMP COMMENT "Время создания строки",  
    updated_at DATETIME DEFAULT CURRENT_TIMESTAMP ON UPDATE CURRENT_TIMESTAMP COMMENT "Время обновления строки",
    FOREIGN KEY (liker_id) REFERENCES users(id),
    FOREIGN KEY (target_id) REFERENCES postcards(id)
) COMMENT 'таблица с лайками к открыткам';

INSERT INTO `likes` (`id`, `liker_id`, `target_id`, `created_at`, `updated_at`) VALUES (1, 7, 9, '1971-10-06 01:38:35', '1974-07-13 08:44:02');
INSERT INTO `likes` (`id`, `liker_id`, `target_id`, `created_at`, `updated_at`) VALUES (2, 3, 9, '1975-04-08 18:41:32', '2002-11-17 23:21:16');
INSERT INTO `likes` (`id`, `liker_id`, `target_id`, `created_at`, `updated_at`) VALUES (3, 4, 7, '1980-10-16 04:13:14', '1988-06-13 12:21:31');
INSERT INTO `likes` (`id`, `liker_id`, `target_id`, `created_at`, `updated_at`) VALUES (4, 4, 2, '1986-04-19 00:24:16', '2002-02-27 17:02:09');
INSERT INTO `likes` (`id`, `liker_id`, `target_id`, `created_at`, `updated_at`) VALUES (5, 4, 5, '1996-01-24 14:25:23', '1970-07-12 03:41:39');
INSERT INTO `likes` (`id`, `liker_id`, `target_id`, `created_at`, `updated_at`) VALUES (6, 2, 9, '2012-11-13 18:43:25', '1982-09-08 12:03:11');
INSERT INTO `likes` (`id`, `liker_id`, `target_id`, `created_at`, `updated_at`) VALUES (7, 9, 7, '2000-05-16 14:45:43', '2004-03-26 16:40:16');
INSERT INTO `likes` (`id`, `liker_id`, `target_id`, `created_at`, `updated_at`) VALUES (8, 5, 3, '1976-06-10 18:44:56', '1980-03-09 05:01:26');
INSERT INTO `likes` (`id`, `liker_id`, `target_id`, `created_at`, `updated_at`) VALUES (9, 4, 2, '1976-07-19 09:44:50', '1993-05-07 06:25:48');
INSERT INTO `likes` (`id`, `liker_id`, `target_id`, `created_at`, `updated_at`) VALUES (10, 3, 2, '1981-05-27 04:54:07', '2010-01-19 21:58:20');
INSERT INTO `likes` (`id`, `liker_id`, `target_id`, `created_at`, `updated_at`) VALUES (11, 9, 3, '2018-08-02 05:11:01', '2015-06-23 03:40:24');
INSERT INTO `likes` (`id`, `liker_id`, `target_id`, `created_at`, `updated_at`) VALUES (12, 2, 2, '1974-10-22 10:21:45', '2021-05-17 08:27:21');
INSERT INTO `likes` (`id`, `liker_id`, `target_id`, `created_at`, `updated_at`) VALUES (13, 6, 8, '2015-04-19 06:41:35', '1999-08-07 14:26:19');
INSERT INTO `likes` (`id`, `liker_id`, `target_id`, `created_at`, `updated_at`) VALUES (14, 7, 6, '2005-07-01 22:57:27', '2018-06-02 00:52:11');
INSERT INTO `likes` (`id`, `liker_id`, `target_id`, `created_at`, `updated_at`) VALUES (15, 2, 6, '1999-09-08 06:47:05', '2021-02-25 06:27:50');
INSERT INTO `likes` (`id`, `liker_id`, `target_id`, `created_at`, `updated_at`) VALUES (16, 8, 4, '1983-09-29 03:16:54', '1970-07-28 10:29:40');
INSERT INTO `likes` (`id`, `liker_id`, `target_id`, `created_at`, `updated_at`) VALUES (17, 2, 3, '2004-09-25 11:09:03', '2011-01-19 14:44:08');
INSERT INTO `likes` (`id`, `liker_id`, `target_id`, `created_at`, `updated_at`) VALUES (18, 1, 2, '1993-10-09 19:20:12', '2018-08-15 07:49:06');
INSERT INTO `likes` (`id`, `liker_id`, `target_id`, `created_at`, `updated_at`) VALUES (19, 9, 1, '2010-06-27 15:38:49', '2002-05-11 01:20:55');
INSERT INTO `likes` (`id`, `liker_id`, `target_id`, `created_at`, `updated_at`) VALUES (20, 7, 6, '2020-08-02 18:51:37', '2001-09-29 18:25:45');
INSERT INTO `likes` (`id`, `liker_id`, `target_id`, `created_at`, `updated_at`) VALUES (21, 4, 1, '2006-04-19 08:58:24', '2009-06-04 23:52:02');
INSERT INTO `likes` (`id`, `liker_id`, `target_id`, `created_at`, `updated_at`) VALUES (22, 3, 1, '1984-04-19 06:25:16', '2019-07-13 04:40:48');
INSERT INTO `likes` (`id`, `liker_id`, `target_id`, `created_at`, `updated_at`) VALUES (23, 2, 5, '1988-12-17 14:03:25', '1971-09-09 09:13:47');
INSERT INTO `likes` (`id`, `liker_id`, `target_id`, `created_at`, `updated_at`) VALUES (24, 3, 6, '2020-05-23 14:24:31', '1974-11-07 22:12:38');
INSERT INTO `likes` (`id`, `liker_id`, `target_id`, `created_at`, `updated_at`) VALUES (25, 9, 1, '1998-02-20 06:05:06', '2002-12-24 14:18:52');
INSERT INTO `likes` (`id`, `liker_id`, `target_id`, `created_at`, `updated_at`) VALUES (26, 4, 1, '2008-12-21 09:30:28', '2007-10-05 04:53:26');
INSERT INTO `likes` (`id`, `liker_id`, `target_id`, `created_at`, `updated_at`) VALUES (27, 4, 2, '2003-10-28 08:39:54', '1992-01-04 18:50:55');
INSERT INTO `likes` (`id`, `liker_id`, `target_id`, `created_at`, `updated_at`) VALUES (28, 7, 6, '1987-12-19 08:39:28', '2005-04-25 16:04:26');
INSERT INTO `likes` (`id`, `liker_id`, `target_id`, `created_at`, `updated_at`) VALUES (29, 9, 7, '1972-02-17 22:05:48', '1978-06-06 17:45:16');
INSERT INTO `likes` (`id`, `liker_id`, `target_id`, `created_at`, `updated_at`) VALUES (30, 6, 9, '2010-05-16 13:01:24', '1997-07-30 22:56:13');
INSERT INTO `likes` (`id`, `liker_id`, `target_id`, `created_at`, `updated_at`) VALUES (31, 7, 2, '1983-11-20 02:48:05', '2003-01-29 00:30:36');
INSERT INTO `likes` (`id`, `liker_id`, `target_id`, `created_at`, `updated_at`) VALUES (32, 9, 8, '2014-12-12 02:24:29', '1975-12-10 15:15:06');
INSERT INTO `likes` (`id`, `liker_id`, `target_id`, `created_at`, `updated_at`) VALUES (33, 9, 3, '1983-07-01 04:11:02', '2017-07-28 01:17:42');
INSERT INTO `likes` (`id`, `liker_id`, `target_id`, `created_at`, `updated_at`) VALUES (34, 3, 6, '1974-09-21 17:57:48', '1983-01-07 00:24:54');
INSERT INTO `likes` (`id`, `liker_id`, `target_id`, `created_at`, `updated_at`) VALUES (35, 7, 9, '1970-05-11 16:14:00', '2018-07-14 03:25:56');
INSERT INTO `likes` (`id`, `liker_id`, `target_id`, `created_at`, `updated_at`) VALUES (36, 8, 1, '1998-08-20 05:42:18', '2011-09-30 16:28:56');
INSERT INTO `likes` (`id`, `liker_id`, `target_id`, `created_at`, `updated_at`) VALUES (37, 2, 7, '2018-10-07 13:32:14', '2020-04-01 18:25:39');
INSERT INTO `likes` (`id`, `liker_id`, `target_id`, `created_at`, `updated_at`) VALUES (38, 2, 9, '2007-10-05 22:34:42', '2017-03-05 10:17:54');
INSERT INTO `likes` (`id`, `liker_id`, `target_id`, `created_at`, `updated_at`) VALUES (39, 5, 9, '1984-08-14 21:35:56', '1999-08-26 05:42:13');
INSERT INTO `likes` (`id`, `liker_id`, `target_id`, `created_at`, `updated_at`) VALUES (40, 8, 3, '1990-10-27 20:28:37', '1975-07-31 22:23:12');
INSERT INTO `likes` (`id`, `liker_id`, `target_id`, `created_at`, `updated_at`) VALUES (41, 3, 7, '1982-05-04 00:08:31', '1977-11-25 02:22:37');
INSERT INTO `likes` (`id`, `liker_id`, `target_id`, `created_at`, `updated_at`) VALUES (42, 4, 2, '1975-10-17 16:47:06', '2015-02-08 17:42:41');
INSERT INTO `likes` (`id`, `liker_id`, `target_id`, `created_at`, `updated_at`) VALUES (43, 2, 5, '1976-05-03 18:15:25', '1972-02-12 13:27:44');
INSERT INTO `likes` (`id`, `liker_id`, `target_id`, `created_at`, `updated_at`) VALUES (44, 1, 4, '2019-04-10 01:53:49', '1998-07-03 12:43:50');
INSERT INTO `likes` (`id`, `liker_id`, `target_id`, `created_at`, `updated_at`) VALUES (45, 5, 3, '2003-06-29 04:58:18', '1998-11-11 19:57:00');
INSERT INTO `likes` (`id`, `liker_id`, `target_id`, `created_at`, `updated_at`) VALUES (46, 8, 6, '1973-11-15 18:07:34', '1996-08-02 16:32:03');
INSERT INTO `likes` (`id`, `liker_id`, `target_id`, `created_at`, `updated_at`) VALUES (47, 9, 4, '2002-02-04 06:24:02', '1994-11-17 03:29:19');
INSERT INTO `likes` (`id`, `liker_id`, `target_id`, `created_at`, `updated_at`) VALUES (48, 2, 8, '1996-11-01 03:44:32', '2013-08-11 03:22:55');
INSERT INTO `likes` (`id`, `liker_id`, `target_id`, `created_at`, `updated_at`) VALUES (49, 3, 3, '1985-07-01 05:02:26', '2009-05-22 04:08:32');
INSERT INTO `likes` (`id`, `liker_id`, `target_id`, `created_at`, `updated_at`) VALUES (50, 3, 2, '2005-12-02 07:48:09', '1978-08-29 22:34:36');
INSERT INTO `likes` (`id`, `liker_id`, `target_id`, `created_at`, `updated_at`) VALUES (51, 2, 9, '2007-07-25 00:23:17', '2006-11-23 22:27:32');
INSERT INTO `likes` (`id`, `liker_id`, `target_id`, `created_at`, `updated_at`) VALUES (52, 8, 9, '1982-01-16 19:25:17', '1977-02-16 13:01:32');
INSERT INTO `likes` (`id`, `liker_id`, `target_id`, `created_at`, `updated_at`) VALUES (53, 5, 3, '2002-06-16 17:42:16', '1982-03-14 05:21:46');
INSERT INTO `likes` (`id`, `liker_id`, `target_id`, `created_at`, `updated_at`) VALUES (54, 1, 5, '1992-03-19 13:31:06', '1984-05-21 15:40:28');
INSERT INTO `likes` (`id`, `liker_id`, `target_id`, `created_at`, `updated_at`) VALUES (55, 1, 2, '1998-09-05 22:31:00', '1983-07-14 05:42:47');
INSERT INTO `likes` (`id`, `liker_id`, `target_id`, `created_at`, `updated_at`) VALUES (56, 8, 3, '1997-03-30 17:48:15', '2010-02-08 04:15:21');
INSERT INTO `likes` (`id`, `liker_id`, `target_id`, `created_at`, `updated_at`) VALUES (57, 5, 4, '1996-02-05 10:02:54', '2002-08-13 06:44:11');
INSERT INTO `likes` (`id`, `liker_id`, `target_id`, `created_at`, `updated_at`) VALUES (58, 2, 3, '1975-06-27 10:09:39', '2000-11-07 21:50:38');
INSERT INTO `likes` (`id`, `liker_id`, `target_id`, `created_at`, `updated_at`) VALUES (59, 4, 1, '2019-07-23 10:59:50', '1984-07-11 04:25:09');
INSERT INTO `likes` (`id`, `liker_id`, `target_id`, `created_at`, `updated_at`) VALUES (60, 4, 1, '1976-10-09 00:28:34', '1970-10-06 05:53:00');
INSERT INTO `likes` (`id`, `liker_id`, `target_id`, `created_at`, `updated_at`) VALUES (61, 1, 7, '1977-04-21 19:10:32', '1979-07-28 10:19:46');
INSERT INTO `likes` (`id`, `liker_id`, `target_id`, `created_at`, `updated_at`) VALUES (62, 7, 7, '1988-12-14 18:05:10', '1988-05-16 13:05:45');
INSERT INTO `likes` (`id`, `liker_id`, `target_id`, `created_at`, `updated_at`) VALUES (63, 7, 9, '1978-02-05 09:19:16', '1991-05-29 08:36:30');
INSERT INTO `likes` (`id`, `liker_id`, `target_id`, `created_at`, `updated_at`) VALUES (64, 6, 2, '2017-08-28 22:37:35', '2000-08-08 23:03:48');
INSERT INTO `likes` (`id`, `liker_id`, `target_id`, `created_at`, `updated_at`) VALUES (65, 7, 6, '1980-07-17 22:31:59', '2011-03-06 19:35:41');
INSERT INTO `likes` (`id`, `liker_id`, `target_id`, `created_at`, `updated_at`) VALUES (66, 2, 5, '1986-05-20 09:14:00', '2008-02-10 19:16:24');
INSERT INTO `likes` (`id`, `liker_id`, `target_id`, `created_at`, `updated_at`) VALUES (67, 9, 7, '1977-09-04 17:03:14', '1999-05-19 22:38:00');
INSERT INTO `likes` (`id`, `liker_id`, `target_id`, `created_at`, `updated_at`) VALUES (68, 3, 7, '1985-10-02 01:38:05', '1987-12-26 16:50:21');
INSERT INTO `likes` (`id`, `liker_id`, `target_id`, `created_at`, `updated_at`) VALUES (69, 5, 8, '1977-02-08 05:31:51', '2000-07-09 11:30:43');
INSERT INTO `likes` (`id`, `liker_id`, `target_id`, `created_at`, `updated_at`) VALUES (70, 3, 9, '1995-02-08 09:07:30', '1998-11-17 13:42:18');
INSERT INTO `likes` (`id`, `liker_id`, `target_id`, `created_at`, `updated_at`) VALUES (71, 5, 1, '2008-01-17 04:22:44', '1982-05-23 14:50:28');
INSERT INTO `likes` (`id`, `liker_id`, `target_id`, `created_at`, `updated_at`) VALUES (72, 1, 2, '2015-11-18 18:05:06', '1975-04-07 22:15:39');
INSERT INTO `likes` (`id`, `liker_id`, `target_id`, `created_at`, `updated_at`) VALUES (73, 5, 4, '2017-03-15 05:10:11', '2007-12-23 06:40:16');
INSERT INTO `likes` (`id`, `liker_id`, `target_id`, `created_at`, `updated_at`) VALUES (74, 8, 3, '1981-04-11 15:12:45', '2013-06-25 00:05:55');
INSERT INTO `likes` (`id`, `liker_id`, `target_id`, `created_at`, `updated_at`) VALUES (75, 1, 5, '1990-02-27 15:07:06', '1989-04-09 04:35:29');
INSERT INTO `likes` (`id`, `liker_id`, `target_id`, `created_at`, `updated_at`) VALUES (76, 7, 3, '1995-12-31 04:28:29', '2001-12-19 18:26:33');
INSERT INTO `likes` (`id`, `liker_id`, `target_id`, `created_at`, `updated_at`) VALUES (77, 1, 4, '1988-09-20 04:22:31', '1974-06-11 09:04:38');
INSERT INTO `likes` (`id`, `liker_id`, `target_id`, `created_at`, `updated_at`) VALUES (78, 2, 3, '1977-07-08 19:02:04', '2020-03-09 09:15:45');
INSERT INTO `likes` (`id`, `liker_id`, `target_id`, `created_at`, `updated_at`) VALUES (79, 7, 1, '1994-04-09 01:57:19', '2010-05-04 13:54:02');
INSERT INTO `likes` (`id`, `liker_id`, `target_id`, `created_at`, `updated_at`) VALUES (80, 8, 4, '1993-04-27 01:08:28', '2018-04-24 05:58:51');
INSERT INTO `likes` (`id`, `liker_id`, `target_id`, `created_at`, `updated_at`) VALUES (81, 4, 4, '2020-11-23 09:52:53', '2018-02-20 01:35:57');
INSERT INTO `likes` (`id`, `liker_id`, `target_id`, `created_at`, `updated_at`) VALUES (82, 4, 4, '2011-12-21 14:38:10', '2015-10-06 06:50:27');
INSERT INTO `likes` (`id`, `liker_id`, `target_id`, `created_at`, `updated_at`) VALUES (83, 4, 3, '1980-10-11 20:54:57', '2008-11-22 08:06:14');
INSERT INTO `likes` (`id`, `liker_id`, `target_id`, `created_at`, `updated_at`) VALUES (84, 5, 2, '2018-01-03 23:23:14', '1985-05-12 20:40:45');
INSERT INTO `likes` (`id`, `liker_id`, `target_id`, `created_at`, `updated_at`) VALUES (85, 5, 7, '1989-03-15 15:37:03', '1978-10-10 03:12:13');
INSERT INTO `likes` (`id`, `liker_id`, `target_id`, `created_at`, `updated_at`) VALUES (86, 7, 8, '2016-12-22 10:04:52', '1993-03-17 21:09:38');
INSERT INTO `likes` (`id`, `liker_id`, `target_id`, `created_at`, `updated_at`) VALUES (87, 2, 4, '2019-09-20 21:53:17', '2009-03-11 18:31:43');
INSERT INTO `likes` (`id`, `liker_id`, `target_id`, `created_at`, `updated_at`) VALUES (88, 6, 5, '1970-10-06 16:48:28', '1996-08-07 02:38:03');
INSERT INTO `likes` (`id`, `liker_id`, `target_id`, `created_at`, `updated_at`) VALUES (89, 4, 4, '2020-05-28 12:35:00', '2021-06-02 15:20:34');
INSERT INTO `likes` (`id`, `liker_id`, `target_id`, `created_at`, `updated_at`) VALUES (90, 4, 4, '2018-10-01 02:19:28', '2009-01-10 17:07:05');
INSERT INTO `likes` (`id`, `liker_id`, `target_id`, `created_at`, `updated_at`) VALUES (91, 1, 1, '1978-08-09 19:28:24', '1989-04-12 11:08:39');
INSERT INTO `likes` (`id`, `liker_id`, `target_id`, `created_at`, `updated_at`) VALUES (92, 7, 3, '1975-04-24 05:41:28', '1985-03-12 19:14:51');
INSERT INTO `likes` (`id`, `liker_id`, `target_id`, `created_at`, `updated_at`) VALUES (93, 8, 3, '1971-06-07 03:06:18', '2004-09-03 15:38:56');
INSERT INTO `likes` (`id`, `liker_id`, `target_id`, `created_at`, `updated_at`) VALUES (94, 8, 8, '1989-05-14 21:57:45', '1991-07-02 21:42:44');
INSERT INTO `likes` (`id`, `liker_id`, `target_id`, `created_at`, `updated_at`) VALUES (95, 3, 2, '1971-05-11 19:29:07', '1988-12-12 15:28:27');
INSERT INTO `likes` (`id`, `liker_id`, `target_id`, `created_at`, `updated_at`) VALUES (96, 9, 8, '2013-08-08 22:08:40', '2004-05-12 22:49:08');
INSERT INTO `likes` (`id`, `liker_id`, `target_id`, `created_at`, `updated_at`) VALUES (97, 7, 7, '2012-09-05 21:21:11', '2015-04-23 07:08:06');
INSERT INTO `likes` (`id`, `liker_id`, `target_id`, `created_at`, `updated_at`) VALUES (98, 5, 5, '2005-09-15 09:37:08', '2014-06-17 13:29:31');
INSERT INTO `likes` (`id`, `liker_id`, `target_id`, `created_at`, `updated_at`) VALUES (99, 7, 5, '1985-01-15 17:41:10', '1997-11-09 06:34:19');
INSERT INTO `likes` (`id`, `liker_id`, `target_id`, `created_at`, `updated_at`) VALUES (100, 4, 2, '2006-11-01 04:20:02', '1977-05-13 14:13:35');

UPDATE likes SET updated_at = NOW() WHERE created_at > updated_at;   
UPDATE likes SET liker_id = FLOOR( 1 + RAND( ) * 137 );
UPDATE likes SET target_id = FLOOR( 1 + RAND( ) * 1000 );

DROP TABLE IF EXISTS messages;
CREATE TABLE messages (
	id INT UNSIGNED NOT NULL AUTO_INCREMENT PRIMARY KEY COMMENT "Идентификатор строки", 
    m_header VARCHAR(255) NOT NULL COMMENT "Заголовок (тема) сообщения",
    message TEXT NOT NULL COMMENT "Текст сообщения",
    sender_id INT UNSIGNED NOT NULL COMMENT "Кто отправил сообщение",
    receiver_id INT UNSIGNED NOT NULL COMMENT "Кому отправили сообщение",
    created_at DATETIME DEFAULT CURRENT_TIMESTAMP COMMENT "Время создания строки",  
    updated_at DATETIME DEFAULT CURRENT_TIMESTAMP ON UPDATE CURRENT_TIMESTAMP COMMENT "Время обновления строки",
    FOREIGN KEY (sender_id) REFERENCES users(id),
    FOREIGN KEY (receiver_id) REFERENCES users(id)
) COMMENT 'таблица с сообщениями';

INSERT INTO `messages` (`id`, `m_header`, `message`, `sender_id`, `receiver_id`, `created_at`, `updated_at`) VALUES (1, 'Cat. \'Do you take me for a minute, while Alice thought she might as well go in ringlets at all; and I\'m I, and--oh dear, how puzzling it all came different!\' Alice replied very gravely. \'What else.', 'Totam numquam qui debitis. Provident corrupti quos aut odit dolorem tenetur sapiente. Aut quibusdam nostrum et sit fugit.', 5, 5, '1972-02-02 02:50:03', '2004-08-03 08:26:04');
INSERT INTO `messages` (`id`, `m_header`, `message`, `sender_id`, `receiver_id`, `created_at`, `updated_at`) VALUES (2, 'Alice was beginning to grow to my right size for ten minutes together!\' \'Can\'t remember WHAT things?\' said the Cat, \'a dog\'s not mad. You grant that?\' \'I suppose they are the jurors.\' She said it to.', 'Consequuntur similique et neque. Enim amet nesciunt harum facilis pariatur. Deleniti repellendus deleniti nemo.', 4, 9, '2011-02-27 03:47:34', '2012-12-06 11:47:42');
INSERT INTO `messages` (`id`, `m_header`, `message`, `sender_id`, `receiver_id`, `created_at`, `updated_at`) VALUES (3, 'VERY deeply with a cart-horse, and expecting every moment to be told so. \'It\'s really dreadful,\' she muttered to herself, \'Now, what am I to do?\' said Alice. The poor little thing grunted in reply.', 'Nemo exercitationem ut quasi. Laborum molestiae voluptas eligendi consectetur ut. Architecto autem quam ea.', 5, 3, '1983-10-23 14:19:26', '2006-06-16 16:02:20');
INSERT INTO `messages` (`id`, `m_header`, `message`, `sender_id`, `receiver_id`, `created_at`, `updated_at`) VALUES (4, 'Alice, as she spoke. (The unfortunate little Bill had left off quarrelling with the Dormouse. \'Write that down,\' the King said to herself, \'I wish you were all locked; and when Alice had learnt.', 'Nemo incidunt in sequi et harum. Voluptas incidunt similique atque laborum. In at in illum qui suscipit laborum perspiciatis. Fugiat voluptates id sapiente eveniet voluptate architecto.', 9, 5, '2013-11-21 19:00:43', '2009-02-12 16:07:20');
INSERT INTO `messages` (`id`, `m_header`, `message`, `sender_id`, `receiver_id`, `created_at`, `updated_at`) VALUES (5, 'My notion was that you have of putting things!\' \'It\'s a mineral, I THINK,\' said Alice. \'Why, you don\'t know much,\' said the Mouse. \'--I proceed. \"Edwin and Morcar, the earls of Mercia and.', 'Dolor voluptatem ratione quos in voluptas id delectus. Non provident officiis exercitationem recusandae qui omnis. Autem nesciunt nam temporibus fugiat nemo fuga. Sed tempora nihil tempora est quam.', 3, 2, '1982-04-30 03:18:47', '1978-03-18 21:46:23');
INSERT INTO `messages` (`id`, `m_header`, `message`, `sender_id`, `receiver_id`, `created_at`, `updated_at`) VALUES (6, 'King. \'I can\'t go no lower,\' said the King. (The jury all brightened up at this moment the door opened inwards, and Alice\'s first thought was that she was losing her temper. \'Are you content now?\'.', 'Adipisci omnis laudantium commodi blanditiis voluptate nihil. Accusantium ipsa ex minus autem. Qui repellat inventore error amet quia tempora corporis. Error quasi quisquam qui.', 9, 8, '1987-02-21 11:57:31', '2018-11-15 16:58:03');
INSERT INTO `messages` (`id`, `m_header`, `message`, `sender_id`, `receiver_id`, `created_at`, `updated_at`) VALUES (7, 'This did not like to try the effect: the next witness. It quite makes my forehead ache!\' Alice watched the White Rabbit, \'but it sounds uncommon nonsense.\' Alice said very politely, \'for I can\'t get.', 'Quis facere inventore sint quisquam. Accusamus facere inventore quisquam odit. Eos exercitationem voluptate ipsam aspernatur quas iusto inventore. Rerum maiores consectetur unde voluptatum itaque et quidem. Eos laboriosam totam voluptatem possimus esse.', 9, 4, '1989-01-21 16:28:35', '1993-02-25 04:17:26');
INSERT INTO `messages` (`id`, `m_header`, `message`, `sender_id`, `receiver_id`, `created_at`, `updated_at`) VALUES (8, 'I will tell you his history,\' As they walked off together, Alice heard it before,\' said the Gryphon. \'Of course,\' the Gryphon went on eagerly. \'That\'s enough about lessons,\' the Gryphon added \'Come,.', 'Sit deleniti quod labore aut. Amet atque sed incidunt alias numquam et. In ipsa est dolorem dicta. Voluptatum vitae soluta dolor.', 9, 9, '2021-03-29 20:14:12', '1972-11-02 04:12:01');
INSERT INTO `messages` (`id`, `m_header`, `message`, `sender_id`, `receiver_id`, `created_at`, `updated_at`) VALUES (9, 'CHAPTER II. The Pool of Tears \'Curiouser and curiouser!\' cried Alice again, for this time she heard a little pattering of feet on the trumpet, and then raised himself upon tiptoe, put his shoes off..', 'Est illo accusamus soluta vitae voluptas. Ipsam qui praesentium error rerum occaecati et. Ut quod non rerum consequuntur qui. Repellendus et temporibus nihil occaecati occaecati velit illum.', 7, 1, '1975-08-17 13:07:30', '2006-02-03 23:58:14');
INSERT INTO `messages` (`id`, `m_header`, `message`, `sender_id`, `receiver_id`, `created_at`, `updated_at`) VALUES (10, 'And oh, I wish you could keep it to be seen: she found herself at last the Caterpillar contemptuously. \'Who are YOU?\' said the one who got any advantage from the Gryphon, and the baby with some.', 'Iure placeat dolorum quis doloribus. Voluptas dolorem fugit commodi ut dolorem officiis magni. Consectetur repellendus id voluptatibus in.', 3, 8, '1985-10-31 22:01:52', '1992-09-30 15:17:41');
INSERT INTO `messages` (`id`, `m_header`, `message`, `sender_id`, `receiver_id`, `created_at`, `updated_at`) VALUES (11, 'First, she dreamed of little birds and beasts, as well as if a fish came to ME, and told me you had been would have made a memorandum of the officers: but the three gardeners, oblong and flat, with.', 'Veritatis dolorum quaerat earum quos expedita deleniti. Officia tempore debitis sapiente cumque. Tenetur omnis nesciunt repudiandae nostrum magnam corrupti.', 7, 7, '1999-08-26 01:37:06', '1998-11-17 21:16:00');
INSERT INTO `messages` (`id`, `m_header`, `message`, `sender_id`, `receiver_id`, `created_at`, `updated_at`) VALUES (12, 'Hatter, it woke up again with a little ledge of rock, and, as the Rabbit, and had come to the Cheshire Cat: now I shall ever see such a capital one for catching mice you can\'t take LESS,\' said the.', 'Eum alias porro quasi dolores qui eos eveniet. Ipsum dolorum rerum qui. Quas mollitia fuga sunt aut magni ut.', 1, 9, '2000-12-31 05:24:57', '1998-10-10 22:35:51');
INSERT INTO `messages` (`id`, `m_header`, `message`, `sender_id`, `receiver_id`, `created_at`, `updated_at`) VALUES (13, 'She had already heard her voice close to her feet, they seemed to be said. At last the Caterpillar called after it; and as for the Duchess sang the second thing is to find it out, we should all have.', 'Et ut officia vero veritatis ut omnis. Et qui ut sequi voluptatem at dicta rerum provident. Facere a minima beatae deserunt possimus et.', 6, 7, '1985-09-19 23:57:16', '1986-09-13 01:07:16');
INSERT INTO `messages` (`id`, `m_header`, `message`, `sender_id`, `receiver_id`, `created_at`, `updated_at`) VALUES (14, 'I\'ve said as yet.\' \'A cheap sort of use in the distance, and she felt a little nervous about this; \'for it might be some sense in your knocking,\' the Footman went on \'And how do you call him.', 'Corrupti aliquid distinctio optio laudantium possimus. Iusto eos quia qui. Quos sunt aut nobis.', 7, 7, '2019-10-22 12:19:08', '1999-10-28 10:16:05');
INSERT INTO `messages` (`id`, `m_header`, `message`, `sender_id`, `receiver_id`, `created_at`, `updated_at`) VALUES (15, 'Queen was in livery: otherwise, judging by his garden, and I shall be punished for it flashed across her mind that she hardly knew what she was always ready to play croquet.\' Then they all moved.', 'Doloremque ut esse alias temporibus. Eum occaecati quod facilis fugit provident at quisquam. Velit consectetur nihil vel repellat at.', 9, 7, '2001-05-02 13:26:11', '1997-06-07 04:32:44');
INSERT INTO `messages` (`id`, `m_header`, `message`, `sender_id`, `receiver_id`, `created_at`, `updated_at`) VALUES (16, 'I\'ll tell him--it was for bringing the cook and the pool rippling to the Dormouse, not choosing to notice this last word with such sudden violence that Alice had never had to ask any more if you\'d.', 'Odit eligendi et aut quos. Cum nihil ut mollitia commodi. Repudiandae autem voluptas consequatur perspiciatis vitae velit.', 2, 7, '2001-09-03 00:21:34', '1997-11-23 04:59:37');
INSERT INTO `messages` (`id`, `m_header`, `message`, `sender_id`, `receiver_id`, `created_at`, `updated_at`) VALUES (17, 'Mouse to tell him. \'A nice muddle their slates\'ll be in before the trial\'s over!\' thought Alice. \'I\'ve so often read in the middle, nursing a baby; the cook tulip-roots instead of the house, and.', 'Aperiam adipisci vero est explicabo. Officiis a exercitationem dolor non. Vel recusandae voluptatem aperiam dolor. Eos velit quidem ea sit ut mollitia.', 6, 3, '2020-03-31 18:20:44', '1995-09-14 22:50:26');
INSERT INTO `messages` (`id`, `m_header`, `message`, `sender_id`, `receiver_id`, `created_at`, `updated_at`) VALUES (18, 'I do hope it\'ll make me smaller, I can say.\' This was such a thing I ever saw in my size; and as it happens; and if it had VERY long claws and a Dodo, a Lory and an old Turtle--we used to read.', 'Voluptas aliquam modi repellat quia quaerat. Vero odio eveniet facere vel. Eos officiis accusamus non quaerat maiores aut facilis. Aut iure cupiditate rerum voluptas libero nam fugiat fugit.', 2, 7, '2012-04-30 00:13:08', '1999-05-02 17:57:35');
INSERT INTO `messages` (`id`, `m_header`, `message`, `sender_id`, `receiver_id`, `created_at`, `updated_at`) VALUES (19, 'King eagerly, and he called the Queen, and in another minute there was room for her. \'I can tell you what year it is?\' \'Of course not,\' Alice replied eagerly, for she was up to her chin upon Alice\'s.', 'Et voluptates harum est repudiandae impedit molestiae. Ea mollitia ad et atque quos qui dignissimos. Velit quae sapiente aliquid. Quia vel et ut occaecati et earum.', 1, 2, '2017-12-03 18:21:36', '1995-06-17 18:12:19');
INSERT INTO `messages` (`id`, `m_header`, `message`, `sender_id`, `receiver_id`, `created_at`, `updated_at`) VALUES (20, 'Pigeon went on, without attending to her, And mentioned me to introduce some other subject of conversation. While she was now, and she tried the roots of trees, and I\'ve tried hedges,\' the Pigeon in.', 'Laboriosam saepe dolorem fugiat natus quo doloribus. Quisquam et tempora voluptates ea. Sed occaecati officiis corporis deleniti. Minima expedita aut non.', 2, 4, '1974-11-10 07:43:48', '2007-01-14 16:09:08');
INSERT INTO `messages` (`id`, `m_header`, `message`, `sender_id`, `receiver_id`, `created_at`, `updated_at`) VALUES (21, 'The Mouse gave a little before she had asked it aloud; and in a ring, and begged the Mouse had changed his mind, and was delighted to find it out, we should all have our heads cut off, you know. So.', 'Fugit alias natus maiores sequi. Et earum veritatis temporibus qui rerum eaque.', 6, 8, '1986-03-01 23:18:39', '2020-09-17 18:52:54');
INSERT INTO `messages` (`id`, `m_header`, `message`, `sender_id`, `receiver_id`, `created_at`, `updated_at`) VALUES (22, 'I must,\' the King very decidedly, and the moment she appeared on the whole cause, and condemn you to leave off being arches to do with this creature when I find a pleasure in all directions,.', 'Quibusdam dignissimos modi repudiandae molestiae. Doloribus consequatur similique qui laboriosam sint sequi. Quia et et voluptates ut est. Voluptatibus aut molestiae unde.', 7, 5, '2000-12-28 00:12:52', '1996-09-29 06:33:32');
INSERT INTO `messages` (`id`, `m_header`, `message`, `sender_id`, `receiver_id`, `created_at`, `updated_at`) VALUES (23, 'King hastily said, and went on eagerly. \'That\'s enough about lessons,\' the Gryphon at the Hatter, and, just as if she did not dare to disobey, though she knew that it was a good deal frightened at.', 'Rerum perferendis tenetur ducimus necessitatibus fugiat nihil. Rerum animi alias et velit a totam velit explicabo. Et et est eius earum facilis dolor itaque. Similique quia quia nam et dolores incidunt.', 1, 4, '1983-06-10 06:25:41', '1980-11-08 02:08:22');
INSERT INTO `messages` (`id`, `m_header`, `message`, `sender_id`, `receiver_id`, `created_at`, `updated_at`) VALUES (24, 'ESQ. HEARTHRUG, NEAR THE FENDER, (WITH ALICE\'S LOVE). Oh dear, what nonsense I\'m talking!\' Just then she walked up towards it rather timidly, as she remembered trying to box her own children. \'How.', 'Similique recusandae sint consequatur qui qui maxime. Quisquam praesentium labore ipsam in. Natus vitae et et eum ipsa qui dolorem ducimus.', 5, 7, '1973-09-05 05:43:02', '2014-07-22 23:49:53');
INSERT INTO `messages` (`id`, `m_header`, `message`, `sender_id`, `receiver_id`, `created_at`, `updated_at`) VALUES (25, 'Edwin and Morcar, the earls of Mercia and Northumbria--\"\' \'Ugh!\' said the Mock Turtle. \'No, no! The adventures first,\' said the Hatter. This piece of evidence we\'ve heard yet,\' said the Caterpillar.', 'Sunt qui et voluptatem ratione quasi sunt quasi. Excepturi quo quos soluta asperiores illo deleniti porro. Voluptate ipsa rerum occaecati minus quis qui aliquid. Ex perferendis a sapiente qui sit doloremque molestiae consequatur.', 6, 3, '2018-06-16 03:57:46', '2017-07-19 04:26:58');
INSERT INTO `messages` (`id`, `m_header`, `message`, `sender_id`, `receiver_id`, `created_at`, `updated_at`) VALUES (26, 'Mock Turtle sang this, very slowly and sadly:-- \'\"Will you walk a little glass box that was linked into hers began to get into the wood for fear of killing somebody, so managed to swallow a morsel.', 'Ea voluptate voluptatem doloremque laborum. Cumque quia quam cum.', 1, 7, '2004-09-23 04:22:54', '1979-09-27 19:40:06');
INSERT INTO `messages` (`id`, `m_header`, `message`, `sender_id`, `receiver_id`, `created_at`, `updated_at`) VALUES (27, 'Queen, who had followed him into the sea, some children digging in the pool as it went. So she set to work very carefully, with one finger; and the other ladder?--Why, I hadn\'t to bring tears into.', 'Voluptatem dicta error quisquam. Magnam eius sed exercitationem pariatur debitis neque. Voluptas est eum aut porro.', 1, 8, '2004-04-25 14:52:05', '1998-02-24 16:10:34');
INSERT INTO `messages` (`id`, `m_header`, `message`, `sender_id`, `receiver_id`, `created_at`, `updated_at`) VALUES (28, 'Five! Always lay the blame on others!\' \'YOU\'D better not talk!\' said Five. \'I heard every word you fellows were saying.\' \'Tell us a story.\' \'I\'m afraid I am, sir,\' said Alice; \'it\'s laid for a.', 'Nemo aut est eum qui asperiores consectetur sit. Eos facere cumque est. Voluptates nostrum velit veniam sed. Dolorem odit totam quis ex quasi consequatur occaecati.', 8, 8, '2008-02-05 20:02:25', '2006-01-26 03:40:34');
INSERT INTO `messages` (`id`, `m_header`, `message`, `sender_id`, `receiver_id`, `created_at`, `updated_at`) VALUES (29, 'Alice put down her flamingo, and began whistling. \'Oh, there\'s no name signed at the March Hare. \'Exactly so,\' said Alice. \'Call it what you mean,\' said Alice. \'Why?\' \'IT DOES THE BOOTS AND SHOES.\'.', 'Explicabo illo quaerat eveniet voluptates voluptatem. Amet et natus doloribus minima perferendis est animi. Non molestias autem ut sequi dolorum quasi quibusdam. In voluptas magni quam recusandae mollitia. Et soluta ullam qui blanditiis aliquid.', 1, 2, '1982-01-03 08:34:57', '1972-06-28 03:06:51');
INSERT INTO `messages` (`id`, `m_header`, `message`, `sender_id`, `receiver_id`, `created_at`, `updated_at`) VALUES (30, 'HIS time of life. The King\'s argument was, that her shoulders were nowhere to be almost out of its right paw round, \'lives a March Hare. \'It was a queer-shaped little creature, and held it out to be.', 'Explicabo voluptatem laudantium expedita et libero minima aut. Magnam eaque quo magnam et tempora reprehenderit. Asperiores aut commodi provident quam. Aut aliquid expedita velit commodi aut animi. Qui ut commodi sint quo magnam reiciendis temporibus.', 3, 4, '2016-11-23 11:24:02', '1985-10-02 19:36:49');
INSERT INTO `messages` (`id`, `m_header`, `message`, `sender_id`, `receiver_id`, `created_at`, `updated_at`) VALUES (31, 'Derision.\' \'I never heard it before,\' said the Knave, \'I didn\'t write it, and behind it when she first saw the White Rabbit, jumping up in spite of all her coaxing. Hardly knowing what she was.', 'Quidem recusandae at quia ab quia maiores doloribus vel. Blanditiis iure voluptas ipsum. Harum iusto dolorem tempora. Illo iusto beatae expedita ut aut repudiandae qui. Ullam maiores quia quibusdam eum sequi.', 5, 1, '2013-02-21 23:06:14', '2016-04-29 17:46:19');
INSERT INTO `messages` (`id`, `m_header`, `message`, `sender_id`, `receiver_id`, `created_at`, `updated_at`) VALUES (32, 'I!\' said the King said to herself, (not in a sulky tone, as it lasted.) \'Then the eleventh day must have a prize herself, you know,\' said Alice angrily. \'It wasn\'t very civil of you to leave off.', 'Ut quia ducimus ut animi qui necessitatibus laborum. Molestiae quidem molestias est et qui minus ab omnis. Reiciendis voluptatem saepe dolor optio ea in. Dolorum amet vitae sunt sunt eligendi. Qui officia non magnam magnam.', 9, 5, '2003-02-19 11:33:25', '1975-09-12 03:43:19');
INSERT INTO `messages` (`id`, `m_header`, `message`, `sender_id`, `receiver_id`, `created_at`, `updated_at`) VALUES (33, 'Oh! won\'t she be savage if I\'ve kept her waiting!\' Alice felt so desperate that she began thinking over all she could not possibly reach it: she could for sneezing. There was no more of it had.', 'Beatae saepe quis est praesentium ullam. Voluptate repudiandae fugit at quam vero. Non non alias sunt et numquam nihil voluptatem. Quidem repudiandae nesciunt est.', 5, 1, '2011-04-18 12:46:33', '1989-12-24 12:10:39');
INSERT INTO `messages` (`id`, `m_header`, `message`, `sender_id`, `receiver_id`, `created_at`, `updated_at`) VALUES (34, 'Hatter was the Duchess\'s cook. She carried the pepper-box in her hands, and began:-- \'You are old,\' said the Mock Turtle. \'No, no! The adventures first,\' said the Queen. \'It proves nothing of the.', 'Inventore perspiciatis expedita nostrum aliquam sed sunt deserunt. Dolorum modi doloremque doloribus assumenda voluptatem facere. Qui alias quis vero omnis voluptas.', 7, 7, '2011-02-14 01:49:22', '1987-03-06 00:23:36');
INSERT INTO `messages` (`id`, `m_header`, `message`, `sender_id`, `receiver_id`, `created_at`, `updated_at`) VALUES (35, 'I don\'t put my arm round your waist,\' the Duchess sang the second thing is to France-- Then turn not pale, beloved snail, but come and join the dance. So they had a head could be NO mistake about.', 'Odit debitis deleniti impedit beatae. Et corrupti suscipit ut qui. Dolores voluptatem ad et est enim ad. Maxime et eos possimus facere tenetur perspiciatis ducimus.', 4, 3, '1998-08-20 07:02:42', '2010-09-07 11:07:55');
INSERT INTO `messages` (`id`, `m_header`, `message`, `sender_id`, `receiver_id`, `created_at`, `updated_at`) VALUES (36, 'I don\'t keep the same thing a bit!\' said the Footman. \'That\'s the first to speak. \'What size do you know about it, you may stand down,\' continued the King. \'Then it wasn\'t trouble enough hatching.', 'Id incidunt quia possimus totam doloribus omnis. Cum culpa error dolores temporibus. Voluptas iure qui nulla dicta nisi qui earum incidunt.', 2, 4, '1993-11-07 12:35:18', '1986-02-24 04:17:47');
INSERT INTO `messages` (`id`, `m_header`, `message`, `sender_id`, `receiver_id`, `created_at`, `updated_at`) VALUES (37, 'She said the sage, as he spoke, and added with a cart-horse, and expecting every moment to think about it, you may SIT down,\' the King was the fan and gloves--that is, if I must, I must,\' the King.', 'Aut et consequatur ut iste. Impedit accusamus quae tempore eum dolorum veniam. Perspiciatis ex dignissimos magnam assumenda voluptate repellendus.', 1, 9, '1975-09-01 07:26:07', '1978-09-03 10:20:52');
INSERT INTO `messages` (`id`, `m_header`, `message`, `sender_id`, `receiver_id`, `created_at`, `updated_at`) VALUES (38, 'Knave. The Knave of Hearts, carrying the King\'s crown on a summer day: The Knave shook his head contemptuously. \'I dare say there may be ONE.\' \'One, indeed!\' said the March Hare, who had been of.', 'Similique ut saepe voluptates illum ea. Repellendus error voluptatibus autem consequatur illum laboriosam temporibus qui. Culpa animi eos minima tempora est amet. Minus dolorem nulla eum quos cum adipisci.', 1, 8, '1990-01-19 18:00:03', '1992-11-14 00:26:16');
INSERT INTO `messages` (`id`, `m_header`, `message`, `sender_id`, `receiver_id`, `created_at`, `updated_at`) VALUES (39, 'She took down a very fine day!\' said a timid and tremulous sound.] \'That\'s different from what I should like to drop the jar for fear of killing somebody, so managed to swallow a morsel of the.', 'Tempore dolorem rerum architecto illum facilis. Et quia sint est totam minima ex.', 1, 6, '1975-04-11 19:35:07', '1997-06-30 17:33:57');
INSERT INTO `messages` (`id`, `m_header`, `message`, `sender_id`, `receiver_id`, `created_at`, `updated_at`) VALUES (40, 'I shall never get to the door, she found it so quickly that the Mouse in the sea, some children digging in the other: the Duchess sang the second time round, she found her way through the little.', 'Maiores magnam tempora reprehenderit sequi perspiciatis. Officia hic sunt quam similique fuga enim qui. Qui aut fuga non voluptatem soluta et. Et voluptas quis repudiandae.', 6, 8, '1991-06-21 18:05:17', '1996-12-14 11:43:08');
INSERT INTO `messages` (`id`, `m_header`, `message`, `sender_id`, `receiver_id`, `created_at`, `updated_at`) VALUES (41, 'Conqueror.\' (For, with all their simple sorrows, and find a pleasure in all their simple joys, remembering her own children. \'How should I know?\' said Alice, in a hurry to change the subject of.', 'Nesciunt fuga a voluptatem in nisi. Voluptatum eligendi assumenda excepturi dolor voluptatem recusandae. Ullam dolores sed ipsa. Voluptatem officia sequi error dolores.', 1, 2, '1991-11-27 14:47:50', '1970-11-12 19:10:04');
INSERT INTO `messages` (`id`, `m_header`, `message`, `sender_id`, `receiver_id`, `created_at`, `updated_at`) VALUES (42, 'I to get her head through the door, staring stupidly up into the book her sister kissed her, and said, \'So you think you could manage it?) \'And what an ignorant little girl she\'ll think me at all.\'.', 'Repellat reiciendis ea quis sed maiores hic adipisci. Sunt molestias expedita debitis vero enim est quidem. Ut est soluta et rerum earum qui. Ut excepturi dolores sint et eius. Sapiente rerum sint rerum sed corrupti.', 8, 6, '1998-10-31 07:12:29', '2012-12-15 20:28:28');
INSERT INTO `messages` (`id`, `m_header`, `message`, `sender_id`, `receiver_id`, `created_at`, `updated_at`) VALUES (43, 'Mock Turtle a little shriek, and went on eagerly. \'That\'s enough about lessons,\' the Gryphon only answered \'Come on!\' cried the Gryphon, \'she wants for to know what they\'re like.\' \'I believe so,\'.', 'Dolorum vitae repellat vero labore. Maxime aspernatur ut voluptatem est et. Quia in omnis consequatur fuga saepe alias.', 5, 2, '1970-01-17 19:37:05', '1973-02-20 10:33:13');
INSERT INTO `messages` (`id`, `m_header`, `message`, `sender_id`, `receiver_id`, `created_at`, `updated_at`) VALUES (44, 'Lory, as soon as there was enough of it appeared. \'I don\'t see how he did it,) he did not get dry again: they had to be Involved in this affair, He trusts to you to leave it behind?\' She said this.', 'Debitis veritatis nulla qui fuga. In suscipit ea et est impedit itaque quia.', 6, 1, '1996-05-20 06:55:40', '1989-08-04 13:14:18');
INSERT INTO `messages` (`id`, `m_header`, `message`, `sender_id`, `receiver_id`, `created_at`, `updated_at`) VALUES (45, 'March Hare had just begun to think about it, and yet it was all about, and called out, \'First witness!\' The first witness was the cat.) \'I hope they\'ll remember her saucer of milk at tea-time. Dinah.', 'Laborum minus optio amet ut debitis. Ut quaerat suscipit a libero ut. Amet quasi corporis sed et est voluptate delectus. Ex cum est quia ipsum sequi et. Quisquam eaque hic neque doloribus sunt a.', 8, 3, '1976-01-19 12:10:42', '1972-03-20 15:03:52');
INSERT INTO `messages` (`id`, `m_header`, `message`, `sender_id`, `receiver_id`, `created_at`, `updated_at`) VALUES (46, 'Alice noticed, had powdered hair that curled all over with fright. \'Oh, I BEG your pardon!\' cried Alice again, in a hoarse growl, \'the world would go through,\' thought poor Alice, and she tried.', 'Nihil quo nihil nostrum quisquam et. Repellat doloremque reiciendis rerum qui. Omnis sed in est minus.', 5, 5, '2002-06-14 19:59:01', '2001-10-07 12:43:27');
INSERT INTO `messages` (`id`, `m_header`, `message`, `sender_id`, `receiver_id`, `created_at`, `updated_at`) VALUES (47, 'Caterpillar. \'Not QUITE right, I\'m afraid,\' said Alice, and she said to herself how this same little sister of hers would, in the last concert!\' on which the wretched Hatter trembled so, that Alice.', 'Commodi reiciendis impedit porro iste enim. Et eum molestiae sed et quia aut. Dolore nemo rem ut.', 1, 6, '1991-01-20 05:10:51', '1979-02-26 09:13:55');
INSERT INTO `messages` (`id`, `m_header`, `message`, `sender_id`, `receiver_id`, `created_at`, `updated_at`) VALUES (48, 'March Hare. \'I didn\'t know it to speak first, \'why your cat grins like that?\' \'It\'s a pun!\' the King and Queen of Hearts were seated on their slates, \'SHE doesn\'t believe there\'s an atom of meaning.', 'Sunt explicabo magnam rerum similique deserunt id earum ipsum. Quisquam aperiam voluptatem impedit et. Molestias amet voluptate esse nobis ipsum praesentium delectus.', 2, 7, '1978-08-17 05:57:28', '1977-05-24 01:08:51');
INSERT INTO `messages` (`id`, `m_header`, `message`, `sender_id`, `receiver_id`, `created_at`, `updated_at`) VALUES (49, 'English coast you find a pleasure in all my limbs very supple By the time he was in March.\' As she said this she looked down into a line along the course, here and there. There was a large fan in.', 'Omnis dolorem ut nesciunt accusantium officia ipsam sed. Quia rem id adipisci fuga nesciunt rerum. Numquam voluptatibus rem ut et sapiente. In et consequuntur et nesciunt sint.', 1, 6, '1979-03-12 23:57:37', '1991-11-04 03:17:58');
INSERT INTO `messages` (`id`, `m_header`, `message`, `sender_id`, `receiver_id`, `created_at`, `updated_at`) VALUES (50, 'Alice, a little nervous about this; \'for it might tell her something worth hearing. For some minutes the whole window!\' \'Sure, it does, yer honour: but it\'s an arm for all that.\' \'Well, it\'s got no.', 'Quasi illum accusamus temporibus voluptatem voluptatem numquam. Deleniti nobis et maxime dignissimos libero unde. A provident incidunt perferendis praesentium sit.', 5, 5, '1986-05-04 16:35:15', '1988-07-29 04:57:59');
INSERT INTO `messages` (`id`, `m_header`, `message`, `sender_id`, `receiver_id`, `created_at`, `updated_at`) VALUES (51, 'Turtle.\' These words were followed by a very pretty dance,\' said Alice aloud, addressing nobody in particular. \'She\'d soon fetch it here, lad!--Here, put \'em up at the top of his shrill little.', 'Voluptatem veniam optio officiis mollitia. Ea ut omnis voluptatem nulla.', 4, 2, '2012-11-17 00:24:42', '2004-05-17 19:59:10');
INSERT INTO `messages` (`id`, `m_header`, `message`, `sender_id`, `receiver_id`, `created_at`, `updated_at`) VALUES (52, 'Alice as she went on again:-- \'You may not have lived much under the door; so either way I\'ll get into that lovely garden. First, however, she again heard a little different. But if I\'m not used to.', 'Quia consequuntur atque itaque veritatis. Et quis deleniti quia et rem et. Et consequuntur quos ut laudantium consectetur et aut consequatur. Et eius aut sunt et aspernatur reiciendis.', 2, 3, '1996-09-28 19:26:52', '1970-11-04 07:19:06');
INSERT INTO `messages` (`id`, `m_header`, `message`, `sender_id`, `receiver_id`, `created_at`, `updated_at`) VALUES (53, 'YOUR shoes done with?\' said the King; \'and don\'t be particular--Here, Bill! catch hold of anything, but she remembered trying to explain the mistake it had gone. \'Well! I\'ve often seen them so.', 'Odio dignissimos soluta voluptatum quas quibusdam beatae velit corrupti. Nesciunt magnam ipsum ad velit. Ratione aut tempore corrupti placeat est.', 2, 5, '1980-12-25 04:06:49', '1999-08-23 23:37:15');
INSERT INTO `messages` (`id`, `m_header`, `message`, `sender_id`, `receiver_id`, `created_at`, `updated_at`) VALUES (54, 'He says it kills all the time at the cook tulip-roots instead of the room. The cook threw a frying-pan after her as she could, for her neck would bend about easily in any direction, like a wild.', 'Quidem laborum voluptate sunt ut et. Eaque non ipsam expedita eligendi at. Consequatur unde molestiae accusantium eos omnis.', 8, 9, '2010-09-16 00:37:17', '1984-05-02 08:06:37');
INSERT INTO `messages` (`id`, `m_header`, `message`, `sender_id`, `receiver_id`, `created_at`, `updated_at`) VALUES (55, 'They had a consultation about this, and she grew no larger: still it had grown so large in the long hall, and wander about among those beds of bright flowers and the other birds tittered audibly..', 'Ullam eos eum aspernatur reiciendis. Officiis repellat et ut ipsam. Qui nostrum mollitia et dolores. Fugiat et laborum blanditiis dolor temporibus assumenda. Repellat et minus inventore sed consequatur beatae.', 5, 3, '1975-06-08 08:04:45', '2018-02-01 04:04:38');
INSERT INTO `messages` (`id`, `m_header`, `message`, `sender_id`, `receiver_id`, `created_at`, `updated_at`) VALUES (56, 'King. \'Shan\'t,\' said the Pigeon; \'but I know I do!\' said Alice in a game of play with a sigh. \'I only took the hookah out of the table, but there were no tears. \'If you\'re going to begin lessons:.', 'Molestiae dicta sunt qui est corrupti sunt expedita rerum. Dolores unde sit asperiores architecto maiores. Rerum sit rerum rem iure autem. Facere et perspiciatis atque adipisci consequatur officiis voluptas.', 5, 3, '1979-07-15 12:27:23', '2016-01-16 06:07:39');
INSERT INTO `messages` (`id`, `m_header`, `message`, `sender_id`, `receiver_id`, `created_at`, `updated_at`) VALUES (57, 'The King\'s argument was, that she had known them all her riper years, the simple and loving heart of her own courage. \'It\'s no use their putting their heads down! I am very tired of being such a.', 'Velit a quos veritatis deserunt voluptatem nesciunt temporibus. Quam facere sed qui voluptatem quod quia aspernatur explicabo. Ea consequatur magnam doloribus itaque. Sint sit ullam velit doloribus.', 8, 5, '2018-02-25 08:33:38', '1997-01-03 17:31:06');
INSERT INTO `messages` (`id`, `m_header`, `message`, `sender_id`, `receiver_id`, `created_at`, `updated_at`) VALUES (58, 'March Hare. \'Then it doesn\'t matter much,\' thought Alice, \'to pretend to be no chance of her favourite word \'moral,\' and the three gardeners instantly jumped up, and there they are!\' said the Duck:.', 'Facilis eum ut accusamus similique tenetur nam odio. Sit autem laborum molestias non repellat blanditiis quibusdam. Est quo quam repellat consequatur ratione deserunt blanditiis. Excepturi ipsam corrupti qui debitis corporis. Et voluptas itaque fugit.', 2, 6, '1987-10-24 23:39:57', '2015-12-17 03:23:34');
INSERT INTO `messages` (`id`, `m_header`, `message`, `sender_id`, `receiver_id`, `created_at`, `updated_at`) VALUES (59, 'IT. It\'s HIM.\' \'I don\'t like them raw.\' \'Well, be off, and Alice was not a bit of the moment how large she had hurt the poor child, \'for I can\'t be civil, you\'d better ask HER about it.\' (The jury.', 'Sit vitae quis aut ratione. Ut hic nostrum et ut ullam voluptatibus.', 7, 2, '1986-08-15 14:11:01', '1972-07-29 12:47:06');
INSERT INTO `messages` (`id`, `m_header`, `message`, `sender_id`, `receiver_id`, `created_at`, `updated_at`) VALUES (60, 'That he met in the air: it puzzled her a good opportunity for making her escape; so she went back for a minute, while Alice thought over all she could not swim. He sent them word I had it written up.', 'Reprehenderit molestias quos molestiae eos harum. Incidunt qui aliquid veritatis mollitia dolores consequatur vel. Possimus doloribus qui reprehenderit dolore et dolore.', 7, 8, '1972-04-01 05:33:31', '1979-06-07 00:11:04');
INSERT INTO `messages` (`id`, `m_header`, `message`, `sender_id`, `receiver_id`, `created_at`, `updated_at`) VALUES (61, 'Alice was not a regular rule: you invented it just at first, perhaps,\' said the Mock Turtle in the wind, and was delighted to find that she looked up, and there stood the Queen in a very small cake,.', 'Voluptatibus sed nisi eos ut rerum illum possimus voluptas. Officia exercitationem officia voluptas non. Quia blanditiis soluta qui quae ipsum possimus.', 6, 1, '1976-03-16 11:07:59', '1986-03-09 02:13:44');
INSERT INTO `messages` (`id`, `m_header`, `message`, `sender_id`, `receiver_id`, `created_at`, `updated_at`) VALUES (62, 'Dinah, and saying to herself \'Now I can guess that,\' she added in a rather offended tone, and added \'It isn\'t mine,\' said the others. \'Are their heads down! I am to see what was going to turn into a.', 'Id aut ullam voluptas. Doloremque minus quis minus repellat corrupti. Quibusdam consequatur enim voluptatem perferendis sit.', 7, 1, '1996-03-31 08:33:27', '2016-08-08 03:49:56');
INSERT INTO `messages` (`id`, `m_header`, `message`, `sender_id`, `receiver_id`, `created_at`, `updated_at`) VALUES (63, 'Caterpillar. \'Well, perhaps you haven\'t found it very nice, (it had, in fact, I didn\'t know that Cheshire cats always grinned; in fact, I didn\'t know that you\'re mad?\' \'To begin with,\' the Mock.', 'Sint ab sit velit nostrum. Hic voluptatem rerum nesciunt aperiam at consectetur sunt. Corrupti molestiae corrupti vero et quis.', 5, 1, '1991-10-16 13:38:06', '1994-05-15 19:50:10');
INSERT INTO `messages` (`id`, `m_header`, `message`, `sender_id`, `receiver_id`, `created_at`, `updated_at`) VALUES (64, 'Alice could hear him sighing as if he were trying which word sounded best. Some of the room. The cook threw a frying-pan after her as hard as it can talk: at any rate,\' said Alice: \'--where\'s the.', 'Sint non aperiam quia accusantium beatae molestiae laborum. Et dolores consequuntur error temporibus iusto. Et dolor dignissimos magni molestias cumque distinctio.', 7, 9, '1990-09-01 03:02:36', '1976-08-26 23:49:59');
INSERT INTO `messages` (`id`, `m_header`, `message`, `sender_id`, `receiver_id`, `created_at`, `updated_at`) VALUES (65, 'King said to herself, \'the way all the other side of the evening, beautiful Soup! Soup of the Shark, But, when the White Rabbit as he said to herself, \'to be going messages for a minute or two to.', 'Illum aut ut quia voluptate veritatis libero. Cum quidem ipsam est doloremque. Et molestias ut autem iusto sed.', 3, 8, '1972-08-07 08:47:31', '2000-02-27 12:28:31');
INSERT INTO `messages` (`id`, `m_header`, `message`, `sender_id`, `receiver_id`, `created_at`, `updated_at`) VALUES (66, 'I didn\'t!\' interrupted Alice. \'You are,\' said the King. \'Nothing whatever,\' said Alice. \'Nothing WHATEVER?\' persisted the King. The White Rabbit read:-- \'They told me you had been running half an.', 'Est distinctio vel dolorem. Nobis quos eligendi enim hic sunt aliquam. Velit consequatur et ad et. Asperiores illum et quaerat autem perferendis.', 7, 1, '2007-02-25 11:03:11', '1976-05-03 11:31:56');
INSERT INTO `messages` (`id`, `m_header`, `message`, `sender_id`, `receiver_id`, `created_at`, `updated_at`) VALUES (67, 'But said I could shut up like a stalk out of his great wig.\' The judge, by the little glass table. \'Now, I\'ll manage better this time,\' she said, as politely as she was quite pale (with passion,.', 'Porro et consequatur omnis fugiat vel eum. Autem iusto hic quidem nisi architecto natus adipisci. Assumenda et possimus dignissimos cumque excepturi optio. Rerum voluptas explicabo corrupti blanditiis. Culpa sit rerum totam molestiae.', 4, 4, '1989-09-07 18:55:53', '1970-03-10 10:30:57');
INSERT INTO `messages` (`id`, `m_header`, `message`, `sender_id`, `receiver_id`, `created_at`, `updated_at`) VALUES (68, 'Latin Grammar, \'A mouse--of a mouse--to a mouse--a mouse--O mouse!\') The Mouse only growled in reply. \'Idiot!\' said the Cat: \'we\'re all mad here. I\'m mad. You\'re mad.\' \'How do you want to stay with.', 'Similique voluptatem est cum architecto nostrum et. Quas impedit eligendi iure vitae at amet nostrum sit. Exercitationem ratione praesentium delectus amet laborum. Eligendi suscipit autem ab et quis.', 9, 2, '2001-04-16 11:17:58', '1980-04-05 22:25:10');
INSERT INTO `messages` (`id`, `m_header`, `message`, `sender_id`, `receiver_id`, `created_at`, `updated_at`) VALUES (69, 'Caterpillar seemed to be otherwise.\"\' \'I think you could draw treacle out of breath, and said nothing. \'This here young lady,\' said the Queen, who had not gone much farther before she came upon a.', 'Maiores ut fuga consequatur aut ea ipsum. Omnis repellat dignissimos qui iure repellendus eum. Dolorem sit omnis vitae.', 5, 5, '1972-12-18 16:23:44', '1984-02-11 17:11:57');
INSERT INTO `messages` (`id`, `m_header`, `message`, `sender_id`, `receiver_id`, `created_at`, `updated_at`) VALUES (70, 'M?\' said Alice. \'And be quick about it,\' added the Gryphon; and then said \'The fourth.\' \'Two days wrong!\' sighed the Hatter. \'Stolen!\' the King sharply. \'Do you take me for asking! No, it\'ll never.', 'Occaecati odio dolor sed sunt optio dolorum dicta. Dolorem architecto libero ut exercitationem aut. Qui quasi temporibus commodi alias quam fuga nobis. Qui omnis aut saepe minus.', 4, 1, '2000-04-05 01:40:45', '2001-01-19 06:23:39');
INSERT INTO `messages` (`id`, `m_header`, `message`, `sender_id`, `receiver_id`, `created_at`, `updated_at`) VALUES (71, 'She felt that it had come back and see how he did it,) he did with the Queen,\' and she crossed her hands on her spectacles, and began whistling. \'Oh, there\'s no use their putting their heads down.', 'Facilis maxime quod ut ut id rerum voluptatem nam. In est dignissimos vel enim accusantium hic. Voluptates in itaque ipsum laboriosam veritatis.', 6, 8, '1990-09-19 13:14:26', '1986-06-22 15:34:44');
INSERT INTO `messages` (`id`, `m_header`, `message`, `sender_id`, `receiver_id`, `created_at`, `updated_at`) VALUES (72, 'At last the Dodo suddenly called out \'The race is over!\' and they sat down and make one quite giddy.\' \'All right,\' said the Gryphon: and it said in a game of play with a cart-horse, and expecting.', 'Ipsam enim deserunt id quae dicta unde nisi. Optio debitis velit praesentium reiciendis exercitationem quo incidunt. Distinctio possimus aut pariatur nostrum quos repudiandae. Eligendi dignissimos dignissimos porro quas eveniet at.', 8, 2, '1970-09-18 03:27:32', '1970-08-18 06:37:24');
INSERT INTO `messages` (`id`, `m_header`, `message`, `sender_id`, `receiver_id`, `created_at`, `updated_at`) VALUES (73, 'For really this morning I\'ve nothing to what I was a little ledge of rock, and, as there seemed to Alice with one eye; \'I seem to come out among the branches, and every now and then she walked up.', 'In ullam corrupti non et autem aliquid. Sed aut eveniet sit sapiente corrupti dolorem earum pariatur. Aspernatur at id ullam consectetur assumenda architecto quos.', 2, 9, '1978-11-24 11:30:17', '1986-03-05 18:22:19');
INSERT INTO `messages` (`id`, `m_header`, `message`, `sender_id`, `receiver_id`, `created_at`, `updated_at`) VALUES (74, 'Soup of the goldfish kept running in her French lesson-book. The Mouse gave a little of her voice. Nobody moved. \'Who cares for fish, Game, or any other dish? Who would not join the dance?\"\' \'Thank.', 'Unde aut ea ut aperiam in mollitia laborum. Eveniet nihil quod dolorem vitae. Fugit laudantium quia ex totam ipsum recusandae aspernatur sed. Voluptatem temporibus aliquam est soluta non quidem mollitia sapiente.', 5, 5, '2021-01-19 21:54:03', '1982-10-31 02:09:24');
INSERT INTO `messages` (`id`, `m_header`, `message`, `sender_id`, `receiver_id`, `created_at`, `updated_at`) VALUES (75, 'King; and as for the hot day made her so savage when they saw her, they hurried back to the other, and making quite a long argument with the other arm curled round her once more, while the Mock.', 'Facilis mollitia quaerat veritatis voluptate enim sunt odit. Ut expedita repellat qui voluptates saepe alias placeat. Id consectetur cumque aut qui qui.', 1, 2, '2016-11-10 16:12:53', '1982-10-25 19:20:22');
INSERT INTO `messages` (`id`, `m_header`, `message`, `sender_id`, `receiver_id`, `created_at`, `updated_at`) VALUES (76, 'I\'m certain! I must have been that,\' said the Mock Turtle drew a long way back, and barking hoarsely all the time she saw them, they set to work throwing everything within her reach at the Gryphon.', 'Qui quo veritatis inventore tenetur odio ut. Magni aut nesciunt id qui praesentium. Repudiandae ipsum pariatur sint distinctio.', 8, 8, '1996-06-17 14:03:33', '2006-01-13 04:08:15');
INSERT INTO `messages` (`id`, `m_header`, `message`, `sender_id`, `receiver_id`, `created_at`, `updated_at`) VALUES (77, 'Alice, thinking it was over at last, they must needs come wriggling down from the change: and Alice looked very anxiously into her face. \'Very,\' said Alice: \'she\'s so extremely--\' Just then she.', 'Placeat laudantium ut ad qui est et. Minima odio ex praesentium et error repellendus et eum. Molestiae excepturi omnis molestias maiores est et debitis. Ea assumenda labore nemo quibusdam quae labore.', 2, 9, '1987-09-29 15:02:45', '1995-10-13 04:10:48');
INSERT INTO `messages` (`id`, `m_header`, `message`, `sender_id`, `receiver_id`, `created_at`, `updated_at`) VALUES (78, 'Mabel after all, and I shall remember it in her hands, and was just saying to herself, \'I wish you wouldn\'t squeeze so.\' said the Cat, and vanished. Alice was rather doubtful whether she ought not.', 'Praesentium incidunt velit doloremque ea molestiae. Molestiae laboriosam quia in ipsum numquam doloribus. Perspiciatis earum doloremque quam esse ut repellat. Voluptas velit consequatur quis et ipsa eos voluptatem architecto. Quisquam consequatur quisquam iusto eaque.', 3, 4, '1995-03-11 23:15:35', '2000-10-10 12:47:29');
INSERT INTO `messages` (`id`, `m_header`, `message`, `sender_id`, `receiver_id`, `created_at`, `updated_at`) VALUES (79, 'Hatter, it woke up again with a smile. There was no \'One, two, three, and away,\' but they began moving about again, and Alice guessed in a piteous tone. And she began nibbling at the White Rabbit,.', 'Dolorem qui aut deleniti repellendus eveniet qui repellat. Eveniet molestias deleniti eos aut vero. Consequatur nobis autem qui quaerat.', 9, 4, '2019-02-18 08:22:01', '2017-03-17 01:17:08');
INSERT INTO `messages` (`id`, `m_header`, `message`, `sender_id`, `receiver_id`, `created_at`, `updated_at`) VALUES (80, 'Alice, very much what would happen next. The first question of course was, how to begin.\' For, you see, Alice had got its head to hide a smile: some of YOUR adventures.\' \'I could tell you more than.', 'Itaque quo ipsa similique beatae occaecati. Laudantium et saepe aut consequatur sunt. Velit dolores laudantium id totam facilis. Occaecati dolores ut doloremque architecto. Atque voluptates occaecati aliquam iste.', 9, 1, '2007-08-18 08:07:08', '1991-03-05 03:08:55');
INSERT INTO `messages` (`id`, `m_header`, `message`, `sender_id`, `receiver_id`, `created_at`, `updated_at`) VALUES (81, 'What happened to you? Tell us all about for a minute or two to think to herself, \'if one only knew how to set about it; and the Queen ordering off her unfortunate guests to execution--once more the.', 'Debitis sunt tempore rerum possimus consectetur dicta. Aperiam consectetur voluptatem quo hic et non. Impedit consectetur quia amet qui voluptatum dolore.', 4, 6, '1973-06-18 01:54:40', '2009-08-22 14:04:16');
INSERT INTO `messages` (`id`, `m_header`, `message`, `sender_id`, `receiver_id`, `created_at`, `updated_at`) VALUES (82, 'WOULD always get into that beautiful garden--how IS that to be done, I wonder?\' Alice guessed who it was, even before she had to run back into the garden, and I shall think nothing of tumbling down.', 'Veritatis incidunt omnis sint. Ducimus veniam voluptatum accusamus. Cum quidem culpa et in reiciendis veniam exercitationem.', 9, 9, '1981-07-22 23:46:46', '1982-01-13 12:33:09');
INSERT INTO `messages` (`id`, `m_header`, `message`, `sender_id`, `receiver_id`, `created_at`, `updated_at`) VALUES (83, 'You see, she came upon a little snappishly. \'You\'re enough to get dry very soon. \'Ahem!\' said the Queen, \'Really, my dear, and that he had taken his watch out of sight; and an old conger-eel, that.', 'Voluptatem aut rem accusamus sit tenetur sint nisi. Nisi velit vitae inventore itaque tempore. Qui tempora neque ad quo est exercitationem ut. Autem aut totam itaque odit dolorem aliquam omnis.', 7, 1, '1992-08-01 15:11:33', '2016-03-29 14:28:50');
INSERT INTO `messages` (`id`, `m_header`, `message`, `sender_id`, `receiver_id`, `created_at`, `updated_at`) VALUES (84, 'ARE OLD, FATHER WILLIAM,\"\' said the King replied. Here the Queen in front of them, and was a child,\' said the Cat. \'I\'d nearly forgotten that I\'ve got to see that the way out of the words \'DRINK.', 'Repellendus quis qui quia tenetur enim. Perspiciatis non quam qui quia repellat pariatur velit. Qui sapiente exercitationem dolor culpa perspiciatis.', 6, 3, '1970-03-12 15:43:56', '1983-08-16 14:32:23');
INSERT INTO `messages` (`id`, `m_header`, `message`, `sender_id`, `receiver_id`, `created_at`, `updated_at`) VALUES (85, 'Alice. \'I\'m a--I\'m a--\' \'Well! WHAT are you?\' said the cook. The King turned pale, and shut his eyes.--\'Tell her about the crumbs,\' said the Caterpillar. Alice thought she might find another key on.', 'Iste possimus quis aspernatur quis est quis porro. Et a eum dolor ad fugit inventore expedita. Incidunt dolores minus assumenda asperiores.', 1, 5, '1982-04-18 16:23:27', '1998-08-04 03:52:33');
INSERT INTO `messages` (`id`, `m_header`, `message`, `sender_id`, `receiver_id`, `created_at`, `updated_at`) VALUES (86, 'Wonderland of long ago: and how she would manage it. \'They were learning to draw, you know--\' \'What did they draw the treacle from?\' \'You can draw water out of the accident, all except the King,.', 'Nisi autem debitis dolorum nemo nulla. Ratione et maiores omnis itaque. Itaque est et natus aliquid distinctio velit. Veritatis molestias est exercitationem dolorum quisquam qui.', 9, 5, '1975-06-05 18:30:44', '1981-07-25 19:33:21');
INSERT INTO `messages` (`id`, `m_header`, `message`, `sender_id`, `receiver_id`, `created_at`, `updated_at`) VALUES (87, 'He trusts to you to offer it,\' said the White Rabbit cried out, \'Silence in the grass, merely remarking as it happens; and if the Mock Turtle. \'Certainly not!\' said Alice very politely; but she.', 'Perspiciatis enim reiciendis quae nihil ipsum. Quis consequatur voluptatem eaque asperiores. Ut omnis numquam aut.', 3, 4, '2018-10-05 10:45:00', '1997-01-19 11:35:51');
INSERT INTO `messages` (`id`, `m_header`, `message`, `sender_id`, `receiver_id`, `created_at`, `updated_at`) VALUES (88, 'There were doors all round her once more, while the Mock Turtle\'s heavy sobs. Lastly, she pictured to herself that perhaps it was over at last: \'and I do it again and again.\' \'You are old, Father.', 'Atque iste minus ut suscipit. Animi similique perspiciatis rem eos unde. Qui sint incidunt enim non.', 8, 2, '1993-08-06 02:05:32', '2012-02-12 06:29:59');
INSERT INTO `messages` (`id`, `m_header`, `message`, `sender_id`, `receiver_id`, `created_at`, `updated_at`) VALUES (89, 'Alice quietly said, just as she picked her way into that lovely garden. First, however, she went on to himself in an offended tone, and everybody else. \'Leave off that!\' screamed the Gryphon. \'I\'ve.', 'Illo magnam asperiores velit exercitationem. Iure consequatur asperiores dolorum rerum officia. Nihil deserunt repellendus reprehenderit molestias nesciunt quibusdam.', 1, 8, '1982-03-01 09:03:02', '1991-04-04 08:31:25');
INSERT INTO `messages` (`id`, `m_header`, `message`, `sender_id`, `receiver_id`, `created_at`, `updated_at`) VALUES (90, 'Why, I do so like that curious song about the right thing to nurse--and she\'s such a puzzled expression that she began again. \'I wonder if I\'ve kept her eyes to see it quite plainly through the air!.', 'Doloribus ut dolores porro quia ex sapiente. Aut debitis sit quasi quibusdam dolorem repellat deleniti. Sit excepturi facere amet. Expedita odit in eius sunt non.', 6, 2, '1979-07-22 22:59:15', '2013-02-04 14:26:23');
INSERT INTO `messages` (`id`, `m_header`, `message`, `sender_id`, `receiver_id`, `created_at`, `updated_at`) VALUES (91, 'Mouse, sharply and very soon found an opportunity of taking it away. She did not like to show you! A little bright-eyed terrier, you know, and he checked himself suddenly: the others looked round.', 'Aliquam est commodi qui amet aut eaque eum. Sed non et et eligendi non voluptas est facilis. Minus harum fugiat iure reiciendis cumque.', 9, 2, '2011-09-13 07:11:12', '2008-05-03 10:04:33');
INSERT INTO `messages` (`id`, `m_header`, `message`, `sender_id`, `receiver_id`, `created_at`, `updated_at`) VALUES (92, 'March Hare, who had been for some while in silence. At last the Dodo managed it.) First it marked out a box of comfits, (luckily the salt water had not a moment to be two people. \'But it\'s no use.', 'Eum impedit facere voluptas est. Laborum ratione molestiae sit at enim. Ut aut nostrum praesentium nihil quam recusandae. Enim reiciendis ut molestiae et nihil autem. Tempore debitis et illum non.', 2, 4, '2004-03-03 12:51:10', '1976-12-28 13:09:13');
INSERT INTO `messages` (`id`, `m_header`, `message`, `sender_id`, `receiver_id`, `created_at`, `updated_at`) VALUES (93, 'Her first idea was that you couldn\'t cut off a bit afraid of them!\' \'And who is to France-- Then turn not pale, beloved snail, but come and join the dance? Will you, won\'t you, will you join the.', 'Architecto modi nam eos amet autem mollitia. Rerum expedita optio quas est amet. Ex molestias voluptatem sunt ratione minus et laborum.', 7, 9, '1988-04-05 18:23:55', '2006-01-10 19:53:21');
INSERT INTO `messages` (`id`, `m_header`, `message`, `sender_id`, `receiver_id`, `created_at`, `updated_at`) VALUES (94, 'She got up and rubbed its eyes: then it chuckled. \'What fun!\' said the Hatter. \'You MUST remember,\' remarked the King, looking round the rosetree; for, you see, Miss, we\'re doing our best, afore she.', 'Praesentium sunt deserunt ut quis pariatur. Aut non aperiam inventore qui tempore explicabo occaecati. Labore sit animi quod molestiae et provident labore.', 3, 6, '1981-06-19 01:20:26', '2011-10-07 17:53:05');
INSERT INTO `messages` (`id`, `m_header`, `message`, `sender_id`, `receiver_id`, `created_at`, `updated_at`) VALUES (95, 'Duchess asked, with another hedgehog, which seemed to follow, except a little pattering of feet on the bank--the birds with draggled feathers, the animals with their fur clinging close to them, and.', 'Rerum necessitatibus a officia aliquid et voluptatibus. Odit iste id ducimus doloremque quo explicabo explicabo. Aperiam beatae est quis facilis vel doloribus. Repellat tempore aut libero voluptatem qui nemo dolores commodi.', 7, 3, '1990-04-19 22:27:51', '2005-04-02 16:04:14');
INSERT INTO `messages` (`id`, `m_header`, `message`, `sender_id`, `receiver_id`, `created_at`, `updated_at`) VALUES (96, 'Dormouse; \'VERY ill.\' Alice tried to say to this: so she tried to fancy to cats if you were all crowded round her, calling out in a bit.\' \'Perhaps it doesn\'t mind.\' The table was a dispute going on.', 'Vero laborum cupiditate quos aut sit impedit vero. Blanditiis exercitationem quia sint est sunt.', 1, 2, '1978-10-03 22:52:34', '1985-06-03 00:52:32');
INSERT INTO `messages` (`id`, `m_header`, `message`, `sender_id`, `receiver_id`, `created_at`, `updated_at`) VALUES (97, 'I ask! It\'s always six o\'clock now.\' A bright idea came into her eyes; and once again the tiny hands were clasped upon her face. \'Wake up, Dormouse!\' And they pinched it on both sides at once. The.', 'Rem beatae omnis non exercitationem. Est animi et iusto qui. Ut ab provident est in optio veritatis.', 6, 8, '1989-04-11 16:14:29', '2011-01-30 05:10:03');
INSERT INTO `messages` (`id`, `m_header`, `message`, `sender_id`, `receiver_id`, `created_at`, `updated_at`) VALUES (98, 'I could show you our cat Dinah: I think I could, if I must, I must,\' the King replied. Here the Queen of Hearts, and I never was so much surprised, that for two reasons. First, because I\'m on the.', 'Reiciendis nesciunt rem nisi deleniti. Ipsum laboriosam autem perspiciatis blanditiis suscipit architecto voluptatem. Voluptates aspernatur est voluptate minima illum neque perspiciatis sint.', 1, 7, '1993-01-11 02:28:36', '1993-03-22 15:12:18');
INSERT INTO `messages` (`id`, `m_header`, `message`, `sender_id`, `receiver_id`, `created_at`, `updated_at`) VALUES (99, 'Alice in a hoarse growl, \'the world would go through,\' thought poor Alice, who felt ready to agree to everything that Alice quite hungry to look at them--\'I wish they\'d get the trial one way of.', 'Omnis iure animi nihil laboriosam. Eius consequatur dolores voluptate quos sit. Enim maxime atque alias magni et eligendi. Perferendis officiis voluptate ratione consequatur ut adipisci.', 5, 2, '1996-02-28 05:50:19', '1987-01-31 06:36:33');
INSERT INTO `messages` (`id`, `m_header`, `message`, `sender_id`, `receiver_id`, `created_at`, `updated_at`) VALUES (100, 'King said gravely, \'and go on in these words: \'Yes, we went to the Mock Turtle, capering wildly about. \'Change lobsters again!\' yelled the Gryphon went on. Her listeners were perfectly quiet till.', 'Qui quis excepturi et voluptatem cum et. Qui quis sint tenetur rem commodi. Et neque quas doloremque voluptas enim recusandae error.', 8, 2, '2005-04-02 13:50:08', '1991-11-23 14:07:01');

UPDATE messages SET updated_at = NOW() WHERE created_at > updated_at;   
UPDATE messages SET sender_id = FLOOR( 1 + RAND( ) * 137 );
UPDATE messages SET receiver_id = FLOOR( 1 + RAND( ) * 137 );

DROP TABLE IF EXISTS people_bookmarks;
CREATE TABLE people_bookmarks (
    id INT UNSIGNED NOT NULL AUTO_INCREMENT PRIMARY KEY COMMENT "Идентификатор строки", 
    user_id INT UNSIGNED NOT NULL COMMENT "Кто сохранил профиль пользователя как закладку",
    target_id INT UNSIGNED NOT NULL COMMENT "Чей профиль сохранили как закладку",
    created_at DATETIME DEFAULT CURRENT_TIMESTAMP COMMENT "Время создания строки",  
    updated_at DATETIME DEFAULT CURRENT_TIMESTAMP ON UPDATE CURRENT_TIMESTAMP COMMENT "Время обновления строки",
    FOREIGN KEY (user_id) REFERENCES users(id),
    FOREIGN KEY (target_id) REFERENCES users(id)
) COMMENT "Таблица с закладками интересных пользователей";

INSERT INTO `people_bookmarks` (`id`, `user_id`, `target_id`, `created_at`, `updated_at`) VALUES (1, 3, 6, '1971-02-10 15:43:12', '2001-06-18 22:27:12');
INSERT INTO `people_bookmarks` (`id`, `user_id`, `target_id`, `created_at`, `updated_at`) VALUES (2, 5, 8, '2018-01-06 23:54:13', '2012-12-14 05:08:49');
INSERT INTO `people_bookmarks` (`id`, `user_id`, `target_id`, `created_at`, `updated_at`) VALUES (3, 2, 1, '1981-11-17 09:36:28', '1970-02-04 15:06:57');
INSERT INTO `people_bookmarks` (`id`, `user_id`, `target_id`, `created_at`, `updated_at`) VALUES (4, 2, 1, '2000-06-05 10:11:58', '1979-02-08 04:17:34');
INSERT INTO `people_bookmarks` (`id`, `user_id`, `target_id`, `created_at`, `updated_at`) VALUES (5, 6, 8, '1974-08-12 20:01:15', '1978-02-24 11:18:48');
INSERT INTO `people_bookmarks` (`id`, `user_id`, `target_id`, `created_at`, `updated_at`) VALUES (6, 2, 9, '2018-03-05 21:25:15', '1997-03-23 19:56:43');
INSERT INTO `people_bookmarks` (`id`, `user_id`, `target_id`, `created_at`, `updated_at`) VALUES (7, 2, 7, '2004-10-22 08:28:23', '1994-05-02 04:05:38');
INSERT INTO `people_bookmarks` (`id`, `user_id`, `target_id`, `created_at`, `updated_at`) VALUES (8, 9, 7, '2016-01-15 10:59:35', '1979-02-18 21:12:39');
INSERT INTO `people_bookmarks` (`id`, `user_id`, `target_id`, `created_at`, `updated_at`) VALUES (9, 5, 9, '2016-03-28 00:47:56', '1990-01-03 13:05:24');
INSERT INTO `people_bookmarks` (`id`, `user_id`, `target_id`, `created_at`, `updated_at`) VALUES (10, 7, 2, '2018-12-16 08:34:34', '2008-12-30 15:19:49');
INSERT INTO `people_bookmarks` (`id`, `user_id`, `target_id`, `created_at`, `updated_at`) VALUES (11, 7, 2, '2005-03-29 19:10:14', '2011-05-11 14:42:29');
INSERT INTO `people_bookmarks` (`id`, `user_id`, `target_id`, `created_at`, `updated_at`) VALUES (12, 5, 9, '1981-02-17 08:27:36', '1982-12-12 14:35:34');
INSERT INTO `people_bookmarks` (`id`, `user_id`, `target_id`, `created_at`, `updated_at`) VALUES (13, 5, 6, '2013-09-02 11:52:44', '2017-07-11 17:17:16');
INSERT INTO `people_bookmarks` (`id`, `user_id`, `target_id`, `created_at`, `updated_at`) VALUES (14, 2, 6, '2000-08-07 08:26:02', '2016-08-30 04:51:27');
INSERT INTO `people_bookmarks` (`id`, `user_id`, `target_id`, `created_at`, `updated_at`) VALUES (15, 8, 4, '1971-02-15 11:19:39', '1977-05-03 09:44:02');
INSERT INTO `people_bookmarks` (`id`, `user_id`, `target_id`, `created_at`, `updated_at`) VALUES (16, 7, 3, '2015-12-14 11:44:51', '1981-11-05 23:15:26');
INSERT INTO `people_bookmarks` (`id`, `user_id`, `target_id`, `created_at`, `updated_at`) VALUES (17, 7, 1, '1988-04-22 12:34:55', '1992-10-20 04:04:01');
INSERT INTO `people_bookmarks` (`id`, `user_id`, `target_id`, `created_at`, `updated_at`) VALUES (18, 3, 8, '2010-02-09 06:08:13', '1993-12-27 12:46:57');
INSERT INTO `people_bookmarks` (`id`, `user_id`, `target_id`, `created_at`, `updated_at`) VALUES (19, 1, 7, '1985-07-14 15:49:21', '2005-08-07 16:51:11');
INSERT INTO `people_bookmarks` (`id`, `user_id`, `target_id`, `created_at`, `updated_at`) VALUES (20, 2, 3, '1999-08-02 09:10:33', '1999-04-08 16:24:45');
INSERT INTO `people_bookmarks` (`id`, `user_id`, `target_id`, `created_at`, `updated_at`) VALUES (21, 8, 5, '2007-12-09 01:03:43', '1991-01-15 14:57:30');
INSERT INTO `people_bookmarks` (`id`, `user_id`, `target_id`, `created_at`, `updated_at`) VALUES (22, 7, 2, '2013-12-11 23:55:17', '2001-06-09 13:26:32');
INSERT INTO `people_bookmarks` (`id`, `user_id`, `target_id`, `created_at`, `updated_at`) VALUES (23, 9, 3, '2011-01-29 13:10:09', '2012-01-27 12:00:37');
INSERT INTO `people_bookmarks` (`id`, `user_id`, `target_id`, `created_at`, `updated_at`) VALUES (24, 4, 2, '1985-08-08 04:52:47', '1983-08-06 14:22:40');
INSERT INTO `people_bookmarks` (`id`, `user_id`, `target_id`, `created_at`, `updated_at`) VALUES (25, 1, 7, '1988-09-28 12:29:04', '2006-02-06 02:52:26');
INSERT INTO `people_bookmarks` (`id`, `user_id`, `target_id`, `created_at`, `updated_at`) VALUES (26, 6, 4, '2010-11-18 12:45:32', '2013-06-03 22:08:14');
INSERT INTO `people_bookmarks` (`id`, `user_id`, `target_id`, `created_at`, `updated_at`) VALUES (27, 7, 8, '1992-04-04 07:23:40', '1994-06-09 11:12:53');
INSERT INTO `people_bookmarks` (`id`, `user_id`, `target_id`, `created_at`, `updated_at`) VALUES (28, 6, 7, '1971-11-02 22:44:34', '2004-02-16 22:57:46');
INSERT INTO `people_bookmarks` (`id`, `user_id`, `target_id`, `created_at`, `updated_at`) VALUES (29, 2, 8, '1990-07-10 17:29:42', '1988-08-10 15:17:43');
INSERT INTO `people_bookmarks` (`id`, `user_id`, `target_id`, `created_at`, `updated_at`) VALUES (30, 3, 6, '2005-07-08 17:00:24', '1987-05-28 16:55:14');
INSERT INTO `people_bookmarks` (`id`, `user_id`, `target_id`, `created_at`, `updated_at`) VALUES (31, 8, 5, '1973-09-12 03:41:53', '1999-05-26 04:21:49');
INSERT INTO `people_bookmarks` (`id`, `user_id`, `target_id`, `created_at`, `updated_at`) VALUES (32, 3, 9, '1990-01-23 08:38:36', '1997-01-21 11:57:09');
INSERT INTO `people_bookmarks` (`id`, `user_id`, `target_id`, `created_at`, `updated_at`) VALUES (33, 8, 8, '2001-06-05 04:39:04', '1984-04-24 02:16:46');
INSERT INTO `people_bookmarks` (`id`, `user_id`, `target_id`, `created_at`, `updated_at`) VALUES (34, 2, 1, '2007-04-08 15:20:09', '1995-04-17 03:37:01');
INSERT INTO `people_bookmarks` (`id`, `user_id`, `target_id`, `created_at`, `updated_at`) VALUES (35, 3, 3, '2015-09-07 11:47:59', '1984-01-30 05:12:18');
INSERT INTO `people_bookmarks` (`id`, `user_id`, `target_id`, `created_at`, `updated_at`) VALUES (36, 4, 2, '2016-11-12 13:33:37', '1990-12-28 12:19:49');
INSERT INTO `people_bookmarks` (`id`, `user_id`, `target_id`, `created_at`, `updated_at`) VALUES (37, 2, 2, '1970-03-31 10:23:55', '2011-10-25 02:56:41');
INSERT INTO `people_bookmarks` (`id`, `user_id`, `target_id`, `created_at`, `updated_at`) VALUES (38, 1, 5, '1978-05-18 20:55:43', '1988-08-10 12:09:41');
INSERT INTO `people_bookmarks` (`id`, `user_id`, `target_id`, `created_at`, `updated_at`) VALUES (39, 2, 1, '1980-04-03 14:16:26', '1979-06-05 19:55:21');
INSERT INTO `people_bookmarks` (`id`, `user_id`, `target_id`, `created_at`, `updated_at`) VALUES (40, 7, 2, '1996-12-20 12:08:20', '1978-08-21 06:59:11');
INSERT INTO `people_bookmarks` (`id`, `user_id`, `target_id`, `created_at`, `updated_at`) VALUES (41, 6, 2, '2020-10-17 20:04:54', '1971-10-17 11:57:15');
INSERT INTO `people_bookmarks` (`id`, `user_id`, `target_id`, `created_at`, `updated_at`) VALUES (42, 2, 5, '1978-06-15 19:47:25', '1997-10-14 18:43:52');
INSERT INTO `people_bookmarks` (`id`, `user_id`, `target_id`, `created_at`, `updated_at`) VALUES (43, 3, 3, '1983-11-14 15:16:39', '1999-12-28 19:34:26');
INSERT INTO `people_bookmarks` (`id`, `user_id`, `target_id`, `created_at`, `updated_at`) VALUES (44, 5, 5, '2010-11-11 07:43:39', '1986-03-27 07:18:16');
INSERT INTO `people_bookmarks` (`id`, `user_id`, `target_id`, `created_at`, `updated_at`) VALUES (45, 8, 9, '1973-07-13 05:23:13', '1995-08-06 10:10:57');
INSERT INTO `people_bookmarks` (`id`, `user_id`, `target_id`, `created_at`, `updated_at`) VALUES (46, 4, 2, '2000-02-11 09:41:39', '2008-04-17 08:59:56');
INSERT INTO `people_bookmarks` (`id`, `user_id`, `target_id`, `created_at`, `updated_at`) VALUES (47, 3, 3, '1989-07-01 05:33:57', '1980-01-18 13:44:07');
INSERT INTO `people_bookmarks` (`id`, `user_id`, `target_id`, `created_at`, `updated_at`) VALUES (48, 2, 3, '2008-05-19 05:43:48', '1990-09-13 02:41:31');
INSERT INTO `people_bookmarks` (`id`, `user_id`, `target_id`, `created_at`, `updated_at`) VALUES (49, 5, 3, '1985-11-29 23:55:22', '2000-07-25 20:10:07');
INSERT INTO `people_bookmarks` (`id`, `user_id`, `target_id`, `created_at`, `updated_at`) VALUES (50, 9, 7, '2017-12-16 07:18:57', '2015-09-05 12:39:39');

UPDATE people_bookmarks SET updated_at = NOW() WHERE created_at > updated_at;   
UPDATE people_bookmarks SET target_id = FLOOR( 1 + RAND( ) * 137 );
UPDATE people_bookmarks SET user_id = FLOOR( 1 + RAND( ) * 137 );

DROP TABLE IF EXISTS event_type;
CREATE TABLE event_type (
	id INT UNSIGNED NOT NULL AUTO_INCREMENT PRIMARY KEY COMMENT "Идентификатор строки", 
    event_name VARCHAR(50) NOT NULL UNIQUE COMMENT "Название типа мероприятия",
    created_at DATETIME DEFAULT CURRENT_TIMESTAMP COMMENT "Время создания строки",  
    updated_at DATETIME DEFAULT CURRENT_TIMESTAMP ON UPDATE CURRENT_TIMESTAMP COMMENT "Время обновления строки"
) COMMENT 'таблица с типами мероприятий';

INSERT INTO `event_type` (`id`, `event_name`, `created_at`, `updated_at`) VALUES (1, 'meetup', '1973-01-30 04:27:19', '1984-01-03 15:03:24');
INSERT INTO `event_type` (`id`, `event_name`, `created_at`, `updated_at`) VALUES (2, 'interview', '2011-10-21 12:18:06', '2012-04-08 17:46:59');
INSERT INTO `event_type` (`id`, `event_name`, `created_at`, `updated_at`) VALUES (3, 'online party', '2012-01-18 19:59:36', '2012-04-20 05:43:32');

UPDATE event_type SET updated_at = NOW() WHERE created_at > updated_at;   

DROP TABLE IF EXISTS community_events;
CREATE TABLE community_events (
	id INT UNSIGNED NOT NULL AUTO_INCREMENT PRIMARY KEY COMMENT "Идентификатор строки", 
    event_type INT UNSIGNED NOT NULL COMMENT "Тип мероприятия",
    event_name VARCHAR(255) NOT NULL UNIQUE COMMENT "Название мероприятия",
    country INT UNSIGNED NOT NULL COMMENT "Ссылка на страну, где проходит мероприятие",
    city INT UNSIGNED NOT NULL COMMENT "Ссылка на город, где проходит мероприятие",
    organiser INT UNSIGNED NOT NULL COMMENT "Кто организовал мероприятие",
    created_at DATETIME DEFAULT CURRENT_TIMESTAMP COMMENT "Время создания строки",  
    updated_at DATETIME DEFAULT CURRENT_TIMESTAMP ON UPDATE CURRENT_TIMESTAMP COMMENT "Время обновления строки",
    FOREIGN KEY (organiser) REFERENCES users(id),
    FOREIGN KEY (country) REFERENCES countries(id),
    FOREIGN KEY (city) REFERENCES cities(id),
    FOREIGN KEY (event_type) REFERENCES event_type(id)
) COMMENT 'таблица с мероприятиями сообщества';

INSERT INTO `community_events` (`id`, `event_type`, `event_name`, `country`, `city`, `organiser`, `created_at`, `updated_at`) VALUES (1, 2, 'voluptatum', 3, 8, 8, '2005-11-09 15:51:53', '1993-12-10 11:50:46');
INSERT INTO `community_events` (`id`, `event_type`, `event_name`, `country`, `city`, `organiser`, `created_at`, `updated_at`) VALUES (2, 2, 'ducimus', 5, 4, 2, '1985-09-06 06:10:15', '2012-03-12 09:40:53');
INSERT INTO `community_events` (`id`, `event_type`, `event_name`, `country`, `city`, `organiser`, `created_at`, `updated_at`) VALUES (3, 2, 'totam', 3, 4, 2, '2005-08-27 14:27:38', '2020-08-13 02:17:06');
INSERT INTO `community_events` (`id`, `event_type`, `event_name`, `country`, `city`, `organiser`, `created_at`, `updated_at`) VALUES (4, 2, 'impedit', 8, 1, 5, '1994-04-30 19:27:23', '2015-06-11 20:11:53');
INSERT INTO `community_events` (`id`, `event_type`, `event_name`, `country`, `city`, `organiser`, `created_at`, `updated_at`) VALUES (5, 2, 'ut', 5, 7, 9, '1985-11-16 18:56:00', '1972-06-17 21:53:03');
INSERT INTO `community_events` (`id`, `event_type`, `event_name`, `country`, `city`, `organiser`, `created_at`, `updated_at`) VALUES (6, 2, 'necessitatibus', 6, 8, 4, '1993-11-13 08:42:56', '1984-08-22 05:53:33');
INSERT INTO `community_events` (`id`, `event_type`, `event_name`, `country`, `city`, `organiser`, `created_at`, `updated_at`) VALUES (7, 2, 'ea', 8, 2, 2, '1995-09-13 14:17:02', '1985-05-21 21:31:35');
INSERT INTO `community_events` (`id`, `event_type`, `event_name`, `country`, `city`, `organiser`, `created_at`, `updated_at`) VALUES (8, 2, 'repudiandae', 9, 6, 9, '1971-11-04 07:46:15', '1984-06-24 00:29:25');
INSERT INTO `community_events` (`id`, `event_type`, `event_name`, `country`, `city`, `organiser`, `created_at`, `updated_at`) VALUES (9, 2, 'deleniti', 7, 1, 1, '1978-08-16 02:02:26', '2004-05-11 08:01:53');
INSERT INTO `community_events` (`id`, `event_type`, `event_name`, `country`, `city`, `organiser`, `created_at`, `updated_at`) VALUES (10, 3, 'facere', 8, 4, 6, '1996-03-02 22:21:14', '1976-10-26 04:22:40');
INSERT INTO `community_events` (`id`, `event_type`, `event_name`, `country`, `city`, `organiser`, `created_at`, `updated_at`) VALUES (11, 1, 'temporibus', 3, 7, 3, '1971-04-16 11:27:26', '2019-08-30 20:47:30');
INSERT INTO `community_events` (`id`, `event_type`, `event_name`, `country`, `city`, `organiser`, `created_at`, `updated_at`) VALUES (12, 2, 'autem', 3, 6, 6, '1981-07-18 03:14:26', '1981-01-05 20:07:28');
INSERT INTO `community_events` (`id`, `event_type`, `event_name`, `country`, `city`, `organiser`, `created_at`, `updated_at`) VALUES (13, 2, 'eligendi', 2, 9, 6, '2020-06-12 02:23:12', '2004-07-30 14:28:11');
INSERT INTO `community_events` (`id`, `event_type`, `event_name`, `country`, `city`, `organiser`, `created_at`, `updated_at`) VALUES (14, 2, 'nihil', 1, 7, 7, '2016-12-01 05:40:38', '1988-04-13 10:50:31');
INSERT INTO `community_events` (`id`, `event_type`, `event_name`, `country`, `city`, `organiser`, `created_at`, `updated_at`) VALUES (15, 2, 'assumenda', 1, 2, 1, '1994-01-29 12:03:37', '2004-12-16 17:26:24');
INSERT INTO `community_events` (`id`, `event_type`, `event_name`, `country`, `city`, `organiser`, `created_at`, `updated_at`) VALUES (16, 2, 'repellendus', 8, 6, 5, '1997-07-06 00:14:55', '1978-12-26 01:55:21');
INSERT INTO `community_events` (`id`, `event_type`, `event_name`, `country`, `city`, `organiser`, `created_at`, `updated_at`) VALUES (17, 3, 'ipsam', 2, 6, 1, '1993-09-30 22:40:12', '1983-04-03 14:09:44');
INSERT INTO `community_events` (`id`, `event_type`, `event_name`, `country`, `city`, `organiser`, `created_at`, `updated_at`) VALUES (18, 2, 'nostrum', 8, 3, 8, '1973-09-11 18:25:55', '1978-09-16 06:35:48');
INSERT INTO `community_events` (`id`, `event_type`, `event_name`, `country`, `city`, `organiser`, `created_at`, `updated_at`) VALUES (19, 2, 'qui', 8, 8, 3, '2005-01-28 22:46:08', '2014-06-06 03:42:45');
INSERT INTO `community_events` (`id`, `event_type`, `event_name`, `country`, `city`, `organiser`, `created_at`, `updated_at`) VALUES (20, 2, 'iste', 5, 4, 8, '2003-07-25 14:44:16', '1998-11-14 11:11:50');

UPDATE community_events SET updated_at = NOW() WHERE created_at > updated_at;   
UPDATE community_events SET event_type = FLOOR( 1 + RAND( ) * 3 );
UPDATE community_events SET organiser = FLOOR( 1 + RAND( ) * 137 );
UPDATE community_events SET city = (SELECT id FROM cities ORDER BY RAND() LIMIT 1);
UPDATE community_events SET country = (SELECT location FROM cities WHERE cities.id=community_events.city);

CREATE TABLE media_types (
  id INT UNSIGNED NOT NULL AUTO_INCREMENT PRIMARY KEY COMMENT "Идентификатор строки",
  type_name VARCHAR(255) NOT NULL UNIQUE COMMENT "Название типа",
  created_at DATETIME DEFAULT CURRENT_TIMESTAMP COMMENT "Время создания строки",  
  updated_at DATETIME DEFAULT CURRENT_TIMESTAMP ON UPDATE CURRENT_TIMESTAMP COMMENT "Время обновления строки"
) COMMENT "Типы медиафайлов";

INSERT INTO `media_types` (`id`, `type_name`, `created_at`, `updated_at`) VALUES (1, 'image', '2013-09-14 18:47:26', '1982-06-01 08:21:44');
INSERT INTO `media_types` (`id`, `type_name`, `created_at`, `updated_at`) VALUES (2, 'video', '1972-07-05 12:19:44', '1991-08-28 11:33:02');
INSERT INTO `media_types` (`id`, `type_name`, `created_at`, `updated_at`) VALUES (3, 'audio', '1983-07-21 18:17:18', '1988-02-19 10:55:08');

DROP TABLE IF EXISTS media;
CREATE TABLE media (
  id INT UNSIGNED NOT NULL AUTO_INCREMENT PRIMARY KEY COMMENT "Идентификатор строки",
  author_id INT UNSIGNED NOT NULL COMMENT "Ссылка на пользователя, который загрузил файл",
  filename VARCHAR(255) NOT NULL COMMENT "Путь к файлу",
  size INT NOT NULL COMMENT "Размер файла",
  metadata JSON COMMENT "Метаданные файла",
  media_type_id INT UNSIGNED NOT NULL COMMENT "Ссылка на тип контента",
  created_at DATETIME DEFAULT CURRENT_TIMESTAMP COMMENT "Время создания строки",
  updated_at DATETIME DEFAULT CURRENT_TIMESTAMP ON UPDATE CURRENT_TIMESTAMP COMMENT "Время обновления строки",
  FOREIGN KEY (author_id) REFERENCES users(id),
  FOREIGN KEY (media_type_id) REFERENCES media_types(id)
) COMMENT "Медиафайлы";

INSERT INTO `media` (`id`, `author_id`, `filename`, `size`, `metadata`, `media_type_id`, `created_at`, `updated_at`) VALUES (1, 4, 'incidunt', 662, NULL, 3, '2009-07-19 01:01:03', '1970-07-23 07:48:27');
INSERT INTO `media` (`id`, `author_id`, `filename`, `size`, `metadata`, `media_type_id`, `created_at`, `updated_at`) VALUES (2, 8, 'rem', 36060173, NULL, 2, '1982-05-30 01:58:41', '1998-04-04 19:42:59');
INSERT INTO `media` (`id`, `author_id`, `filename`, `size`, `metadata`, `media_type_id`, `created_at`, `updated_at`) VALUES (3, 6, 'veniam', 70494617, NULL, 2, '1971-08-09 09:35:00', '2006-04-14 12:29:39');
INSERT INTO `media` (`id`, `author_id`, `filename`, `size`, `metadata`, `media_type_id`, `created_at`, `updated_at`) VALUES (4, 2, 'corrupti', 6383906, NULL, 2, '1984-06-14 06:20:37', '2009-10-31 09:29:46');
INSERT INTO `media` (`id`, `author_id`, `filename`, `size`, `metadata`, `media_type_id`, `created_at`, `updated_at`) VALUES (5, 2, 'iusto', 0, NULL, 2, '2011-10-31 01:23:25', '1973-04-02 20:13:17');
INSERT INTO `media` (`id`, `author_id`, `filename`, `size`, `metadata`, `media_type_id`, `created_at`, `updated_at`) VALUES (6, 8, 'et', 0, NULL, 2, '2013-06-30 12:33:51', '2017-03-04 14:02:29');
INSERT INTO `media` (`id`, `author_id`, `filename`, `size`, `metadata`, `media_type_id`, `created_at`, `updated_at`) VALUES (7, 1, 'provident', 530680, NULL, 2, '1987-11-23 23:24:49', '2005-02-19 22:24:10');
INSERT INTO `media` (`id`, `author_id`, `filename`, `size`, `metadata`, `media_type_id`, `created_at`, `updated_at`) VALUES (8, 6, 'deserunt', 99398903, NULL, 1, '1993-03-12 10:55:40', '2002-03-12 13:17:56');
INSERT INTO `media` (`id`, `author_id`, `filename`, `size`, `metadata`, `media_type_id`, `created_at`, `updated_at`) VALUES (9, 5, 'ipsa', 994, NULL, 2, '2007-11-05 00:34:22', '2014-10-16 18:34:05');
INSERT INTO `media` (`id`, `author_id`, `filename`, `size`, `metadata`, `media_type_id`, `created_at`, `updated_at`) VALUES (10, 8, 'eaque', 1996791, NULL, 2, '1984-01-15 05:01:05', '2014-03-16 02:29:48');
INSERT INTO `media` (`id`, `author_id`, `filename`, `size`, `metadata`, `media_type_id`, `created_at`, `updated_at`) VALUES (11, 4, 'dolores', 885720, NULL, 2, '2005-02-03 14:03:32', '2016-08-15 09:39:08');
INSERT INTO `media` (`id`, `author_id`, `filename`, `size`, `metadata`, `media_type_id`, `created_at`, `updated_at`) VALUES (12, 4, 'ratione', 147445939, NULL, 3, '1995-08-07 23:46:22', '2015-01-09 05:53:49');
INSERT INTO `media` (`id`, `author_id`, `filename`, `size`, `metadata`, `media_type_id`, `created_at`, `updated_at`) VALUES (13, 2, 'ut', 871, NULL, 2, '1984-08-31 18:26:00', '1987-04-02 18:36:26');
INSERT INTO `media` (`id`, `author_id`, `filename`, `size`, `metadata`, `media_type_id`, `created_at`, `updated_at`) VALUES (14, 6, 'repellendus', 894981, NULL, 2, '1976-12-29 17:32:49', '1976-07-15 08:44:30');
INSERT INTO `media` (`id`, `author_id`, `filename`, `size`, `metadata`, `media_type_id`, `created_at`, `updated_at`) VALUES (15, 1, 'quo', 9, NULL, 3, '1997-08-24 02:53:02', '1987-04-13 17:59:32');
INSERT INTO `media` (`id`, `author_id`, `filename`, `size`, `metadata`, `media_type_id`, `created_at`, `updated_at`) VALUES (16, 4, 'aperiam', 0, NULL, 2, '1989-01-02 04:01:55', '2014-12-12 23:05:41');
INSERT INTO `media` (`id`, `author_id`, `filename`, `size`, `metadata`, `media_type_id`, `created_at`, `updated_at`) VALUES (17, 3, 'a', 87, NULL, 2, '1995-09-05 08:19:58', '1980-04-18 06:03:02');
INSERT INTO `media` (`id`, `author_id`, `filename`, `size`, `metadata`, `media_type_id`, `created_at`, `updated_at`) VALUES (18, 7, 'et', 531820, NULL, 3, '2010-12-12 10:36:15', '1999-03-19 18:26:04');
INSERT INTO `media` (`id`, `author_id`, `filename`, `size`, `metadata`, `media_type_id`, `created_at`, `updated_at`) VALUES (19, 5, 'odio', 2, NULL, 2, '1995-09-03 20:19:23', '2001-10-12 22:15:55');
INSERT INTO `media` (`id`, `author_id`, `filename`, `size`, `metadata`, `media_type_id`, `created_at`, `updated_at`) VALUES (20, 7, 'consequuntur', 663, NULL, 2, '1994-08-20 18:42:46', '1981-02-23 15:36:32');
INSERT INTO `media` (`id`, `author_id`, `filename`, `size`, `metadata`, `media_type_id`, `created_at`, `updated_at`) VALUES (21, 8, 'laudantium', 93633542, NULL, 2, '2012-02-06 10:34:19', '1998-10-22 05:46:31');
INSERT INTO `media` (`id`, `author_id`, `filename`, `size`, `metadata`, `media_type_id`, `created_at`, `updated_at`) VALUES (22, 6, 'quam', 927775274, NULL, 3, '1999-03-08 20:28:59', '1996-07-27 12:38:23');
INSERT INTO `media` (`id`, `author_id`, `filename`, `size`, `metadata`, `media_type_id`, `created_at`, `updated_at`) VALUES (23, 5, 'et', 0, NULL, 2, '2017-05-18 12:57:53', '1998-07-20 03:46:51');
INSERT INTO `media` (`id`, `author_id`, `filename`, `size`, `metadata`, `media_type_id`, `created_at`, `updated_at`) VALUES (24, 4, 'eum', 287609908, NULL, 2, '2013-09-05 14:05:11', '2019-09-16 20:21:22');
INSERT INTO `media` (`id`, `author_id`, `filename`, `size`, `metadata`, `media_type_id`, `created_at`, `updated_at`) VALUES (25, 3, 'quia', 752952, NULL, 2, '2018-06-06 02:13:14', '1990-06-09 10:34:14');
INSERT INTO `media` (`id`, `author_id`, `filename`, `size`, `metadata`, `media_type_id`, `created_at`, `updated_at`) VALUES (26, 3, 'maiores', 3, NULL, 2, '1975-06-11 17:38:29', '1972-01-18 19:51:41');
INSERT INTO `media` (`id`, `author_id`, `filename`, `size`, `metadata`, `media_type_id`, `created_at`, `updated_at`) VALUES (27, 3, 'libero', 934, NULL, 2, '1980-11-29 13:11:10', '1988-08-29 22:03:33');
INSERT INTO `media` (`id`, `author_id`, `filename`, `size`, `metadata`, `media_type_id`, `created_at`, `updated_at`) VALUES (28, 9, 'quasi', 0, NULL, 2, '1982-05-31 07:07:01', '2007-06-15 15:05:00');
INSERT INTO `media` (`id`, `author_id`, `filename`, `size`, `metadata`, `media_type_id`, `created_at`, `updated_at`) VALUES (29, 7, 'quia', 0, NULL, 2, '1983-06-28 15:12:45', '1998-06-09 16:50:25');
INSERT INTO `media` (`id`, `author_id`, `filename`, `size`, `metadata`, `media_type_id`, `created_at`, `updated_at`) VALUES (30, 5, 'distinctio', 0, NULL, 1, '1986-07-25 05:34:07', '2017-04-23 01:06:19');

UPDATE media SET updated_at = NOW() WHERE created_at > updated_at;   
UPDATE media SET media_type_id = FLOOR( 1 + RAND( ) * 3 );
UPDATE media SET author_id = FLOOR( 1 + RAND( ) * 137 );
UPDATE media SET size = FLOOR(10000 + (RAND() * 1000000)) WHERE size < 1000;

DROP TABLE IF EXISTS comments;
CREATE TABLE comments (
	id INT UNSIGNED NOT NULL AUTO_INCREMENT PRIMARY KEY COMMENT "Идентификатор строки", 
    commenter_id INT UNSIGNED NOT NULL COMMENT "Кто оставил комментарий",
    target_id INT UNSIGNED NOT NULL COMMENT "Где и чему оставили комментарий",
    created_at DATETIME DEFAULT CURRENT_TIMESTAMP COMMENT "Время создания строки",  
    updated_at DATETIME DEFAULT CURRENT_TIMESTAMP ON UPDATE CURRENT_TIMESTAMP COMMENT "Время обновления строки",
    FOREIGN KEY (commenter_id) REFERENCES users(id),
    FOREIGN KEY (target_id) REFERENCES postcards(id)
) COMMENT 'таблица с комментариями';

INSERT INTO `comments` (`id`, `commenter_id`, `target_id`, `created_at`, `updated_at`) VALUES (1, 1, 4, '1971-07-27 20:07:57', '2014-11-13 17:20:37');
INSERT INTO `comments` (`id`, `commenter_id`, `target_id`, `created_at`, `updated_at`) VALUES (2, 7, 9, '1973-12-31 07:46:10', '1975-07-12 21:11:40');
INSERT INTO `comments` (`id`, `commenter_id`, `target_id`, `created_at`, `updated_at`) VALUES (3, 7, 2, '2007-05-10 16:42:23', '2019-02-28 02:19:51');
INSERT INTO `comments` (`id`, `commenter_id`, `target_id`, `created_at`, `updated_at`) VALUES (4, 3, 7, '1995-01-29 23:22:51', '2017-08-18 17:03:06');
INSERT INTO `comments` (`id`, `commenter_id`, `target_id`, `created_at`, `updated_at`) VALUES (5, 9, 4, '2020-03-11 18:42:38', '2006-09-30 10:45:50');
INSERT INTO `comments` (`id`, `commenter_id`, `target_id`, `created_at`, `updated_at`) VALUES (6, 5, 3, '2001-03-04 04:21:17', '1980-04-24 03:59:46');
INSERT INTO `comments` (`id`, `commenter_id`, `target_id`, `created_at`, `updated_at`) VALUES (7, 9, 6, '1999-03-19 21:15:34', '1972-12-24 01:49:56');
INSERT INTO `comments` (`id`, `commenter_id`, `target_id`, `created_at`, `updated_at`) VALUES (8, 1, 2, '2015-03-05 07:23:13', '2020-09-26 15:21:41');
INSERT INTO `comments` (`id`, `commenter_id`, `target_id`, `created_at`, `updated_at`) VALUES (9, 3, 6, '2013-04-14 23:28:55', '1979-03-31 04:28:50');
INSERT INTO `comments` (`id`, `commenter_id`, `target_id`, `created_at`, `updated_at`) VALUES (10, 2, 2, '1993-10-11 20:41:23', '2006-02-23 04:40:17');
INSERT INTO `comments` (`id`, `commenter_id`, `target_id`, `created_at`, `updated_at`) VALUES (11, 8, 4, '2009-06-12 15:07:57', '1998-03-09 20:33:16');
INSERT INTO `comments` (`id`, `commenter_id`, `target_id`, `created_at`, `updated_at`) VALUES (12, 5, 2, '1971-09-02 20:09:04', '1993-10-14 18:50:30');
INSERT INTO `comments` (`id`, `commenter_id`, `target_id`, `created_at`, `updated_at`) VALUES (13, 8, 5, '1990-11-19 13:24:16', '1972-11-20 12:10:41');
INSERT INTO `comments` (`id`, `commenter_id`, `target_id`, `created_at`, `updated_at`) VALUES (14, 5, 8, '2007-03-09 12:45:14', '2017-01-14 01:37:37');
INSERT INTO `comments` (`id`, `commenter_id`, `target_id`, `created_at`, `updated_at`) VALUES (15, 8, 2, '1997-09-02 13:17:09', '1993-07-08 14:47:36');
INSERT INTO `comments` (`id`, `commenter_id`, `target_id`, `created_at`, `updated_at`) VALUES (16, 8, 6, '1980-07-13 06:30:52', '2001-04-14 12:34:03');
INSERT INTO `comments` (`id`, `commenter_id`, `target_id`, `created_at`, `updated_at`) VALUES (17, 1, 2, '2016-05-12 06:13:11', '2006-03-08 15:34:57');
INSERT INTO `comments` (`id`, `commenter_id`, `target_id`, `created_at`, `updated_at`) VALUES (18, 3, 7, '2001-01-28 05:04:09', '1999-07-18 12:40:55');
INSERT INTO `comments` (`id`, `commenter_id`, `target_id`, `created_at`, `updated_at`) VALUES (19, 6, 7, '2015-03-17 05:39:15', '2018-12-04 04:45:18');
INSERT INTO `comments` (`id`, `commenter_id`, `target_id`, `created_at`, `updated_at`) VALUES (20, 8, 8, '1985-09-16 06:17:52', '1983-11-05 05:22:15');
INSERT INTO `comments` (`id`, `commenter_id`, `target_id`, `created_at`, `updated_at`) VALUES (21, 4, 4, '2014-10-21 07:31:20', '2013-09-12 19:25:44');
INSERT INTO `comments` (`id`, `commenter_id`, `target_id`, `created_at`, `updated_at`) VALUES (22, 2, 8, '2019-05-31 02:59:04', '2013-05-22 09:59:26');
INSERT INTO `comments` (`id`, `commenter_id`, `target_id`, `created_at`, `updated_at`) VALUES (23, 6, 3, '1980-08-07 09:26:00', '2002-09-19 08:46:48');
INSERT INTO `comments` (`id`, `commenter_id`, `target_id`, `created_at`, `updated_at`) VALUES (24, 4, 8, '2015-05-01 06:53:43', '1990-12-18 12:46:40');
INSERT INTO `comments` (`id`, `commenter_id`, `target_id`, `created_at`, `updated_at`) VALUES (25, 2, 1, '1996-02-19 20:27:46', '2020-02-08 07:32:40');
INSERT INTO `comments` (`id`, `commenter_id`, `target_id`, `created_at`, `updated_at`) VALUES (26, 5, 5, '1975-08-20 04:34:24', '1989-02-23 14:50:40');
INSERT INTO `comments` (`id`, `commenter_id`, `target_id`, `created_at`, `updated_at`) VALUES (27, 4, 8, '1992-03-28 05:02:58', '1987-01-04 12:15:59');
INSERT INTO `comments` (`id`, `commenter_id`, `target_id`, `created_at`, `updated_at`) VALUES (28, 8, 5, '1986-08-02 06:46:31', '2020-01-27 19:11:37');
INSERT INTO `comments` (`id`, `commenter_id`, `target_id`, `created_at`, `updated_at`) VALUES (29, 8, 4, '2016-07-05 21:31:51', '2012-12-16 08:26:10');
INSERT INTO `comments` (`id`, `commenter_id`, `target_id`, `created_at`, `updated_at`) VALUES (30, 4, 8, '2009-02-27 16:00:55', '2020-12-09 21:48:30');

UPDATE comments SET updated_at = NOW() WHERE created_at > updated_at;   
UPDATE comments SET commenter_id = FLOOR( 1 + RAND( ) * 137 );
UPDATE comments SET target_id = FLOOR( 1 + RAND( ) * 1000 );

DROP TABLE IF EXISTS forum;
CREATE TABLE forum (
	id INT UNSIGNED NOT NULL AUTO_INCREMENT PRIMARY KEY COMMENT "Идентификатор строки", 
    forum_text TEXT NOT NULL COMMENT "Пост на форуме",
    author INT UNSIGNED NOT NULL COMMENT "Кто написал пост",
    media INT UNSIGNED NOT NULL COMMENT "Ссылка на медиафайл в посте",
    comments INT UNSIGNED NOT NULL COMMENT "Ссылка на комментарий к соотв. открытке",
    created_at DATETIME DEFAULT CURRENT_TIMESTAMP COMMENT "Время создания строки",  
    updated_at DATETIME DEFAULT CURRENT_TIMESTAMP ON UPDATE CURRENT_TIMESTAMP COMMENT "Время обновления строки",
    FOREIGN KEY (author) REFERENCES users(id),
    FOREIGN KEY (media) REFERENCES media(id) ON UPDATE CASCADE ON DELETE CASCADE,
    FOREIGN KEY (comments) REFERENCES comments(id) ON UPDATE CASCADE ON DELETE CASCADE
) COMMENT 'таблица, описывающая структуру форума';

INSERT INTO `forum` (`id`, `forum_text`, `author`, `media`, `comments`, `created_at`, `updated_at`) VALUES (1, 'No, there were TWO little shrieks, and more sounds of broken glass. \'What a pity it wouldn\'t stay!\' sighed the Hatter. \'I deny it!\' said the Mock Turtle replied; \'and then the Rabbit\'s voice.', 2, 2, 6, '2002-03-28 02:26:45', '2002-12-16 14:49:11');
INSERT INTO `forum` (`id`, `forum_text`, `author`, `media`, `comments`, `created_at`, `updated_at`) VALUES (2, 'What WILL become of you? I gave her one, they gave him two, You gave us three or more; They all sat down and cried. \'Come, there\'s half my plan done now! How puzzling all these strange Adventures of.', 4, 6, 2, '1979-04-06 11:51:11', '2007-06-11 17:01:47');
INSERT INTO `forum` (`id`, `forum_text`, `author`, `media`, `comments`, `created_at`, `updated_at`) VALUES (3, 'Alice was beginning to end,\' said the Mock Turtle would be very likely it can talk: at any rate,\' said Alice: \'three inches is such a subject! Our family always HATED cats: nasty, low, vulgar.', 9, 6, 9, '2018-10-21 12:35:24', '2011-01-24 12:55:00');
INSERT INTO `forum` (`id`, `forum_text`, `author`, `media`, `comments`, `created_at`, `updated_at`) VALUES (4, 'The players all played at once without waiting for the Duchess sang the second verse of the door and went on again: \'Twenty-four hours, I THINK; or is it twelve? I--\' \'Oh, don\'t talk about trouble!\'.', 7, 3, 4, '1982-04-11 14:39:10', '2018-09-26 15:53:13');
INSERT INTO `forum` (`id`, `forum_text`, `author`, `media`, `comments`, `created_at`, `updated_at`) VALUES (5, 'I must be on the look-out for serpents night and day! Why, I wouldn\'t be in before the officer could get to the Dormouse, after thinking a minute or two, looking for them, but they were all talking.', 1, 8, 3, '1994-12-01 11:48:42', '2003-03-14 23:30:10');
INSERT INTO `forum` (`id`, `forum_text`, `author`, `media`, `comments`, `created_at`, `updated_at`) VALUES (6, 'Queen, and Alice looked at the house, \"Let us both go to law: I will just explain to you to set about it; if I\'m Mabel, I\'ll stay down here! It\'ll be no doubt that it felt quite unhappy at the.', 3, 2, 7, '2014-11-22 05:11:11', '2014-04-16 02:46:29');
INSERT INTO `forum` (`id`, `forum_text`, `author`, `media`, `comments`, `created_at`, `updated_at`) VALUES (7, 'Now, if you were never even introduced to a snail. \"There\'s a porpoise close behind us, and he\'s treading on her spectacles, and began bowing to the whiting,\' said the Mock Turtle replied, counting.', 4, 1, 4, '1970-06-21 16:11:11', '2001-01-29 21:06:32');
INSERT INTO `forum` (`id`, `forum_text`, `author`, `media`, `comments`, `created_at`, `updated_at`) VALUES (8, 'Alice could see this, as she could. \'No,\' said Alice. \'I wonder what you\'re at!\" You know the way the people that walk with their heads off?\' shouted the Queen. \'Can you play croquet?\' The soldiers.', 1, 9, 4, '1989-08-22 21:41:21', '1970-03-17 14:42:07');
INSERT INTO `forum` (`id`, `forum_text`, `author`, `media`, `comments`, `created_at`, `updated_at`) VALUES (9, 'For instance, suppose it doesn\'t matter a bit,\' said the Caterpillar. \'Well, I never knew so much into the air, and came back again. \'Keep your temper,\' said the Caterpillar. \'Well, perhaps not,\'.', 7, 8, 7, '2015-01-19 01:42:13', '1984-07-22 21:38:07');
INSERT INTO `forum` (`id`, `forum_text`, `author`, `media`, `comments`, `created_at`, `updated_at`) VALUES (10, 'Let me see: that would be as well as she had looked under it, and found that her shoulders were nowhere to be no chance of this, so that her neck from being run over; and the choking of the tea--\'.', 7, 4, 8, '2020-10-18 11:36:02', '2000-04-10 19:50:50');
INSERT INTO `forum` (`id`, `forum_text`, `author`, `media`, `comments`, `created_at`, `updated_at`) VALUES (11, 'Cat. \'--so long as there seemed to her feet, for it now, I suppose, by being drowned in my life!\' Just as she went on, \'\"--found it advisable to go through next walking about at the bottom of a.', 8, 9, 6, '2016-06-03 09:58:18', '1996-03-04 07:01:56');
INSERT INTO `forum` (`id`, `forum_text`, `author`, `media`, `comments`, `created_at`, `updated_at`) VALUES (12, 'I hadn\'t gone down that rabbit-hole--and yet--and yet--it\'s rather curious, you know, as we were. My notion was that it was just possible it had grown so large in the distance, and she dropped it.', 8, 8, 7, '1996-12-15 03:11:30', '1989-02-18 07:55:15');
INSERT INTO `forum` (`id`, `forum_text`, `author`, `media`, `comments`, `created_at`, `updated_at`) VALUES (13, 'Hatter grumbled: \'you shouldn\'t have put it to be otherwise.\"\' \'I think I should like it put more simply--\"Never imagine yourself not to be true): If she should chance to be done, I wonder?\' As she.', 2, 2, 9, '2008-01-20 06:26:55', '2007-01-23 18:09:25');
INSERT INTO `forum` (`id`, `forum_text`, `author`, `media`, `comments`, `created_at`, `updated_at`) VALUES (14, 'Alice thought), and it set to partners--\' \'--change lobsters, and retire in same order,\' continued the Gryphon. \'How the creatures argue. It\'s enough to drive one crazy!\' The Footman seemed to be.', 3, 6, 8, '1972-03-08 03:18:42', '1978-06-19 00:46:15');
INSERT INTO `forum` (`id`, `forum_text`, `author`, `media`, `comments`, `created_at`, `updated_at`) VALUES (15, 'Alice could think of what sort it was) scratching and scrambling about in the sun. (IF you don\'t even know what they\'re about!\' \'Read them,\' said the Gryphon, and all must have been changed for.', 6, 8, 5, '2009-09-25 23:20:04', '1972-01-06 05:10:06');
INSERT INTO `forum` (`id`, `forum_text`, `author`, `media`, `comments`, `created_at`, `updated_at`) VALUES (16, 'It\'s enough to get in?\' asked Alice again, in a sulky tone; \'Seven jogged my elbow.\' On which Seven looked up and down looking for the baby, it was good practice to say \'creatures,\' you see, as well.', 8, 4, 8, '2010-04-13 08:17:56', '2001-10-15 11:40:24');
INSERT INTO `forum` (`id`, `forum_text`, `author`, `media`, `comments`, `created_at`, `updated_at`) VALUES (17, 'There ought to be executed for having cheated herself in a hot tureen! Who for such a long argument with the tea,\' the Hatter instead!\' CHAPTER VII. A Mad Tea-Party There was a different person.', 9, 4, 5, '2002-07-04 19:31:15', '1984-09-24 15:29:45');
INSERT INTO `forum` (`id`, `forum_text`, `author`, `media`, `comments`, `created_at`, `updated_at`) VALUES (18, 'You MUST have meant some mischief, or else you\'d have signed your name like an arrow. The Cat\'s head with great emphasis, looking hard at Alice the moment she appeared; but she knew that it.', 6, 1, 9, '2007-12-16 21:28:41', '1984-07-15 10:57:50');
INSERT INTO `forum` (`id`, `forum_text`, `author`, `media`, `comments`, `created_at`, `updated_at`) VALUES (19, 'Alice. \'Off with her head!\' Those whom she sentenced were taken into custody by the White Rabbit with pink eyes ran close by her. There was exactly the right way to fly up into the court, she said.', 3, 3, 4, '1987-04-24 00:21:41', '2004-11-20 14:19:51');
INSERT INTO `forum` (`id`, `forum_text`, `author`, `media`, `comments`, `created_at`, `updated_at`) VALUES (20, 'EVER happen in a tone of this elegant thimble\'; and, when it saw mine coming!\' \'How do you like the name: however, it only grinned when it saw mine coming!\' \'How do you know what a wonderful dream.', 3, 4, 6, '1997-06-09 20:46:25', '1971-09-16 23:27:04');
INSERT INTO `forum` (`id`, `forum_text`, `author`, `media`, `comments`, `created_at`, `updated_at`) VALUES (21, 'Majesty!\' the soldiers shouted in reply. \'Please come back in a tone of delight, which changed into alarm in another moment it was neither more nor less than a rat-hole: she knelt down and saying to.', 4, 3, 9, '2001-08-01 03:14:22', '2018-02-26 20:32:49');
INSERT INTO `forum` (`id`, `forum_text`, `author`, `media`, `comments`, `created_at`, `updated_at`) VALUES (22, 'They had a door leading right into a large flower-pot that stood near. The three soldiers wandered about in the middle, nursing a baby; the cook was leaning over the jury-box with the edge of the.', 2, 2, 2, '2010-09-01 08:16:33', '1996-08-26 13:06:21');
INSERT INTO `forum` (`id`, `forum_text`, `author`, `media`, `comments`, `created_at`, `updated_at`) VALUES (23, 'And with that she ran off as hard as it could go, and broke to pieces against one of its little eyes, but it was quite impossible to say it out to sea. So they began solemnly dancing round and swam.', 7, 8, 2, '1973-10-09 18:41:32', '2014-06-03 07:15:26');
INSERT INTO `forum` (`id`, `forum_text`, `author`, `media`, `comments`, `created_at`, `updated_at`) VALUES (24, 'I\'m sure she\'s the best of educations--in fact, we went to work very diligently to write this down on their slates, \'SHE doesn\'t believe there\'s an atom of meaning in them, after all. I needn\'t be.', 2, 5, 8, '1995-02-24 18:24:53', '1983-09-22 01:04:00');
INSERT INTO `forum` (`id`, `forum_text`, `author`, `media`, `comments`, `created_at`, `updated_at`) VALUES (25, 'Mock Turtle: \'nine the next, and so on; then, when you\'ve cleared all the jurors had a VERY good opportunity for showing off a head could be beheaded, and that he had come to the shore. CHAPTER III..', 8, 4, 1, '2008-06-29 14:02:17', '1981-09-07 09:54:21');
INSERT INTO `forum` (`id`, `forum_text`, `author`, `media`, `comments`, `created_at`, `updated_at`) VALUES (26, 'Hatter was the Cat again, sitting on a little bird as soon as she heard was a general clapping of hands at this: it was not easy to take out of sight, they were playing the Queen added to one of.', 9, 3, 3, '1977-02-15 00:23:08', '1993-12-04 06:20:05');
INSERT INTO `forum` (`id`, `forum_text`, `author`, `media`, `comments`, `created_at`, `updated_at`) VALUES (27, 'Alice had never had to double themselves up and leave the room, when her eye fell on a three-legged stool in the common way. So they began running about in all directions, tumbling up against each.', 8, 3, 9, '1970-08-06 03:38:10', '2008-08-09 13:45:06');
INSERT INTO `forum` (`id`, `forum_text`, `author`, `media`, `comments`, `created_at`, `updated_at`) VALUES (28, 'King, rubbing his hands; \'so now let the jury--\' \'If any one left alive!\' She was looking at the time at the mouth with strings: into this they slipped the guinea-pig, head first, and then unrolled.', 8, 5, 2, '2004-12-01 17:55:29', '2012-06-14 13:24:31');
INSERT INTO `forum` (`id`, `forum_text`, `author`, `media`, `comments`, `created_at`, `updated_at`) VALUES (29, 'I\'ve finished.\' So they got settled down in a hurried nervous manner, smiling at everything that was lying under the window, I only knew the meaning of it in the act of crawling away: besides all.', 3, 7, 3, '1983-10-14 04:51:07', '2006-05-25 15:43:20');
INSERT INTO `forum` (`id`, `forum_text`, `author`, `media`, `comments`, `created_at`, `updated_at`) VALUES (30, 'Alice, \'or perhaps they won\'t walk the way I ought to have no answers.\' \'If you knew Time as well look and see how he did with the Queen,\' and she went on, spreading out the proper way of settling.', 2, 2, 4, '1979-04-19 09:47:13', '1985-02-21 10:21:57');
INSERT INTO `forum` (`id`, `forum_text`, `author`, `media`, `comments`, `created_at`, `updated_at`) VALUES (31, 'Don\'t be all day about it!\' and he hurried off. Alice thought decidedly uncivil. \'But perhaps he can\'t help it,\' said Alice. \'Oh, don\'t talk about cats or dogs either, if you were never even.', 5, 6, 7, '2013-01-18 17:43:26', '2006-02-18 17:36:17');
INSERT INTO `forum` (`id`, `forum_text`, `author`, `media`, `comments`, `created_at`, `updated_at`) VALUES (32, 'It was, no doubt: only Alice did not like the look of it now in sight, and no one else seemed inclined to say anything. \'Why,\' said the King. \'Nothing whatever,\' said Alice. \'Of course they were\',.', 6, 9, 1, '1970-01-07 17:44:19', '1987-04-25 01:25:09');
INSERT INTO `forum` (`id`, `forum_text`, `author`, `media`, `comments`, `created_at`, `updated_at`) VALUES (33, 'Hatter grumbled: \'you shouldn\'t have put it into his plate. Alice did not answer, so Alice ventured to ask. \'Suppose we change the subject,\' the March Hare: she thought it over afterwards, it.', 1, 2, 6, '2011-01-05 04:46:59', '1995-08-07 02:06:25');
INSERT INTO `forum` (`id`, `forum_text`, `author`, `media`, `comments`, `created_at`, `updated_at`) VALUES (34, 'MORE than nothing.\' \'Nobody asked YOUR opinion,\' said Alice. \'I don\'t see,\' said the Dodo said, \'EVERYBODY has won, and all her fancy, that: they never executes nobody, you know. Come on!\' So they.', 8, 6, 5, '1974-11-01 05:10:02', '1978-01-24 05:54:28');
INSERT INTO `forum` (`id`, `forum_text`, `author`, `media`, `comments`, `created_at`, `updated_at`) VALUES (35, 'D,\' she added aloud. \'Do you mean \"purpose\"?\' said Alice. \'Come, let\'s hear some of the goldfish kept running in her lessons in the house down!\' said the King, \'that saves a world of trouble, you.', 1, 3, 8, '1993-05-09 09:02:27', '1976-09-09 04:24:07');
INSERT INTO `forum` (`id`, `forum_text`, `author`, `media`, `comments`, `created_at`, `updated_at`) VALUES (36, 'Queen. An invitation from the roof. There were doors all round her at the house, quite forgetting her promise. \'Treacle,\' said the Caterpillar angrily, rearing itself upright as it was all finished,.', 1, 7, 8, '2000-07-29 03:48:20', '2008-12-21 16:14:59');
INSERT INTO `forum` (`id`, `forum_text`, `author`, `media`, `comments`, `created_at`, `updated_at`) VALUES (37, 'Knave was standing before them, in chains, with a knife, it usually bleeds; and she went on at last, and they sat down again in a melancholy way, being quite unable to move. She soon got it out.', 4, 5, 1, '1990-07-14 20:44:59', '2016-06-20 16:31:27');
INSERT INTO `forum` (`id`, `forum_text`, `author`, `media`, `comments`, `created_at`, `updated_at`) VALUES (38, 'The Queen turned angrily away from him, and very soon finished it off. \'If everybody minded their own business,\' the Duchess by this very sudden change, but very politely: \'Did you say it.\' \'That\'s.', 1, 7, 3, '2015-10-28 10:58:52', '1988-04-20 14:21:26');
INSERT INTO `forum` (`id`, `forum_text`, `author`, `media`, `comments`, `created_at`, `updated_at`) VALUES (39, 'VERY turn-up nose, much more like a mouse, you know. Come on!\' So they had at the bottom of a sea of green leaves that had fluttered down from the Queen ordering off her head!\' Alice glanced rather.', 1, 7, 9, '1989-11-08 12:15:11', '2013-08-04 21:17:52');
INSERT INTO `forum` (`id`, `forum_text`, `author`, `media`, `comments`, `created_at`, `updated_at`) VALUES (40, 'I eat\" is the reason so many tea-things are put out here?\' she asked. \'Yes, that\'s it,\' said Alice, \'and those twelve creatures,\' (she was obliged to write this down on her spectacles, and began an.', 5, 6, 8, '2009-02-16 07:51:08', '2003-02-26 10:14:07');
INSERT INTO `forum` (`id`, `forum_text`, `author`, `media`, `comments`, `created_at`, `updated_at`) VALUES (41, 'Alice said; \'there\'s a large rabbit-hole under the window, and some of them at last, and they went on eagerly. \'That\'s enough about lessons,\' the Gryphon replied rather impatiently: \'any shrimp.', 9, 8, 3, '1975-09-15 14:08:17', '2004-02-26 06:20:00');
INSERT INTO `forum` (`id`, `forum_text`, `author`, `media`, `comments`, `created_at`, `updated_at`) VALUES (42, 'The King and Queen of Hearts, she made out that it was very like having a game of croquet she was now more than nine feet high. \'I wish I hadn\'t begun my tea--not above a week or so--and what with.', 2, 2, 7, '1999-01-06 04:57:54', '1973-03-19 11:03:48');
INSERT INTO `forum` (`id`, `forum_text`, `author`, `media`, `comments`, `created_at`, `updated_at`) VALUES (43, 'I needn\'t be afraid of it. She went on growing, and, as she went on, taking first one side and up the little golden key in the face. \'I\'ll put a white one in by mistake; and if it makes me grow.', 2, 7, 5, '1994-05-08 10:20:05', '2020-05-10 09:41:15');
INSERT INTO `forum` (`id`, `forum_text`, `author`, `media`, `comments`, `created_at`, `updated_at`) VALUES (44, 'Queen till she was now about a foot high: then she noticed a curious dream, dear, certainly: but now run in to your places!\' shouted the Queen was in a shrill, passionate voice. \'Would YOU like cats.', 5, 9, 6, '2005-01-06 11:03:19', '2005-12-11 10:54:42');
INSERT INTO `forum` (`id`, `forum_text`, `author`, `media`, `comments`, `created_at`, `updated_at`) VALUES (45, 'Dormouse is asleep again,\' said the Hatter, with an M, such as mouse-traps, and the baby--the fire-irons came first; then followed a shower of little Alice and all the arches are gone from this.', 6, 4, 8, '2016-05-11 20:13:41', '2002-04-09 18:38:33');
INSERT INTO `forum` (`id`, `forum_text`, `author`, `media`, `comments`, `created_at`, `updated_at`) VALUES (46, 'Queen. First came ten soldiers carrying clubs; these were ornamented all over crumbs.\' \'You\'re wrong about the twentieth time that day. \'A likely story indeed!\' said the Mock Turtle. \'Seals,.', 3, 7, 3, '1977-09-16 16:33:31', '1985-02-04 14:32:53');
INSERT INTO `forum` (`id`, `forum_text`, `author`, `media`, `comments`, `created_at`, `updated_at`) VALUES (47, 'WAS a narrow escape!\' said Alice, \'how am I then? Tell me that first, and then, and holding it to make personal remarks,\' Alice said to the table to measure herself by it, and found quite a.', 7, 9, 7, '1980-09-25 05:11:59', '2006-06-13 12:59:35');
INSERT INTO `forum` (`id`, `forum_text`, `author`, `media`, `comments`, `created_at`, `updated_at`) VALUES (48, 'She got up and ran till she was now only ten inches high, and her eyes to see its meaning. \'And just as the large birds complained that they were getting extremely small for a few minutes to see if.', 9, 1, 9, '2016-01-04 23:28:59', '1974-05-20 23:51:27');
INSERT INTO `forum` (`id`, `forum_text`, `author`, `media`, `comments`, `created_at`, `updated_at`) VALUES (49, 'Alice; not that she had hurt the poor little thing grunted in reply (it had left off sneezing by this time.) \'You\'re nothing but a pack of cards, after all. I needn\'t be so kind,\' Alice replied, so.', 7, 2, 2, '1986-12-10 01:35:51', '2019-07-31 15:29:31');
INSERT INTO `forum` (`id`, `forum_text`, `author`, `media`, `comments`, `created_at`, `updated_at`) VALUES (50, 'THE KING AND QUEEN OF HEARTS. Alice was beginning to feel a little different. But if I\'m Mabel, I\'ll stay down here! It\'ll be no chance of getting her hands on her hand, watching the setting sun,.', 7, 6, 5, '2019-11-21 19:13:58', '1970-01-20 23:36:21');
INSERT INTO `forum` (`id`, `forum_text`, `author`, `media`, `comments`, `created_at`, `updated_at`) VALUES (51, 'Hatter: \'I\'m on the floor: in another minute there was mouth enough for it now, I suppose, by being drowned in my life!\' Just as she could, for the accident of the bread-and-butter. Just at this.', 8, 4, 6, '2005-10-26 01:57:51', '2020-05-25 08:02:40');
INSERT INTO `forum` (`id`, `forum_text`, `author`, `media`, `comments`, `created_at`, `updated_at`) VALUES (52, 'EVER happen in a rather offended tone, \'was, that the Queen was in confusion, getting the Dormouse shall!\' they both sat silent for a dunce? Go on!\' \'I\'m a poor man, your Majesty,\' said the Cat, and.', 8, 5, 6, '1998-11-02 20:42:58', '2019-02-25 22:42:56');
INSERT INTO `forum` (`id`, `forum_text`, `author`, `media`, `comments`, `created_at`, `updated_at`) VALUES (53, 'I never knew whether it was all very well to say a word, but slowly followed her back to the porpoise, \"Keep back, please: we don\'t want to go down--Here, Bill! the master says you\'re to go after.', 4, 5, 2, '2020-11-20 15:12:34', '1992-05-04 19:22:41');
INSERT INTO `forum` (`id`, `forum_text`, `author`, `media`, `comments`, `created_at`, `updated_at`) VALUES (54, 'YET,\' she said this, she came rather late, and the blades of grass, but she could not taste theirs, and the Queen said to herself, as she could. \'The Dormouse is asleep again,\' said the King. The.', 8, 7, 2, '1975-11-28 22:56:23', '1978-01-19 00:15:46');
INSERT INTO `forum` (`id`, `forum_text`, `author`, `media`, `comments`, `created_at`, `updated_at`) VALUES (55, 'Alice crouched down among the branches, and every now and then, and holding it to be listening, so she set to work shaking him and punching him in the last concert!\' on which the March Hare and the.', 9, 3, 5, '1988-07-25 02:27:17', '2010-03-28 13:30:01');
INSERT INTO `forum` (`id`, `forum_text`, `author`, `media`, `comments`, `created_at`, `updated_at`) VALUES (56, 'I can kick a little!\' She drew her foot slipped, and in another moment, when she turned the corner, but the tops of the room again, no wonder she felt that it might injure the brain; But, now that.', 4, 5, 7, '2012-02-14 04:21:41', '1991-08-14 06:47:48');
INSERT INTO `forum` (`id`, `forum_text`, `author`, `media`, `comments`, `created_at`, `updated_at`) VALUES (57, 'I may as well as the large birds complained that they must needs come wriggling down from the sky! Ugh, Serpent!\' \'But I\'m not particular as to the Dormouse, after thinking a minute or two, she made.', 5, 6, 9, '2000-12-29 10:00:49', '2020-03-15 05:59:06');
INSERT INTO `forum` (`id`, `forum_text`, `author`, `media`, `comments`, `created_at`, `updated_at`) VALUES (58, 'I grow at a reasonable pace,\' said the King. \'Nearly two miles high,\' added the Queen. \'Can you play croquet with the game,\' the Queen till she had read several nice little dog near our house I.', 2, 1, 9, '2000-04-03 02:34:46', '1980-03-27 08:36:57');
INSERT INTO `forum` (`id`, `forum_text`, `author`, `media`, `comments`, `created_at`, `updated_at`) VALUES (59, 'Dodo, \'the best way you can;--but I must go and live in that poky little house, and wondering what to uglify is, you ARE a simpleton.\' Alice did not get dry again: they had settled down again, the.', 1, 8, 5, '2006-12-11 09:29:04', '1986-02-28 20:30:49');
INSERT INTO `forum` (`id`, `forum_text`, `author`, `media`, `comments`, `created_at`, `updated_at`) VALUES (60, 'Bill! catch hold of anything, but she heard one of them.\' In another minute the whole thing very absurd, but they all crowded round her once more, while the Mock Turtle sighed deeply, and began, in.', 7, 7, 2, '1996-12-30 09:41:09', '1980-08-04 03:18:54');
INSERT INTO `forum` (`id`, `forum_text`, `author`, `media`, `comments`, `created_at`, `updated_at`) VALUES (61, 'THIS FIT--\" you never to lose YOUR temper!\' \'Hold your tongue!\' added the Hatter, and here the conversation a little. \'\'Tis so,\' said Alice. \'Anything you like,\' said the King, and the Panther were.', 2, 5, 2, '2003-01-10 13:37:15', '1988-11-09 06:05:36');
INSERT INTO `forum` (`id`, `forum_text`, `author`, `media`, `comments`, `created_at`, `updated_at`) VALUES (62, 'Why, I do wonder what was going off into a tidy little room with a little worried. \'Just about as much as she spoke, but no result seemed to be full of tears, until there was no time she\'d have.', 2, 6, 3, '1998-03-12 13:23:32', '2020-12-24 04:50:18');
INSERT INTO `forum` (`id`, `forum_text`, `author`, `media`, `comments`, `created_at`, `updated_at`) VALUES (63, 'Her chin was pressed so closely against her foot, that there ought! And when I learn music.\' \'Ah! that accounts for it,\' said Alice loudly. \'The idea of the sort!\' said Alice. \'Come on, then,\' said.', 3, 1, 6, '2014-02-11 00:54:42', '2020-12-16 07:48:29');
INSERT INTO `forum` (`id`, `forum_text`, `author`, `media`, `comments`, `created_at`, `updated_at`) VALUES (64, 'Alice looked at Alice, and she swam nearer to watch them, and it\'ll sit up and saying, \'Thank you, it\'s a very good advice, (though she very soon had to be no use now,\' thought poor Alice, who felt.', 6, 1, 8, '1982-12-02 03:45:57', '1975-07-28 00:07:08');
INSERT INTO `forum` (`id`, `forum_text`, `author`, `media`, `comments`, `created_at`, `updated_at`) VALUES (65, 'I\'ll give them a new idea to Alice, that she hardly knew what she did, she picked up a little quicker. \'What a curious dream!\' said Alice, and her eyes anxiously fixed on it, (\'which certainly was.', 4, 5, 9, '1977-01-07 16:27:43', '2019-04-13 03:19:43');
INSERT INTO `forum` (`id`, `forum_text`, `author`, `media`, `comments`, `created_at`, `updated_at`) VALUES (66, 'King said to herself; \'I should have croqueted the Queen\'s ears--\' the Rabbit just under the circumstances. There was a dispute going on shrinking rapidly: she soon made out what it was: at first.', 2, 2, 6, '1987-01-26 18:45:16', '1998-08-08 09:29:34');
INSERT INTO `forum` (`id`, `forum_text`, `author`, `media`, `comments`, `created_at`, `updated_at`) VALUES (67, 'Cat, as soon as she had hurt the poor little feet, I wonder who will put on your shoes and stockings for you now, dears? I\'m sure I can\'t quite follow it as far as they came nearer, Alice could.', 5, 7, 4, '2001-07-27 12:28:02', '2003-01-24 07:04:57');
INSERT INTO `forum` (`id`, `forum_text`, `author`, `media`, `comments`, `created_at`, `updated_at`) VALUES (68, 'Queen was to eat some of them can explain it,\' said Alice, \'because I\'m not myself, you see.\' \'I don\'t know one,\' said Alice. \'You did,\' said the Queen, and Alice, were in custody and under sentence.', 5, 3, 9, '1990-02-08 22:56:18', '1982-01-28 16:47:38');
INSERT INTO `forum` (`id`, `forum_text`, `author`, `media`, `comments`, `created_at`, `updated_at`) VALUES (69, 'I\'d hardly finished the goose, with the end of the ground--and I should frighten them out again. That\'s all.\' \'Thank you,\' said the Mock Turtle. \'And how did you begin?\' The Hatter was out of the.', 6, 8, 4, '2011-05-04 16:24:48', '2020-12-07 15:55:02');
INSERT INTO `forum` (`id`, `forum_text`, `author`, `media`, `comments`, `created_at`, `updated_at`) VALUES (70, 'I get\" is the driest thing I ever saw in another moment, when she looked back once or twice she had to stop and untwist it. After a minute or two sobs choked his voice. \'Same as if a dish or kettle.', 1, 4, 7, '1976-05-31 17:06:48', '1992-01-23 15:19:41');
INSERT INTO `forum` (`id`, `forum_text`, `author`, `media`, `comments`, `created_at`, `updated_at`) VALUES (71, 'Rabbit\'s voice; and Alice looked down at her hands, and began:-- \'You are old,\' said the Hatter, and, just as if it makes rather a hard word, I will tell you my history, and you\'ll understand why it.', 7, 9, 7, '2005-04-23 11:12:31', '1979-08-22 19:30:24');
INSERT INTO `forum` (`id`, `forum_text`, `author`, `media`, `comments`, `created_at`, `updated_at`) VALUES (72, 'SHE, of course,\' the Mock Turtle replied; \'and then the puppy made another snatch in the world go round!\"\' \'Somebody said,\' Alice whispered, \'that it\'s done by everybody minding their own business,\'.', 3, 4, 9, '2004-10-30 17:39:07', '1984-05-26 19:00:39');
INSERT INTO `forum` (`id`, `forum_text`, `author`, `media`, `comments`, `created_at`, `updated_at`) VALUES (73, 'Ann! Mary Ann!\' said the Duchess; \'and that\'s the jury, of course--\"I GAVE HER ONE, THEY GAVE HIM TWO--\" why, that must be a letter, written by the Queen to play with, and oh! ever so many lessons.', 9, 6, 2, '1974-08-08 10:48:47', '1970-08-15 19:22:59');
INSERT INTO `forum` (`id`, `forum_text`, `author`, `media`, `comments`, `created_at`, `updated_at`) VALUES (74, 'I can\'t get out of a tree. \'Did you speak?\' \'Not I!\' he replied. \'We quarrelled last March--just before HE went mad, you know--\' (pointing with his whiskers!\' For some minutes the whole window!\'.', 1, 8, 8, '1994-01-22 07:37:28', '2019-02-06 04:14:30');
INSERT INTO `forum` (`id`, `forum_text`, `author`, `media`, `comments`, `created_at`, `updated_at`) VALUES (75, 'Dormouse,\' thought Alice; \'I might as well as pigs, and was in the distance. \'Come on!\' and ran the faster, while more and more faintly came, carried on the trumpet, and called out, \'First witness!\'.', 4, 3, 9, '1995-01-30 12:35:31', '1970-11-22 07:30:25');
INSERT INTO `forum` (`id`, `forum_text`, `author`, `media`, `comments`, `created_at`, `updated_at`) VALUES (76, 'Rabbit angrily. \'Here! Come and help me out of the month, and doesn\'t tell what o\'clock it is!\' \'Why should it?\' muttered the Hatter. \'Nor I,\' said the Dodo suddenly called out as loud as she added,.', 9, 6, 9, '1995-05-12 04:12:26', '2020-05-25 04:21:31');
INSERT INTO `forum` (`id`, `forum_text`, `author`, `media`, `comments`, `created_at`, `updated_at`) VALUES (77, 'Oh dear! I shall ever see you any more!\' And here poor Alice began in a piteous tone. And the Gryphon never learnt it.\' \'Hadn\'t time,\' said the last concert!\' on which the March Hare,) \'--it was at.', 9, 4, 5, '2005-06-05 05:16:31', '2011-10-05 22:08:00');
INSERT INTO `forum` (`id`, `forum_text`, `author`, `media`, `comments`, `created_at`, `updated_at`) VALUES (78, 'Very soon the Rabbit actually TOOK A WATCH OUT OF ITS WAISTCOAT-POCKET, and looked along the passage into the garden, where Alice could not think of nothing better to say than his first speech. \'You.', 2, 7, 2, '2001-10-05 19:33:42', '1977-04-04 13:44:08');
INSERT INTO `forum` (`id`, `forum_text`, `author`, `media`, `comments`, `created_at`, `updated_at`) VALUES (79, 'I do hope it\'ll make me grow smaller, I can find out the proper way of nursing it, (which was to get through the door, and tried to fancy what the name of the Shark, But, when the Rabbit was no.', 1, 1, 1, '1991-04-10 16:46:05', '1971-08-05 05:36:28');
INSERT INTO `forum` (`id`, `forum_text`, `author`, `media`, `comments`, `created_at`, `updated_at`) VALUES (80, 'Do you think, at your age, it is right?\' \'In my youth,\' said his father, \'I took to the door. \'Call the next verse,\' the Gryphon never learnt it.\' \'Hadn\'t time,\' said the Cat, and vanished again..', 2, 6, 5, '2011-10-27 20:42:15', '2004-02-14 17:38:03');
INSERT INTO `forum` (`id`, `forum_text`, `author`, `media`, `comments`, `created_at`, `updated_at`) VALUES (81, 'Alice crouched down among the bright eager eyes were getting extremely small for a minute, nurse! But I\'ve got to?\' (Alice had no idea how to get out again. Suddenly she came suddenly upon an open.', 3, 2, 7, '1989-03-20 00:37:03', '1970-02-20 22:15:34');
INSERT INTO `forum` (`id`, `forum_text`, `author`, `media`, `comments`, `created_at`, `updated_at`) VALUES (82, 'Pigeon went on, turning to Alice, they all cheered. Alice thought over all the things between whiles.\' \'Then you may stand down,\' continued the Gryphon. \'It all came different!\' Alice replied in a.', 8, 7, 3, '1972-08-21 03:17:46', '2000-03-05 11:00:04');
INSERT INTO `forum` (`id`, `forum_text`, `author`, `media`, `comments`, `created_at`, `updated_at`) VALUES (83, 'VERY long claws and a Long Tale They were indeed a queer-looking party that assembled on the trumpet, and called out \'The race is over!\' and they all crowded round it, panting, and asking, \'But who.', 6, 2, 3, '1975-05-30 13:50:45', '1997-02-04 11:18:43');
INSERT INTO `forum` (`id`, `forum_text`, `author`, `media`, `comments`, `created_at`, `updated_at`) VALUES (84, 'Rabbit asked. \'No, I didn\'t,\' said Alice: \'I don\'t quite understand you,\' she said, by way of keeping up the conversation dropped, and the pattern on their hands and feet at the picture.) \'Up, lazy.', 4, 8, 5, '1970-04-14 22:28:50', '1977-04-01 16:08:34');
INSERT INTO `forum` (`id`, `forum_text`, `author`, `media`, `comments`, `created_at`, `updated_at`) VALUES (85, 'Alice kept her eyes filled with cupboards and book-shelves; here and there. There was a large piece out of sight: then it watched the White Rabbit, \'but it seems to be lost, as she spoke. Alice did.', 4, 9, 3, '2009-01-30 16:25:11', '2007-05-15 10:46:14');
INSERT INTO `forum` (`id`, `forum_text`, `author`, `media`, `comments`, `created_at`, `updated_at`) VALUES (86, 'The Footman seemed to Alice an excellent plan, no doubt, and very angrily. \'A knot!\' said Alice, and her face in some book, but I think that very few things indeed were really impossible. There.', 5, 1, 6, '1991-02-21 14:03:32', '1971-11-25 05:43:24');
INSERT INTO `forum` (`id`, `forum_text`, `author`, `media`, `comments`, `created_at`, `updated_at`) VALUES (87, 'I will just explain to you to get in?\' \'There might be some sense in your knocking,\' the Footman went on again:-- \'You may go,\' said the young Crab, a little three-legged table, all made of solid.', 2, 6, 1, '1975-06-29 09:45:30', '1975-09-11 05:55:05');
INSERT INTO `forum` (`id`, `forum_text`, `author`, `media`, `comments`, `created_at`, `updated_at`) VALUES (88, 'However, this bottle does. I do hope it\'ll make me giddy.\' And then, turning to the Caterpillar, and the beak-- Pray how did you call him Tortoise, if he thought it would be the use of a.', 7, 8, 3, '1980-04-19 09:45:54', '1990-12-24 18:45:40');
INSERT INTO `forum` (`id`, `forum_text`, `author`, `media`, `comments`, `created_at`, `updated_at`) VALUES (89, 'Alice, very loudly and decidedly, and he hurried off. Alice thought the whole party at once and put it to her daughter \'Ah, my dear! Let this be a book written about me, that there was nothing else.', 6, 5, 5, '1995-12-08 12:00:59', '1999-07-20 17:39:10');
INSERT INTO `forum` (`id`, `forum_text`, `author`, `media`, `comments`, `created_at`, `updated_at`) VALUES (90, 'Mock Turtle said with a pair of the officers: but the Rabbit just under the door; so either way I\'ll get into that lovely garden. First, however, she went on. Her listeners were perfectly quiet till.', 6, 6, 3, '1975-10-26 01:46:41', '2005-11-25 22:07:32');
INSERT INTO `forum` (`id`, `forum_text`, `author`, `media`, `comments`, `created_at`, `updated_at`) VALUES (91, 'As she said to herself, in a piteous tone. And she began shrinking directly. As soon as it turned round and look up and walking away. \'You insult me by talking such nonsense!\' \'I didn\'t mean it!\'.', 2, 7, 5, '2000-08-23 16:26:29', '1976-08-07 17:52:25');
INSERT INTO `forum` (`id`, `forum_text`, `author`, `media`, `comments`, `created_at`, `updated_at`) VALUES (92, 'Don\'t let me help to undo it!\' \'I shall do nothing of the baby?\' said the Dodo, pointing to the fifth bend, I think?\' he said in an undertone to the garden at once; but, alas for poor Alice! when.', 6, 8, 8, '1996-02-21 22:37:13', '1976-06-16 11:49:36');
INSERT INTO `forum` (`id`, `forum_text`, `author`, `media`, `comments`, `created_at`, `updated_at`) VALUES (93, 'Hush!\' said the Footman. \'That\'s the reason is--\' here the Mock Turtle, and said to live. \'I\'ve seen hatters before,\' she said aloud. \'I must be a LITTLE larger, sir, if you hold it too long; and.', 3, 3, 7, '1993-01-20 04:33:05', '1985-06-27 17:42:36');
INSERT INTO `forum` (`id`, `forum_text`, `author`, `media`, `comments`, `created_at`, `updated_at`) VALUES (94, 'Alice, very loudly and decidedly, and the moon, and memory, and muchness--you know you say it.\' \'That\'s nothing to do.\" Said the mouse doesn\'t get out.\" Only I don\'t put my arm round your waist,\'.', 2, 2, 1, '2006-09-11 07:48:46', '1994-11-20 10:52:09');
INSERT INTO `forum` (`id`, `forum_text`, `author`, `media`, `comments`, `created_at`, `updated_at`) VALUES (95, 'Alice, who was sitting on a little scream, half of anger, and tried to fancy to herself as she could not swim. He sent them word I had not noticed before, and he went on, \'you see, a dog growls when.', 7, 5, 2, '2013-05-08 13:13:46', '1978-12-05 22:30:50');
INSERT INTO `forum` (`id`, `forum_text`, `author`, `media`, `comments`, `created_at`, `updated_at`) VALUES (96, 'I shall think nothing of the wood for fear of killing somebody, so managed to put it more clearly,\' Alice replied in an offended tone, \'so I can\'t quite follow it as she was quite pleased to find.', 4, 8, 9, '1979-12-21 02:24:59', '2012-01-20 09:43:41');
INSERT INTO `forum` (`id`, `forum_text`, `author`, `media`, `comments`, `created_at`, `updated_at`) VALUES (97, 'Who for such a dreadful time.\' So Alice began in a very decided tone: \'tell her something about the right way to change the subject of conversation. \'Are you--are you fond--of--of dogs?\' The Mouse.', 2, 2, 8, '1988-03-25 05:23:56', '2000-07-17 19:58:54');
INSERT INTO `forum` (`id`, `forum_text`, `author`, `media`, `comments`, `created_at`, `updated_at`) VALUES (98, 'Rabbit hastily interrupted. \'There\'s a great interest in questions of eating and drinking. \'They lived on treacle,\' said the White Rabbit, trotting slowly back again, and that\'s very like a.', 3, 5, 2, '1987-04-04 08:46:12', '1996-10-23 16:19:20');
INSERT INTO `forum` (`id`, `forum_text`, `author`, `media`, `comments`, `created_at`, `updated_at`) VALUES (99, 'I\'m NOT a serpent!\' said Alice more boldly: \'you know you\'re growing too.\' \'Yes, but I hadn\'t begun my tea--not above a week or so--and what with the day and night! You see the Hatter instead!\'.', 4, 1, 7, '1975-06-11 01:35:04', '1974-01-03 01:41:07');
INSERT INTO `forum` (`id`, `forum_text`, `author`, `media`, `comments`, `created_at`, `updated_at`) VALUES (100, 'Alice, so please your Majesty,\' he began. \'You\'re a very difficult question. However, at last she stretched her arms folded, quietly smoking a long breath, and said to the Knave \'Turn them over!\'.', 1, 7, 7, '2006-04-03 02:18:01', '1985-11-08 17:38:45');

UPDATE forum SET updated_at = NOW() WHERE created_at > updated_at;  
UPDATE forum SET author = FLOOR( 1 + RAND( ) * 137 );
UPDATE forum SET media = FLOOR( 1 + RAND( ) * 30 );
UPDATE forum SET comments = FLOOR( 1 + RAND( ) * 30 );
