-- MariaDB dump 10.17  Distrib 10.4.15-MariaDB, for Linux (x86_64)
--
-- Host: mysql.hostinger.ro    Database: u574849695_24
-- ------------------------------------------------------
-- Server version	10.4.15-MariaDB-cll-lve

-- Задание 3. Используя сервис http://filldb.info или другой по вашему желанию, сгенерировать тестовые данные для всех таблиц, 
-- учитывая логику связей. Для всех таблиц, где это имеет смысл, создать не менее 100 строк. 
-- Создать локально БД vk и загрузить в неё тестовые данные.

/*!40101 SET @OLD_CHARACTER_SET_CLIENT=@@CHARACTER_SET_CLIENT */;
/*!40101 SET @OLD_CHARACTER_SET_RESULTS=@@CHARACTER_SET_RESULTS */;
/*!40101 SET @OLD_COLLATION_CONNECTION=@@COLLATION_CONNECTION */;
/*!40101 SET NAMES utf8mb4 */;
/*!40103 SET @OLD_TIME_ZONE=@@TIME_ZONE */;
/*!40103 SET TIME_ZONE='+00:00' */;
/*!40014 SET @OLD_UNIQUE_CHECKS=@@UNIQUE_CHECKS, UNIQUE_CHECKS=0 */;
/*!40014 SET @OLD_FOREIGN_KEY_CHECKS=@@FOREIGN_KEY_CHECKS, FOREIGN_KEY_CHECKS=0 */;
/*!40101 SET @OLD_SQL_MODE=@@SQL_MODE, SQL_MODE='NO_AUTO_VALUE_ON_ZERO' */;
/*!40111 SET @OLD_SQL_NOTES=@@SQL_NOTES, SQL_NOTES=0 */;

--
-- Table structure for table `communities`
--

DROP TABLE IF EXISTS `communities`;
/*!40101 SET @saved_cs_client     = @@character_set_client */;
/*!40101 SET character_set_client = utf8 */;
CREATE TABLE `communities` (
  `id` int(10) unsigned NOT NULL AUTO_INCREMENT COMMENT 'Идентификатор сроки',
  `name` varchar(150) COLLATE utf8mb4_unicode_ci NOT NULL COMMENT 'Название группы',
  `created_at` datetime DEFAULT current_timestamp() COMMENT 'Время создания строки',
  `updated_at` datetime DEFAULT current_timestamp() ON UPDATE current_timestamp() COMMENT 'Время обновления строки',
  PRIMARY KEY (`id`),
  UNIQUE KEY `name` (`name`)
) ENGINE=InnoDB AUTO_INCREMENT=101 DEFAULT CHARSET=utf8mb4 COLLATE=utf8mb4_unicode_ci COMMENT='Группы';
/*!40101 SET character_set_client = @saved_cs_client */;

--
-- Dumping data for table `communities`
--

LOCK TABLES `communities` WRITE;
/*!40000 ALTER TABLE `communities` DISABLE KEYS */;
INSERT INTO `communities` VALUES (1,'tenetur','2015-01-20 23:56:52','1987-11-30 20:57:58'),(2,'in','1982-07-13 03:02:17','2019-05-02 03:24:40'),(3,'corrupti','1998-01-13 15:12:43','1971-04-07 13:06:36'),(4,'commodi','1996-02-24 19:45:48','2002-06-16 21:38:50'),(5,'eveniet','2018-05-29 10:02:59','1976-05-29 09:21:29'),(6,'minima','2014-02-26 10:24:18','2005-07-26 02:17:01'),(7,'consequuntur','2018-07-31 07:16:00','1989-01-22 22:24:00'),(8,'possimus','2006-12-26 13:59:21','2012-11-20 08:37:50'),(9,'non','1981-08-06 22:17:50','1998-10-06 12:23:08'),(10,'nihil','2017-03-21 17:44:06','2009-09-23 08:32:25'),(11,'perspiciatis','1996-06-19 13:52:00','1980-03-22 00:29:18'),(12,'iure','1997-02-20 09:02:30','1970-03-07 15:07:29'),(13,'suscipit','1996-02-11 17:40:56','2001-05-06 00:57:14'),(14,'sit','1992-08-29 10:35:20','1978-02-06 15:52:07'),(15,'qui','1976-05-18 05:53:29','1984-04-23 20:21:22'),(16,'corporis','1981-02-20 03:52:58','2006-11-07 11:03:16'),(17,'pariatur','2007-05-13 18:49:10','2002-08-28 19:38:42'),(18,'ut','2007-08-02 00:42:39','2017-04-01 17:24:58'),(19,'occaecati','1971-11-28 03:20:20','2020-08-04 01:50:52'),(20,'fugiat','2015-05-26 17:39:11','2002-05-22 13:16:10'),(21,'assumenda','1984-05-17 23:38:05','2011-12-10 22:45:18'),(22,'deleniti','1989-12-03 18:29:50','1991-10-14 08:08:44'),(23,'temporibus','2008-10-07 19:51:37','2009-12-16 16:03:13'),(24,'tempore','1996-07-12 10:15:12','2003-12-16 07:20:37'),(25,'voluptas','1984-05-07 08:46:25','1986-05-21 16:53:33'),(26,'rerum','2020-09-12 03:07:27','1999-11-26 14:03:42'),(27,'voluptates','1980-05-17 10:41:05','2007-06-04 18:12:02'),(28,'facilis','2021-02-17 12:24:14','1997-02-18 08:17:43'),(29,'excepturi','1981-05-11 07:32:37','1996-08-27 19:29:20'),(30,'dicta','1979-02-01 10:36:12','2013-06-19 05:15:49'),(31,'aut','2011-08-25 05:00:00','1988-01-11 03:57:50'),(32,'maiores','1989-08-26 01:48:33','2003-11-06 00:08:32'),(33,'dolor','1992-08-17 10:55:54','2001-02-28 21:36:52'),(34,'ipsa','2004-07-30 01:53:30','1971-11-06 18:13:10'),(35,'officia','2003-04-03 02:57:27','1980-01-09 03:25:37'),(36,'numquam','2001-10-01 05:42:25','2007-03-17 18:02:37'),(37,'aliquam','1971-03-08 05:54:14','2011-04-01 15:42:07'),(38,'eaque','1988-02-22 16:11:06','1998-12-05 20:07:05'),(39,'doloribus','1993-08-06 00:07:14','1991-08-04 13:59:12'),(40,'magni','2004-04-18 08:10:36','2016-09-13 13:11:37'),(41,'vitae','2016-12-19 23:47:46','2021-01-29 02:40:24'),(42,'libero','2016-07-21 00:37:38','1997-01-29 21:31:33'),(43,'laborum','1988-12-06 14:44:22','2020-09-12 13:29:19'),(44,'ex','1971-09-09 12:15:29','1990-07-01 22:53:52'),(45,'consequatur','1973-08-12 03:28:51','1987-05-11 05:39:55'),(46,'et','2003-06-20 10:16:36','2009-10-29 04:06:25'),(47,'praesentium','1978-02-12 23:29:14','1984-01-27 03:56:05'),(48,'molestias','1972-05-14 10:26:03','1995-12-01 01:55:41'),(49,'modi','1990-02-28 16:38:26','1993-06-16 23:41:28'),(50,'reprehenderit','2021-04-29 21:05:35','2006-03-29 07:54:55'),(51,'illum','1987-09-14 22:32:14','2012-11-09 03:13:14'),(52,'cupiditate','1995-02-12 06:19:51','2020-01-16 10:24:33'),(53,'iste','2012-10-08 00:31:52','1984-03-30 18:32:30'),(54,'quia','1975-09-26 21:30:28','2002-11-29 21:39:46'),(55,'distinctio','2004-10-23 09:50:06','1994-09-11 16:31:12'),(56,'voluptatibus','2002-12-16 17:13:40','2014-12-19 21:02:46'),(57,'repudiandae','2002-11-08 17:03:52','1984-01-01 02:34:57'),(58,'quod','2001-06-09 18:06:08','2015-09-02 14:13:14'),(59,'harum','1997-10-30 19:42:54','2020-09-05 17:28:24'),(60,'laudantium','2015-01-24 05:49:18','1988-04-28 09:17:12'),(61,'molestiae','2013-07-05 17:45:06','1977-06-11 20:25:03'),(62,'quo','1985-02-05 06:06:35','2020-03-27 13:57:09'),(63,'nostrum','1973-08-24 03:39:05','2020-11-05 19:42:35'),(64,'itaque','1977-03-02 18:00:46','1986-02-14 18:43:18'),(65,'nesciunt','1978-03-15 21:29:16','1971-03-07 03:55:26'),(66,'nobis','1984-08-01 00:30:37','1980-06-15 10:15:42'),(67,'sint','1983-10-14 06:20:02','1972-02-10 14:02:58'),(68,'delectus','2014-10-12 01:49:11','1986-10-19 14:59:26'),(69,'sunt','1984-01-23 11:21:50','1996-10-14 09:38:59'),(70,'voluptatem','2010-08-09 17:23:00','1988-01-25 01:16:56'),(71,'facere','1972-04-24 08:06:51','1995-06-05 10:52:52'),(72,'voluptate','1974-10-03 12:13:40','1974-02-08 05:38:40'),(73,'totam','1982-11-12 05:24:20','2008-02-07 01:16:09'),(74,'dolorem','1989-04-27 06:28:11','2009-08-07 07:32:09'),(75,'accusamus','1978-01-18 15:13:57','1971-12-30 08:35:21'),(76,'vel','1976-09-19 23:06:52','2009-11-13 04:53:01'),(77,'veritatis','2014-11-01 04:08:24','1985-09-20 04:17:23'),(78,'ratione','1990-12-15 14:18:03','2016-04-20 13:22:27'),(79,'dolores','1987-03-18 20:08:19','1998-03-20 09:48:18'),(80,'a','1993-10-25 16:47:23','1992-06-26 01:56:04'),(81,'nam','2008-06-10 11:30:24','2001-08-29 13:39:35'),(82,'reiciendis','1992-06-15 12:12:52','1999-01-27 06:28:14'),(83,'earum','1987-02-16 01:53:58','1997-07-28 01:49:32'),(84,'cumque','1987-08-11 08:45:43','1971-02-02 13:45:51'),(85,'sed','1980-11-11 23:18:20','2012-10-17 18:51:22'),(86,'enim','1997-07-25 15:31:56','2018-04-01 13:55:44'),(87,'ad','2020-12-18 05:08:01','1973-01-13 20:29:38'),(88,'est','1983-02-23 05:22:21','1973-12-27 16:56:00'),(89,'blanditiis','1979-05-29 22:16:20','1976-06-16 09:16:49'),(90,'magnam','2019-11-10 12:24:14','1992-07-25 21:52:35'),(91,'quis','1996-11-23 21:38:33','2009-03-26 22:36:38'),(92,'sapiente','1993-10-20 09:22:22','2011-11-17 16:14:50'),(93,'dolorum','2001-05-05 13:28:48','1992-05-25 09:48:07'),(94,'eos','1998-02-01 10:01:29','2006-04-24 12:41:05'),(95,'ipsum','1989-01-14 17:25:57','2011-03-30 05:11:22'),(96,'impedit','1977-02-16 00:27:03','1990-06-26 20:43:19'),(97,'amet','1999-10-24 00:10:48','1990-02-10 08:13:35'),(98,'ab','2015-08-07 06:48:25','1975-01-04 06:16:09'),(99,'voluptatum','1971-05-27 22:42:25','1988-09-19 19:39:27'),(100,'eum','2013-04-15 10:09:47','2001-12-01 13:05:25');
/*!40000 ALTER TABLE `communities` ENABLE KEYS */;
UNLOCK TABLES;

--
-- Table structure for table `communities_users`
--

DROP TABLE IF EXISTS `communities_users`;
/*!40101 SET @saved_cs_client     = @@character_set_client */;
/*!40101 SET character_set_client = utf8 */;
CREATE TABLE `communities_users` (
  `community_id` int(10) unsigned NOT NULL COMMENT 'Ссылка на группу',
  `user_id` int(10) unsigned NOT NULL COMMENT 'Ссылка на пользователя',
  `created_at` datetime DEFAULT current_timestamp() COMMENT 'Время создания строки',
  PRIMARY KEY (`community_id`,`user_id`) COMMENT 'Составной первичный ключ',
  KEY `user_id` (`user_id`),
  CONSTRAINT `communities_users_ibfk_1` FOREIGN KEY (`community_id`) REFERENCES `communities` (`id`),
  CONSTRAINT `communities_users_ibfk_2` FOREIGN KEY (`user_id`) REFERENCES `users` (`id`)
) ENGINE=InnoDB DEFAULT CHARSET=utf8mb4 COLLATE=utf8mb4_unicode_ci COMMENT='Участники групп, связь между пользователями и группами';
/*!40101 SET character_set_client = @saved_cs_client */;

--
-- Dumping data for table `communities_users`
--

LOCK TABLES `communities_users` WRITE;
/*!40000 ALTER TABLE `communities_users` DISABLE KEYS */;
INSERT INTO `communities_users` VALUES (1,1,'2004-03-03 17:08:21'),(2,2,'1979-08-31 18:10:11'),(3,3,'1990-04-28 21:38:19'),(4,4,'1976-02-17 08:31:29'),(5,5,'1979-07-21 23:23:54'),(6,6,'1973-10-17 23:07:08'),(7,7,'1997-03-20 04:43:13'),(8,8,'2011-11-22 14:23:20'),(9,9,'1979-03-02 00:06:20'),(10,10,'1984-05-03 13:40:52'),(11,11,'1980-09-10 17:46:42'),(12,12,'2018-11-26 16:43:32'),(13,13,'1977-04-05 08:00:20'),(14,14,'1992-12-15 17:37:29'),(15,15,'1995-08-28 05:32:46'),(16,16,'2014-02-25 14:49:38'),(17,17,'1985-06-04 19:36:28'),(18,18,'1999-03-24 21:51:21'),(19,19,'1976-04-06 04:19:43'),(20,20,'2010-04-14 04:19:26'),(21,21,'2004-01-08 04:33:33'),(22,22,'1997-12-15 16:57:16'),(23,23,'2000-12-09 07:35:58'),(24,24,'2011-03-29 13:05:54'),(25,25,'1992-12-30 19:12:52'),(26,26,'2020-09-18 17:28:30'),(27,27,'1994-09-20 19:25:01'),(28,28,'1984-12-31 09:17:10'),(29,29,'1990-06-12 08:42:41'),(30,30,'2009-01-21 10:38:45'),(31,31,'2002-11-07 15:35:50'),(32,32,'1981-10-12 00:49:18'),(33,33,'1981-04-27 08:28:59'),(34,34,'2004-07-23 08:08:17'),(35,35,'1987-09-13 10:06:46'),(36,36,'1975-05-08 11:32:43'),(37,37,'2018-07-18 00:37:50'),(38,38,'2006-08-03 11:39:22'),(39,39,'2017-04-12 02:53:57'),(40,40,'1973-02-05 13:16:41'),(41,41,'2003-12-26 15:32:32'),(42,42,'1974-11-02 00:49:32'),(43,43,'1989-03-06 23:21:46'),(44,44,'2010-04-23 13:18:58'),(45,45,'1979-09-07 00:13:00'),(46,46,'2003-08-26 21:12:32'),(47,47,'1977-12-27 11:50:29'),(48,48,'2001-09-12 18:05:19'),(49,49,'2004-10-08 20:11:37'),(50,50,'1980-04-09 08:12:18'),(51,51,'2005-12-09 22:07:14'),(52,52,'2018-03-01 16:27:03'),(53,53,'1979-06-23 17:08:27'),(54,54,'2005-01-03 21:16:37'),(55,55,'1973-04-13 21:42:31'),(56,56,'2007-07-04 21:12:28'),(57,57,'2016-11-04 09:50:52'),(58,58,'2004-02-24 13:25:01'),(59,59,'1986-09-17 13:47:51'),(60,60,'1995-07-06 05:37:09'),(61,61,'1975-11-01 00:33:01'),(62,62,'1992-11-07 03:54:44'),(63,63,'1980-04-22 04:40:24'),(64,64,'1976-02-18 22:08:01'),(65,65,'1989-08-09 13:02:43'),(66,66,'1985-01-18 20:48:36'),(67,67,'1984-11-22 10:52:20'),(68,68,'1975-04-28 01:19:47'),(69,69,'2008-07-25 12:22:51'),(70,70,'1976-01-10 17:17:23'),(71,71,'1998-04-29 18:49:00'),(72,72,'2001-09-18 16:47:54'),(73,73,'1991-10-22 23:18:01'),(74,74,'1972-05-24 05:59:41'),(75,75,'2013-04-16 04:43:49'),(76,76,'1981-10-15 18:44:03'),(77,77,'1992-07-31 06:37:14'),(78,78,'1991-10-31 14:13:04'),(79,79,'2020-05-10 01:01:34'),(80,80,'2013-08-27 01:18:09'),(81,81,'1983-08-27 16:55:11'),(82,82,'1999-05-17 16:54:04'),(83,83,'1998-10-29 20:41:40'),(84,84,'1995-12-11 02:07:04'),(85,85,'1991-10-18 08:49:03'),(86,86,'1988-07-19 01:11:31'),(87,87,'2016-09-28 08:22:26'),(88,88,'1976-01-04 15:42:41'),(89,89,'1979-11-10 14:02:50'),(90,90,'2003-11-16 18:10:26'),(91,91,'1974-08-05 05:48:19'),(92,92,'1998-05-05 14:48:21'),(93,93,'1996-09-09 04:33:31'),(94,94,'1991-02-02 18:29:55'),(95,95,'1990-05-04 10:29:09'),(96,96,'1987-01-10 18:08:29'),(97,97,'1995-03-25 08:18:03'),(98,98,'1989-04-09 11:57:49'),(99,99,'1982-10-10 11:44:01'),(100,100,'1988-11-28 21:20:46');
/*!40000 ALTER TABLE `communities_users` ENABLE KEYS */;
UNLOCK TABLES;

--
-- Table structure for table `friendship`
--

DROP TABLE IF EXISTS `friendship`;
/*!40101 SET @saved_cs_client     = @@character_set_client */;
/*!40101 SET character_set_client = utf8 */;
CREATE TABLE `friendship` (
  `user_id` int(10) unsigned NOT NULL COMMENT 'Ссылка на инициатора дружеских отношений',
  `friend_id` int(10) unsigned NOT NULL COMMENT 'Ссылка на получателя приглашения дружить',
  `status_id` int(10) unsigned NOT NULL COMMENT 'Ссылка на статус (текущее состояние) отношений',
  `requested_at` datetime DEFAULT current_timestamp() COMMENT 'Время отправления приглашения дружить',
  `confirmed_at` datetime DEFAULT NULL COMMENT 'Время подтверждения приглашения',
  `created_at` datetime DEFAULT current_timestamp() COMMENT 'Время создания строки',
  `updated_at` datetime DEFAULT current_timestamp() ON UPDATE current_timestamp() COMMENT 'Время обновления строки',
  PRIMARY KEY (`user_id`,`friend_id`) COMMENT 'Составной первичный ключ',
  KEY `friend_id` (`friend_id`),
  KEY `status_id` (`status_id`),
  CONSTRAINT `friendship_ibfk_1` FOREIGN KEY (`user_id`) REFERENCES `users` (`id`),
  CONSTRAINT `friendship_ibfk_2` FOREIGN KEY (`friend_id`) REFERENCES `users` (`id`),
  CONSTRAINT `friendship_ibfk_3` FOREIGN KEY (`status_id`) REFERENCES `friendship_statuses` (`id`)
) ENGINE=InnoDB DEFAULT CHARSET=utf8mb4 COLLATE=utf8mb4_unicode_ci COMMENT='Таблица дружбы';
/*!40101 SET character_set_client = @saved_cs_client */;

--
-- Dumping data for table `friendship`
--

LOCK TABLES `friendship` WRITE;
/*!40000 ALTER TABLE `friendship` DISABLE KEYS */;
INSERT INTO `friendship` VALUES (1,1,1,'1994-07-23 09:40:18','2005-06-25 19:59:12','2017-11-23 01:09:05','2007-10-24 08:35:53'),(2,2,2,'1982-12-13 15:35:18','2015-07-30 03:51:25','1983-06-03 23:39:12','2003-03-19 16:05:31'),(3,3,3,'1984-06-18 03:48:47','2015-11-15 00:03:02','2003-02-09 05:20:19','2016-04-29 23:37:15'),(4,4,4,'1997-02-19 04:51:53','2019-04-29 02:21:31','1973-07-12 06:34:34','1990-06-25 05:17:05'),(5,5,5,'2001-09-13 00:02:26','1972-05-28 20:39:48','1979-05-11 17:57:25','2007-03-03 07:49:41'),(6,6,6,'2002-09-11 20:32:46','1977-10-26 05:43:09','2011-09-08 22:01:37','2000-06-10 09:43:05'),(7,7,7,'2015-06-06 22:27:05','1985-07-19 08:17:58','1989-11-07 05:58:16','1990-05-30 23:51:55'),(8,8,8,'1995-04-12 04:07:54','1998-02-08 19:14:41','2000-06-15 19:37:31','1996-03-31 16:01:46'),(9,9,9,'1979-01-02 13:02:34','2013-04-28 19:59:49','1997-08-09 12:58:15','1985-01-29 08:05:49'),(10,10,10,'2001-04-22 20:26:56','1974-05-13 08:29:07','2015-03-13 13:57:07','1995-08-15 21:40:38'),(11,11,1,'1986-03-12 22:30:26','1992-01-26 21:48:21','1993-12-12 13:17:20','1986-10-05 11:52:55'),(12,12,2,'2004-08-16 17:11:06','2018-10-20 03:58:09','1990-07-04 08:34:26','1974-09-26 22:15:48'),(13,13,3,'1972-03-04 10:31:32','2015-10-13 05:09:54','2008-01-15 20:22:18','2014-02-13 19:54:08'),(14,14,4,'2018-12-30 06:44:57','1976-09-29 00:11:29','1976-04-15 08:06:25','1997-08-21 07:01:00'),(15,15,5,'2010-11-05 01:49:37','2004-06-26 00:07:55','1973-11-13 21:58:36','2011-03-18 09:53:15'),(16,16,6,'1972-05-09 02:32:37','1983-02-23 14:28:01','1984-09-20 14:59:08','1991-04-30 20:29:34'),(17,17,7,'1984-06-22 23:32:26','1981-09-14 10:18:03','2003-03-05 07:48:43','2000-11-10 10:06:52'),(18,18,8,'1985-07-07 10:52:51','1972-12-06 23:12:48','1976-12-17 04:22:38','1983-08-11 12:17:34'),(19,19,9,'1971-04-03 04:22:33','1997-04-13 22:55:30','2005-02-03 01:52:37','2003-09-29 19:04:32'),(20,20,10,'2006-03-29 07:52:19','1999-08-24 03:29:50','1990-05-09 06:12:22','1994-04-19 05:58:07'),(21,21,1,'1994-12-04 19:05:19','2004-07-11 06:04:09','1987-05-03 17:09:58','2004-10-31 13:01:55'),(22,22,2,'1995-02-07 20:31:01','2016-10-14 14:19:20','2003-03-25 22:45:26','1997-01-12 02:42:28'),(23,23,3,'2011-02-07 08:04:07','1980-11-06 03:42:16','1995-01-23 20:25:25','2011-10-23 18:17:37'),(24,24,4,'2004-05-14 18:18:27','2010-01-19 01:58:00','1994-04-24 15:14:10','1974-12-14 15:43:48'),(25,25,5,'1974-01-28 19:42:22','1984-07-20 14:30:47','1973-11-30 21:46:24','1971-10-19 13:13:43'),(26,26,6,'1976-07-30 10:19:59','1993-07-04 22:57:09','2012-07-11 19:41:38','2020-01-12 17:09:39'),(27,27,7,'2004-04-03 12:56:37','2008-10-30 02:17:51','2010-05-29 21:00:53','1998-03-28 11:55:42'),(28,28,8,'1984-10-23 04:36:22','1988-03-20 14:34:45','1985-05-09 16:50:20','1990-04-02 19:44:30'),(29,29,9,'1994-08-06 02:05:54','2019-04-03 06:26:34','2008-09-29 14:27:03','2016-07-09 23:14:56'),(30,30,10,'2008-03-27 07:34:24','1978-08-10 04:01:45','1975-01-02 22:13:28','1997-05-24 23:30:27'),(31,31,1,'2012-05-12 11:53:24','2000-02-12 20:33:34','2019-09-17 04:50:20','1996-08-27 02:51:56'),(32,32,2,'2005-06-26 15:24:14','2004-11-03 03:36:16','1995-01-13 18:58:04','1977-05-17 15:36:31'),(33,33,3,'1978-09-18 03:32:32','2012-03-09 23:36:05','1991-05-26 21:52:03','2013-06-17 08:08:21'),(34,34,4,'1994-03-16 16:47:37','1989-05-21 19:37:38','1977-06-29 18:44:09','2019-03-06 05:07:57'),(35,35,5,'1991-07-01 02:35:40','1972-01-11 10:45:12','1985-07-10 10:37:45','1973-11-08 09:32:48'),(36,36,6,'1980-06-20 15:37:25','1989-04-16 07:28:13','1983-10-07 14:52:06','1986-12-30 10:24:08'),(37,37,7,'2011-11-26 01:06:28','1977-08-19 01:09:54','1984-02-29 06:03:44','2017-04-28 05:12:23'),(38,38,8,'2009-01-29 19:05:48','1976-09-01 09:48:01','2004-11-09 14:50:07','2005-07-29 18:12:26'),(39,39,9,'1993-10-27 23:07:59','2011-09-28 10:19:45','1975-03-17 12:34:24','2008-11-23 06:57:24'),(40,40,10,'1992-08-07 20:52:23','1975-02-11 11:35:16','2007-09-12 07:34:40','1978-02-27 17:08:04'),(41,41,1,'2004-04-28 08:04:26','1974-05-13 21:45:49','1974-02-19 05:15:24','2017-05-26 14:39:41'),(42,42,2,'2000-09-21 05:29:29','2009-10-19 19:30:58','1983-01-03 21:28:48','1976-06-08 01:37:33'),(43,43,3,'1991-11-18 09:49:56','1990-05-05 09:27:47','2007-05-18 06:41:55','1977-04-13 15:16:40'),(44,44,4,'2009-09-19 18:29:18','1991-04-01 10:58:59','2016-11-04 18:01:40','1973-11-04 21:08:35'),(45,45,5,'2000-12-12 15:41:09','1991-03-25 22:21:08','1996-09-28 13:54:29','1981-11-18 09:48:44'),(46,46,6,'1999-10-12 02:46:00','1998-01-20 01:12:26','1977-01-11 04:24:50','2020-06-14 12:59:49'),(47,47,7,'1995-10-30 04:49:33','1984-12-05 13:05:42','1972-12-27 22:20:45','1994-02-12 19:58:02'),(48,48,8,'1979-08-29 16:39:03','1983-12-11 09:18:56','1973-04-30 11:22:17','1994-01-13 18:02:08'),(49,49,9,'2003-06-25 02:58:40','1991-09-24 16:46:15','1989-06-24 21:47:34','1998-11-18 02:21:48'),(50,50,10,'1970-06-01 17:08:18','2003-07-28 08:07:16','2001-12-27 06:16:04','2021-01-20 03:06:34'),(51,51,1,'1970-04-29 22:31:05','1976-02-27 19:12:28','1982-11-29 05:19:36','1992-07-31 22:06:45'),(52,52,2,'1977-07-17 23:17:42','2007-02-28 21:29:15','1978-07-21 05:45:26','1985-02-12 22:57:59'),(53,53,3,'1990-11-25 03:31:13','2002-03-14 02:01:21','1972-08-23 14:12:07','1974-12-26 08:50:36'),(54,54,4,'2020-02-05 01:04:51','1977-05-24 08:04:53','1973-04-21 18:31:04','1994-05-25 11:25:59'),(55,55,5,'1977-12-05 23:11:18','2000-03-15 20:55:10','1988-04-03 02:25:54','2018-01-07 07:02:57'),(56,56,6,'1989-01-01 07:53:34','1976-03-21 07:05:00','1992-01-26 18:20:00','2005-01-20 14:07:08'),(57,57,7,'1974-04-23 11:04:35','2001-11-19 06:15:59','2012-12-15 02:44:24','1970-01-07 03:11:01'),(58,58,8,'2002-01-14 11:57:22','1989-08-30 21:54:25','2000-04-30 07:42:49','2005-12-19 12:27:39'),(59,59,9,'2019-01-15 10:02:22','2013-06-22 08:05:29','1985-01-16 07:46:51','2005-11-16 01:52:02'),(60,60,10,'2000-10-09 15:55:02','2013-03-06 09:13:27','2008-07-09 18:36:45','1999-12-01 22:08:04'),(61,61,1,'1975-01-16 03:08:11','2009-08-24 05:50:11','2009-04-19 13:05:58','1978-10-11 20:18:53'),(62,62,2,'1998-08-27 04:30:17','2018-05-27 11:50:44','1983-11-10 08:30:05','2020-10-05 04:33:20'),(63,63,3,'1973-09-17 21:41:25','1993-10-11 22:40:37','2011-01-10 14:10:58','1971-12-16 18:45:44'),(64,64,4,'2015-11-16 17:01:08','2015-10-13 16:42:01','1995-12-09 13:43:47','2020-12-17 21:54:03'),(65,65,5,'2014-11-02 11:05:48','2011-10-14 21:28:08','2007-03-28 04:57:20','1999-06-24 12:00:05'),(66,66,6,'2020-12-20 06:55:49','1970-08-25 06:37:03','1996-02-11 06:50:33','2003-03-04 07:57:32'),(67,67,7,'2005-02-15 09:59:01','2003-06-28 19:01:36','2006-01-17 11:43:30','1983-05-22 01:01:32'),(68,68,8,'1974-01-17 21:18:53','1970-04-07 07:35:48','1986-05-23 05:36:16','1994-02-04 17:24:29'),(69,69,9,'1981-09-09 22:45:31','2016-11-14 05:23:00','2014-09-12 14:30:27','1973-03-02 00:20:12'),(70,70,10,'1998-05-04 10:21:47','1985-04-11 21:42:27','1976-06-28 19:53:46','2002-06-19 03:08:02'),(71,71,1,'1984-05-23 09:25:47','2013-09-12 02:19:55','2021-05-17 00:14:15','2011-08-13 13:25:16'),(72,72,2,'2014-10-28 01:35:00','1976-07-29 14:17:39','1991-06-24 11:45:20','1991-09-20 14:55:33'),(73,73,3,'1994-10-03 04:21:40','1982-12-31 19:21:14','2015-04-08 11:31:39','2017-01-13 06:02:38'),(74,74,4,'1988-12-24 22:05:10','1988-11-01 08:42:52','1971-02-27 20:13:25','1975-03-13 04:07:19'),(75,75,5,'2015-03-11 01:04:19','2018-08-25 18:22:37','1999-12-27 12:04:15','1998-03-30 09:44:01'),(76,76,6,'1972-02-01 02:13:06','2020-09-10 13:07:20','2009-11-26 10:08:52','1992-05-08 17:50:23'),(77,77,7,'2010-01-12 02:21:45','1990-04-07 14:02:28','1981-03-01 23:47:50','1972-05-12 00:01:30'),(78,78,8,'1988-03-18 20:31:17','1973-12-17 21:09:39','2004-09-13 14:55:23','2017-12-13 03:53:10'),(79,79,9,'1999-06-13 02:43:20','1999-08-11 14:20:24','1988-12-07 04:54:27','1994-01-18 14:59:05'),(80,80,10,'2003-01-21 10:01:08','2012-02-02 15:17:31','1988-10-20 23:19:06','1988-04-22 03:29:40'),(81,81,1,'1978-02-22 10:19:42','2002-03-04 05:07:59','1994-06-07 23:39:02','1996-08-21 06:36:52'),(82,82,2,'1978-10-21 08:16:15','2018-11-17 07:46:54','2000-06-23 04:14:04','2013-04-15 08:39:15'),(83,83,3,'1977-09-14 12:05:49','1973-06-29 16:53:34','1975-04-21 04:09:11','1979-10-05 23:32:43'),(84,84,4,'1987-06-28 22:31:45','2002-10-04 04:06:14','2008-01-17 08:03:04','1978-05-30 01:26:07'),(85,85,5,'2013-12-06 06:04:43','2018-01-04 00:50:59','1976-07-26 18:49:46','2011-04-06 21:57:16'),(86,86,6,'1992-02-05 16:12:42','2000-07-04 13:24:39','1975-05-03 05:12:47','1986-12-05 19:17:47'),(87,87,7,'2005-06-14 00:47:41','1980-02-07 05:18:25','1978-03-29 15:51:28','1987-01-13 10:46:32'),(88,88,8,'2009-06-25 16:03:05','1982-08-25 09:27:34','1995-11-14 10:34:52','2018-09-07 14:42:14'),(89,89,9,'2011-11-26 18:30:21','1997-12-07 19:44:40','2008-06-19 18:54:03','1987-03-01 20:52:15'),(90,90,10,'1994-04-10 21:18:46','1986-02-10 20:16:23','1991-10-29 20:27:26','1998-08-30 12:12:19'),(91,91,1,'1976-10-16 21:00:36','1973-12-05 08:59:54','2007-06-27 00:42:04','2008-09-04 08:52:27'),(92,92,2,'1998-12-09 20:28:48','2006-12-25 05:57:16','1976-02-04 01:26:44','2009-03-13 16:25:40'),(93,93,3,'1989-05-18 12:27:58','2021-04-30 04:12:33','1994-04-24 21:30:24','2016-04-29 06:49:49'),(94,94,4,'2011-06-06 13:12:51','1991-08-28 05:10:22','1982-06-26 04:39:51','1976-07-27 13:17:56'),(95,95,5,'1981-04-15 23:09:29','1999-10-31 01:41:35','2019-02-11 18:06:44','1978-02-17 00:52:10'),(96,96,6,'1972-09-02 16:46:10','1970-06-06 19:38:54','1984-12-22 10:38:14','1985-02-21 12:41:52'),(97,97,7,'1986-01-19 07:47:43','1994-06-14 22:25:51','1993-07-31 14:11:55','1992-11-09 13:25:28'),(98,98,8,'1986-07-22 20:07:03','1986-03-28 16:01:11','2013-01-01 15:37:55','2016-02-07 03:40:36'),(99,99,9,'2001-06-18 23:54:09','2014-09-13 02:12:17','2000-03-22 12:39:50','1970-05-13 07:43:44'),(100,100,10,'1970-10-25 14:12:54','2008-04-23 11:30:39','1994-05-08 16:06:59','2011-04-19 01:47:09');
/*!40000 ALTER TABLE `friendship` ENABLE KEYS */;
UNLOCK TABLES;

--
-- Table structure for table `friendship_statuses`
--

DROP TABLE IF EXISTS `friendship_statuses`;
/*!40101 SET @saved_cs_client     = @@character_set_client */;
/*!40101 SET character_set_client = utf8 */;
CREATE TABLE `friendship_statuses` (
  `id` int(10) unsigned NOT NULL AUTO_INCREMENT COMMENT 'Идентификатор строки',
  `name` varchar(150) COLLATE utf8mb4_unicode_ci NOT NULL COMMENT 'Название статуса',
  `created_at` datetime DEFAULT current_timestamp() COMMENT 'Время создания строки',
  `updated_at` datetime DEFAULT current_timestamp() ON UPDATE current_timestamp() COMMENT 'Время обновления строки',
  PRIMARY KEY (`id`),
  UNIQUE KEY `name` (`name`)
) ENGINE=InnoDB AUTO_INCREMENT=11 DEFAULT CHARSET=utf8mb4 COLLATE=utf8mb4_unicode_ci COMMENT='Статусы дружбы';
/*!40101 SET character_set_client = @saved_cs_client */;

--
-- Dumping data for table `friendship_statuses`
--

LOCK TABLES `friendship_statuses` WRITE;
/*!40000 ALTER TABLE `friendship_statuses` DISABLE KEYS */;
INSERT INTO `friendship_statuses` VALUES (1,'omnis','1985-08-08 07:28:11','1998-02-15 04:15:18'),(2,'quis','1983-11-14 10:00:28','1975-08-18 12:41:44'),(3,'in','2004-01-12 04:11:42','1975-09-09 04:59:13'),(4,'ipsa','2017-02-11 00:01:59','1980-06-04 15:52:07'),(5,'iste','1970-06-16 10:38:09','1991-01-06 00:46:22'),(6,'deserunt','1974-06-05 16:51:13','1985-10-18 09:37:40'),(7,'quas','1986-03-31 10:41:27','2021-03-20 01:38:48'),(8,'et','2018-04-22 12:38:52','1994-08-04 09:35:58'),(9,'amet','1991-03-01 12:44:18','2000-03-27 23:45:33'),(10,'hic','2015-11-20 18:25:42','1975-05-25 07:10:43');
/*!40000 ALTER TABLE `friendship_statuses` ENABLE KEYS */;
UNLOCK TABLES;

--
-- Table structure for table `media`
--

DROP TABLE IF EXISTS `media`;
/*!40101 SET @saved_cs_client     = @@character_set_client */;
/*!40101 SET character_set_client = utf8 */;
CREATE TABLE `media` (
  `id` int(10) unsigned NOT NULL AUTO_INCREMENT COMMENT 'Идентификатор строки',
  `user_id` int(10) unsigned NOT NULL COMMENT 'Ссылка на пользователя, который загрузил файл',
  `filename` varchar(255) COLLATE utf8mb4_unicode_ci NOT NULL COMMENT 'Путь к файлу',
  `size` int(11) NOT NULL COMMENT 'Размер файла',
  `metadata` longtext CHARACTER SET utf8mb4 COLLATE utf8mb4_bin DEFAULT NULL COMMENT 'Метаданные файла' CHECK (json_valid(`metadata`)),
  `media_type_id` int(10) unsigned NOT NULL COMMENT 'Ссылка на тип контента',
  `created_at` datetime DEFAULT current_timestamp() COMMENT 'Время создания строки',
  `updated_at` datetime DEFAULT current_timestamp() ON UPDATE current_timestamp() COMMENT 'Время обновления строки',
  PRIMARY KEY (`id`),
  KEY `user_id` (`user_id`),
  KEY `media_type_id` (`media_type_id`),
  CONSTRAINT `media_ibfk_1` FOREIGN KEY (`user_id`) REFERENCES `users` (`id`),
  CONSTRAINT `media_ibfk_2` FOREIGN KEY (`media_type_id`) REFERENCES `media_types` (`id`)
) ENGINE=InnoDB AUTO_INCREMENT=101 DEFAULT CHARSET=utf8mb4 COLLATE=utf8mb4_unicode_ci COMMENT='Медиафайлы';
/*!40101 SET character_set_client = @saved_cs_client */;

--
-- Dumping data for table `media`
--

LOCK TABLES `media` WRITE;
/*!40000 ALTER TABLE `media` DISABLE KEYS */;
INSERT INTO `media` VALUES (1,1,'incidunt',670727,NULL,1,'2013-06-02 04:56:15','2012-09-29 13:53:28'),(2,2,'iusto',707,NULL,2,'1997-01-10 20:40:31','1982-07-11 10:26:58'),(3,3,'eum',894770,NULL,3,'1999-07-21 16:41:19','2014-10-23 08:15:45'),(4,4,'rerum',78262,NULL,4,'2007-02-18 09:15:27','1982-06-25 15:25:55'),(5,5,'aliquid',435503,NULL,5,'1994-08-06 15:02:16','1978-01-22 18:45:39'),(6,6,'ut',324,NULL,6,'1999-09-22 09:50:19','2007-07-03 15:56:32'),(7,7,'inventore',0,NULL,7,'1979-02-26 21:17:39','2021-02-17 13:36:20'),(8,8,'tenetur',95,NULL,8,'2018-03-06 10:36:56','1997-05-08 06:32:30'),(9,9,'in',590,NULL,9,'1989-09-23 17:25:15','2019-11-03 11:38:31'),(10,10,'atque',59,NULL,10,'1978-09-16 09:30:07','1982-05-05 15:28:28'),(11,11,'aut',3431807,NULL,1,'1974-03-08 10:45:25','1992-04-12 15:27:07'),(12,12,'cupiditate',846835212,NULL,2,'2016-11-20 13:50:50','1989-08-13 08:32:20'),(13,13,'voluptas',0,NULL,3,'2006-08-31 06:32:25','2015-04-12 17:33:29'),(14,14,'quam',26173,NULL,4,'1982-12-07 14:05:02','1978-05-26 20:02:09'),(15,15,'hic',928164707,NULL,5,'2010-06-09 19:33:31','1988-10-25 00:38:24'),(16,16,'porro',7,NULL,6,'1972-10-30 00:45:10','2007-03-10 07:05:09'),(17,17,'dolores',48441781,NULL,7,'1990-06-02 18:22:49','2018-01-25 16:55:58'),(18,18,'commodi',1492644,NULL,8,'2008-08-29 18:13:50','1995-12-17 18:18:59'),(19,19,'quia',578550574,NULL,9,'1974-07-13 18:46:40','2003-03-30 22:31:36'),(20,20,'et',79968,NULL,10,'1978-01-04 17:40:57','1989-04-22 09:47:33'),(21,21,'aut',1,NULL,1,'2021-04-07 10:27:56','2001-07-07 12:19:53'),(22,22,'maiores',44,NULL,2,'1970-10-21 17:00:34','1985-05-10 00:40:54'),(23,23,'et',7,NULL,3,'2017-04-19 19:17:49','1981-04-24 22:47:52'),(24,24,'voluptas',42,NULL,4,'1986-12-16 14:50:43','1970-03-28 15:46:23'),(25,25,'et',2,NULL,5,'1984-05-15 10:57:46','1990-02-07 02:17:26'),(26,26,'rerum',374322724,NULL,6,'1992-08-02 18:13:37','2019-04-21 14:29:17'),(27,27,'laudantium',8912,NULL,7,'1975-08-01 16:59:35','2018-12-30 04:02:42'),(28,28,'qui',0,NULL,8,'2001-07-01 19:56:26','2013-12-29 08:35:30'),(29,29,'asperiores',34292,NULL,9,'1984-11-27 22:55:37','1992-06-28 10:50:53'),(30,30,'omnis',694263,NULL,10,'2019-06-27 02:23:28','2007-04-22 00:03:34'),(31,31,'aut',0,NULL,1,'1980-08-05 00:48:41','2007-09-23 06:50:22'),(32,32,'magni',698,NULL,2,'2015-02-28 21:05:42','2020-03-29 19:56:40'),(33,33,'molestiae',0,NULL,3,'2002-04-19 20:10:59','1972-11-03 09:24:32'),(34,34,'dolor',5,NULL,4,'1979-09-05 01:01:25','2007-09-24 09:27:07'),(35,35,'molestiae',5541,NULL,5,'1983-03-10 05:24:40','1996-05-08 12:25:29'),(36,36,'repellendus',0,NULL,6,'2014-12-10 03:18:20','2010-03-01 20:19:16'),(37,37,'neque',1756,NULL,7,'1987-07-08 10:59:49','1986-05-25 09:27:41'),(38,38,'voluptatem',39324,NULL,8,'1990-10-04 09:27:13','1973-11-29 15:23:28'),(39,39,'minus',70,NULL,9,'2002-04-25 02:58:42','2012-09-06 23:38:14'),(40,40,'voluptatem',823374745,NULL,10,'1971-09-06 08:25:18','1984-09-29 00:20:19'),(41,41,'aliquid',70368449,NULL,1,'1981-07-16 08:27:11','2020-12-29 20:42:43'),(42,42,'quisquam',93622722,NULL,2,'1983-03-30 16:31:36','1974-10-17 22:56:58'),(43,43,'quisquam',50372,NULL,3,'2019-11-09 14:23:03','2013-03-28 21:26:50'),(44,44,'sed',0,NULL,4,'1970-08-02 02:19:55','2005-04-15 09:04:58'),(45,45,'voluptas',6,NULL,5,'1971-01-05 20:11:20','2013-10-15 00:19:07'),(46,46,'voluptatem',749991562,NULL,6,'1972-12-09 15:30:36','1994-03-06 09:33:42'),(47,47,'maiores',1005505,NULL,7,'2007-05-13 19:52:03','2004-11-04 03:42:40'),(48,48,'repellendus',2,NULL,8,'1985-10-22 19:43:40','2009-12-04 23:23:53'),(49,49,'quaerat',462891294,NULL,9,'1992-08-02 09:01:09','1992-01-11 11:13:07'),(50,50,'accusamus',90166,NULL,10,'2003-12-25 05:26:44','1998-03-20 03:48:49'),(51,51,'porro',9503546,NULL,1,'1995-09-16 14:14:08','1992-07-11 04:12:14'),(52,52,'eos',738046,NULL,2,'2011-05-02 08:59:26','1975-12-02 18:30:09'),(53,53,'dolores',12344089,NULL,3,'1975-08-09 11:09:15','2001-05-21 02:43:13'),(54,54,'labore',37766914,NULL,4,'1993-10-17 09:58:26','1983-11-02 12:42:53'),(55,55,'eos',864,NULL,5,'1999-01-16 01:43:29','1987-05-28 11:02:15'),(56,56,'rerum',70,NULL,6,'1973-04-04 01:03:27','2015-11-19 02:18:46'),(57,57,'reprehenderit',3,NULL,7,'1973-03-16 03:11:53','2008-05-28 18:05:46'),(58,58,'repellat',0,NULL,8,'1974-11-07 15:42:57','2017-07-15 05:46:17'),(59,59,'voluptates',5,NULL,9,'1980-10-25 10:41:43','1991-12-08 13:51:22'),(60,60,'quia',420710,NULL,10,'2019-04-19 03:56:17','2011-10-17 21:40:32'),(61,61,'quibusdam',6870805,NULL,1,'1981-12-29 19:33:18','2017-08-25 01:33:01'),(62,62,'accusamus',4727,NULL,2,'1973-09-02 20:32:23','1986-11-01 06:59:17'),(63,63,'sed',778078955,NULL,3,'2000-06-13 16:45:23','2010-10-26 02:52:01'),(64,64,'illo',94542,NULL,4,'1983-04-17 15:39:39','1974-07-16 07:19:05'),(65,65,'doloribus',514981,NULL,5,'2004-04-18 17:56:09','2013-05-26 09:18:05'),(66,66,'numquam',6520731,NULL,6,'1999-09-11 14:50:19','1974-11-23 01:42:38'),(67,67,'delectus',35,NULL,7,'1970-05-06 01:32:58','1984-12-17 06:54:31'),(68,68,'quod',197098,NULL,8,'2008-09-30 05:12:30','1976-11-21 04:31:58'),(69,69,'neque',0,NULL,9,'1981-02-14 04:54:34','1986-11-25 22:30:20'),(70,70,'ullam',9595750,NULL,10,'1992-05-05 05:02:13','1981-04-23 02:14:51'),(71,71,'fuga',736829192,NULL,1,'2021-02-12 14:02:05','1972-07-23 04:10:56'),(72,72,'reiciendis',3968,NULL,2,'2015-02-05 10:36:24','1970-02-06 09:32:02'),(73,73,'qui',144335,NULL,3,'2012-01-18 18:18:42','1996-01-16 23:22:48'),(74,74,'nihil',231,NULL,4,'1976-12-29 10:33:55','1997-06-22 02:31:19'),(75,75,'consectetur',0,NULL,5,'1990-08-30 11:36:55','1991-01-07 08:27:44'),(76,76,'consequuntur',30,NULL,6,'2013-02-25 21:11:43','1972-09-20 05:14:23'),(77,77,'illum',84,NULL,7,'2006-11-07 13:03:18','1984-03-02 09:17:59'),(78,78,'veniam',767706715,NULL,8,'1990-10-27 06:55:52','2007-07-14 06:35:41'),(79,79,'non',2062,NULL,9,'1988-05-09 16:20:14','1986-04-09 19:20:51'),(80,80,'quo',6540717,NULL,10,'2012-08-03 07:21:01','1976-08-23 15:52:31'),(81,81,'culpa',71,NULL,1,'1985-05-28 13:22:31','2010-07-04 11:20:11'),(82,82,'non',30334874,NULL,2,'2019-09-12 17:40:34','1980-11-14 12:12:35'),(83,83,'maiores',25272,NULL,3,'1980-10-07 17:07:53','1982-01-08 08:21:20'),(84,84,'tempore',3004,NULL,4,'1989-10-10 20:39:16','1979-03-03 05:09:35'),(85,85,'et',124617,NULL,5,'1971-12-10 06:48:09','2009-07-26 20:36:09'),(86,86,'non',948188279,NULL,6,'1971-02-08 09:42:08','2014-11-18 03:16:51'),(87,87,'pariatur',38,NULL,7,'2008-10-05 00:32:12','2012-04-29 19:12:53'),(88,88,'recusandae',3813,NULL,8,'2002-04-07 17:14:56','2002-05-03 15:04:53'),(89,89,'ipsum',6656,NULL,9,'2003-07-25 03:29:06','2002-11-07 22:34:33'),(90,90,'ipsa',0,NULL,10,'2015-10-11 14:11:47','2014-06-07 07:44:43'),(91,91,'ratione',10,NULL,1,'1982-05-16 16:11:10','2007-12-05 20:18:14'),(92,92,'fuga',267662538,NULL,2,'2012-11-18 23:54:54','2012-05-04 16:03:48'),(93,93,'dolorem',3640,NULL,3,'1976-02-18 18:40:07','1993-02-13 15:43:00'),(94,94,'ea',95844,NULL,4,'2010-04-01 03:27:01','2000-03-08 21:22:13'),(95,95,'perspiciatis',67806,NULL,5,'2020-02-11 11:56:12','2009-08-12 19:08:32'),(96,96,'voluptates',7,NULL,6,'1996-11-23 08:04:54','1994-07-28 08:25:18'),(97,97,'nihil',41727892,NULL,7,'2018-03-10 11:35:26','2017-10-16 09:21:30'),(98,98,'qui',95990,NULL,8,'1978-03-13 21:14:14','1976-05-17 16:18:26'),(99,99,'sapiente',48790809,NULL,9,'2020-07-03 18:37:10','1980-02-27 02:39:17'),(100,100,'in',4776154,NULL,10,'2006-12-25 07:55:09','2012-12-27 15:08:06');
/*!40000 ALTER TABLE `media` ENABLE KEYS */;
UNLOCK TABLES;

--
-- Table structure for table `media_likes`
--

DROP TABLE IF EXISTS `media_likes`;
/*!40101 SET @saved_cs_client     = @@character_set_client */;
/*!40101 SET character_set_client = utf8 */;
CREATE TABLE `media_likes` (
  `id` int(10) unsigned NOT NULL AUTO_INCREMENT COMMENT 'Идентификатор строки',
  `liker_id` int(10) unsigned NOT NULL COMMENT 'Кто поставил лайк',
  `what_was_liked` int(10) unsigned NOT NULL COMMENT 'Чему поставили лайк',
  `owner_id` int(10) unsigned NOT NULL COMMENT 'Автор медиафайла',
  `created_at` datetime DEFAULT current_timestamp() COMMENT 'Время создания строки',
  `updated_at` datetime DEFAULT current_timestamp() ON UPDATE current_timestamp() COMMENT 'Время обновления строки',
  PRIMARY KEY (`id`),
  KEY `liker_id` (`liker_id`),
  KEY `owner_id` (`owner_id`),
  KEY `what_was_liked` (`what_was_liked`),
  CONSTRAINT `media_likes_ibfk_1` FOREIGN KEY (`liker_id`) REFERENCES `users` (`id`),
  CONSTRAINT `media_likes_ibfk_2` FOREIGN KEY (`owner_id`) REFERENCES `media` (`user_id`),
  CONSTRAINT `media_likes_ibfk_3` FOREIGN KEY (`what_was_liked`) REFERENCES `media` (`id`)
) ENGINE=InnoDB AUTO_INCREMENT=101 DEFAULT CHARSET=utf8mb4 COLLATE=utf8mb4_unicode_ci COMMENT='Лайки к медиа';
/*!40101 SET character_set_client = @saved_cs_client */;

--
-- Dumping data for table `media_likes`
--

LOCK TABLES `media_likes` WRITE;
/*!40000 ALTER TABLE `media_likes` DISABLE KEYS */;
INSERT INTO `media_likes` VALUES (1,1,1,1,'1996-02-11 06:52:22','2002-04-10 10:45:21'),(2,2,2,2,'2010-01-14 06:29:48','1971-08-21 23:25:32'),(3,3,3,3,'1995-10-12 18:09:53','1999-04-20 02:30:11'),(4,4,4,4,'1998-05-15 02:36:17','2014-12-12 08:18:28'),(5,5,5,5,'2010-03-22 08:12:48','2009-01-18 19:49:15'),(6,6,6,6,'2016-02-03 21:55:11','2003-07-05 03:12:12'),(7,7,7,7,'1988-12-02 19:17:20','2013-04-30 16:52:50'),(8,8,8,8,'1973-01-02 16:46:55','2009-04-03 13:23:31'),(9,9,9,9,'1973-08-02 13:53:23','1970-09-28 07:36:16'),(10,10,10,10,'2020-03-24 17:27:35','2018-11-01 01:02:57'),(11,11,11,11,'1983-09-27 03:15:49','2000-04-05 00:23:44'),(12,12,12,12,'2019-10-17 17:47:54','1970-12-04 17:43:06'),(13,13,13,13,'1971-12-25 21:17:21','1977-11-14 21:58:23'),(14,14,14,14,'1990-07-27 18:33:40','2013-11-30 06:38:17'),(15,15,15,15,'1982-11-30 07:00:56','1972-03-14 21:18:52'),(16,16,16,16,'1982-06-12 02:35:42','1982-06-20 09:49:48'),(17,17,17,17,'1990-01-03 21:57:37','1986-01-30 05:43:55'),(18,18,18,18,'1992-05-29 23:51:59','1986-07-31 17:51:48'),(19,19,19,19,'1978-02-27 18:58:49','2006-10-31 21:24:03'),(20,20,20,20,'2016-02-14 08:39:55','1978-04-15 17:54:48'),(21,21,21,21,'2002-03-02 23:06:06','1993-10-29 05:10:42'),(22,22,22,22,'1972-04-14 09:42:41','1992-12-17 15:52:04'),(23,23,23,23,'1992-05-25 12:33:43','1974-09-08 09:42:58'),(24,24,24,24,'2020-12-10 14:49:24','2013-02-25 21:30:28'),(25,25,25,25,'1973-10-11 01:46:18','2007-04-26 20:04:35'),(26,26,26,26,'2016-08-15 00:28:59','1983-03-13 02:19:50'),(27,27,27,27,'1988-10-23 19:01:42','2011-04-05 02:42:35'),(28,28,28,28,'2000-09-17 17:46:57','1976-08-28 01:14:55'),(29,29,29,29,'2003-02-07 11:28:25','2010-09-08 21:21:02'),(30,30,30,30,'1982-11-07 10:18:58','2014-01-16 07:36:12'),(31,31,31,31,'1994-12-13 10:30:40','1974-12-21 12:43:34'),(32,32,32,32,'2017-08-03 13:43:37','2012-02-22 08:59:23'),(33,33,33,33,'2018-06-10 13:38:59','1998-02-03 21:25:21'),(34,34,34,34,'2019-09-23 17:05:35','1998-11-10 13:26:59'),(35,35,35,35,'2007-05-13 04:19:52','1992-07-16 00:05:34'),(36,36,36,36,'1989-01-12 14:04:32','2015-07-15 11:03:41'),(37,37,37,37,'1983-05-19 08:23:52','2008-06-10 18:23:54'),(38,38,38,38,'1971-06-21 05:35:37','2001-04-08 14:14:41'),(39,39,39,39,'1999-03-05 10:19:01','2004-02-17 20:20:10'),(40,40,40,40,'1973-09-05 05:15:02','1984-04-05 05:50:03'),(41,41,41,41,'1998-03-14 02:24:57','1993-05-25 21:35:18'),(42,42,42,42,'1977-12-16 18:23:17','2018-08-16 18:41:40'),(43,43,43,43,'1978-10-01 13:21:31','2002-10-20 21:19:00'),(44,44,44,44,'1980-07-06 10:41:22','1992-08-26 23:48:35'),(45,45,45,45,'2003-09-12 15:36:20','2015-05-01 23:07:02'),(46,46,46,46,'1973-09-28 10:38:57','1979-09-14 05:41:28'),(47,47,47,47,'1978-09-20 22:28:11','1999-10-27 22:28:53'),(48,48,48,48,'2004-02-09 07:47:30','1991-09-26 07:59:14'),(49,49,49,49,'1974-06-21 14:40:42','1979-03-21 16:43:09'),(50,50,50,50,'2009-09-26 19:16:46','1972-07-04 21:58:35'),(51,51,51,51,'2003-09-22 19:48:52','2014-04-25 07:23:16'),(52,52,52,52,'2008-06-17 10:42:47','2004-11-07 12:40:53'),(53,53,53,53,'1993-05-22 08:39:11','2012-05-28 22:42:45'),(54,54,54,54,'2009-05-10 19:06:12','1995-05-16 19:08:20'),(55,55,55,55,'1990-03-19 23:34:27','1979-05-13 23:49:00'),(56,56,56,56,'1984-12-06 21:34:05','1991-06-23 14:05:26'),(57,57,57,57,'2016-10-08 03:17:05','1982-07-07 07:55:56'),(58,58,58,58,'1991-10-03 09:55:05','1990-02-27 10:41:29'),(59,59,59,59,'2003-11-05 11:00:16','1981-02-09 06:15:34'),(60,60,60,60,'1996-10-17 18:53:58','1991-12-29 00:54:34'),(61,61,61,61,'1988-03-25 17:38:07','1987-04-27 17:39:31'),(62,62,62,62,'1994-12-02 14:31:51','1984-02-07 08:30:48'),(63,63,63,63,'1971-09-15 21:04:23','1981-01-23 19:26:28'),(64,64,64,64,'1988-02-24 12:24:03','1979-10-29 12:56:37'),(65,65,65,65,'1986-03-21 11:10:06','2006-04-26 10:33:41'),(66,66,66,66,'2010-10-28 22:10:12','2001-02-18 05:21:37'),(67,67,67,67,'1986-02-05 15:13:30','1970-04-24 04:52:23'),(68,68,68,68,'1978-01-25 16:02:03','1997-11-19 21:22:50'),(69,69,69,69,'2018-06-12 23:15:09','1991-11-02 15:01:16'),(70,70,70,70,'2010-11-13 22:09:25','1975-04-25 11:49:39'),(71,71,71,71,'1972-02-07 21:31:29','2007-03-01 15:18:01'),(72,72,72,72,'2003-11-05 18:26:51','1974-06-03 23:29:16'),(73,73,73,73,'1971-03-13 01:56:46','1984-09-24 00:10:56'),(74,74,74,74,'1998-06-09 18:11:01','1987-01-08 02:39:00'),(75,75,75,75,'2017-04-08 00:43:52','1989-11-22 22:12:21'),(76,76,76,76,'1987-02-03 13:25:11','2018-08-30 01:47:03'),(77,77,77,77,'2001-02-05 19:11:18','2012-05-07 06:50:08'),(78,78,78,78,'1973-10-27 17:23:58','1995-09-17 18:03:13'),(79,79,79,79,'1988-10-24 19:37:48','1995-09-21 12:56:47'),(80,80,80,80,'1995-08-22 09:04:23','1994-01-21 01:35:35'),(81,81,81,81,'1970-08-15 00:28:57','2018-10-22 03:26:38'),(82,82,82,82,'1973-05-19 18:20:06','2018-10-13 21:13:53'),(83,83,83,83,'1983-06-22 12:26:58','2010-05-06 14:42:24'),(84,84,84,84,'1993-12-24 01:30:41','2002-03-02 18:47:35'),(85,85,85,85,'2014-06-11 13:19:36','2000-06-18 10:09:20'),(86,86,86,86,'2000-11-05 01:18:20','1983-11-18 13:37:17'),(87,87,87,87,'1978-09-04 05:03:01','2019-04-25 13:58:32'),(88,88,88,88,'2005-01-19 07:40:59','1975-04-24 18:35:36'),(89,89,89,89,'2013-09-30 21:51:34','1972-05-26 15:23:11'),(90,90,90,90,'2006-05-22 16:09:09','2006-10-31 15:30:35'),(91,91,91,91,'1990-06-21 15:17:22','1984-09-07 17:20:58'),(92,92,92,92,'2005-02-20 01:04:41','2006-06-25 20:29:27'),(93,93,93,93,'1997-03-26 01:42:32','1991-08-23 03:21:51'),(94,94,94,94,'1996-08-02 14:46:49','2000-03-09 03:37:48'),(95,95,95,95,'2008-12-05 04:13:34','1990-09-16 04:20:13'),(96,96,96,96,'2020-10-18 18:16:53','1980-07-02 14:00:40'),(97,97,97,97,'1995-12-03 06:34:15','2018-08-06 17:52:23'),(98,98,98,98,'1982-05-24 01:24:20','1979-05-19 23:57:47'),(99,99,99,99,'1976-12-02 06:09:55','2016-11-18 06:14:34'),(100,100,100,100,'1978-06-03 03:48:09','1972-01-07 17:09:55');
/*!40000 ALTER TABLE `media_likes` ENABLE KEYS */;
UNLOCK TABLES;

--
-- Table structure for table `media_types`
--

DROP TABLE IF EXISTS `media_types`;
/*!40101 SET @saved_cs_client     = @@character_set_client */;
/*!40101 SET character_set_client = utf8 */;
CREATE TABLE `media_types` (
  `id` int(10) unsigned NOT NULL AUTO_INCREMENT COMMENT 'Идентификатор строки',
  `name` varchar(255) COLLATE utf8mb4_unicode_ci NOT NULL COMMENT 'Название типа',
  `created_at` datetime DEFAULT current_timestamp() COMMENT 'Время создания строки',
  `updated_at` datetime DEFAULT current_timestamp() ON UPDATE current_timestamp() COMMENT 'Время обновления строки',
  PRIMARY KEY (`id`),
  UNIQUE KEY `name` (`name`)
) ENGINE=InnoDB AUTO_INCREMENT=11 DEFAULT CHARSET=utf8mb4 COLLATE=utf8mb4_unicode_ci COMMENT='Типы медиафайлов';
/*!40101 SET character_set_client = @saved_cs_client */;

--
-- Dumping data for table `media_types`
--

LOCK TABLES `media_types` WRITE;
/*!40000 ALTER TABLE `media_types` DISABLE KEYS */;
INSERT INTO `media_types` VALUES (1,'consequatur','2002-03-05 01:31:45','1998-04-09 12:41:00'),(2,'officia','1977-07-12 06:15:15','2015-02-21 11:09:24'),(3,'necessitatibus','1993-06-20 11:01:33','1982-12-13 09:22:14'),(4,'rem','1978-04-17 12:31:07','2019-06-20 14:44:20'),(5,'quasi','1989-10-24 10:20:39','2013-03-11 10:55:39'),(6,'facilis','1988-05-23 13:05:37','2007-02-04 05:20:58'),(7,'non','2020-09-11 07:30:02','1996-08-27 23:21:08'),(8,'autem','2001-04-13 09:30:48','1994-07-09 22:38:05'),(9,'quia','1997-12-19 11:26:57','2009-06-15 06:28:27'),(10,'magnam','1974-12-03 16:03:22','1971-12-06 00:08:11');
/*!40000 ALTER TABLE `media_types` ENABLE KEYS */;
UNLOCK TABLES;

--
-- Table structure for table `messages`
--

DROP TABLE IF EXISTS `messages`;
/*!40101 SET @saved_cs_client     = @@character_set_client */;
/*!40101 SET character_set_client = utf8 */;
CREATE TABLE `messages` (
  `id` int(10) unsigned NOT NULL AUTO_INCREMENT COMMENT 'Идентификатор строки',
  `from_user_id` int(10) unsigned NOT NULL COMMENT 'Ссылка на отправителя сообщения',
  `to_user_id` int(10) unsigned NOT NULL COMMENT 'Ссылка на получателя сообщения',
  `body` text COLLATE utf8mb4_unicode_ci NOT NULL COMMENT 'Текст сообщения',
  `is_important` tinyint(1) DEFAULT NULL COMMENT 'Признак важности',
  `is_delivered` tinyint(1) DEFAULT NULL COMMENT 'Признак доставки',
  `created_at` datetime DEFAULT current_timestamp() COMMENT 'Время создания строки',
  `updated_at` datetime DEFAULT current_timestamp() ON UPDATE current_timestamp() COMMENT 'Время обновления строки',
  PRIMARY KEY (`id`),
  KEY `from_user_id` (`from_user_id`),
  KEY `to_user_id` (`to_user_id`),
  CONSTRAINT `messages_ibfk_1` FOREIGN KEY (`from_user_id`) REFERENCES `users` (`id`),
  CONSTRAINT `messages_ibfk_2` FOREIGN KEY (`to_user_id`) REFERENCES `users` (`id`)
) ENGINE=InnoDB AUTO_INCREMENT=101 DEFAULT CHARSET=utf8mb4 COLLATE=utf8mb4_unicode_ci COMMENT='Сообщения';
/*!40101 SET character_set_client = @saved_cs_client */;

--
-- Dumping data for table `messages`
--

LOCK TABLES `messages` WRITE;
/*!40000 ALTER TABLE `messages` DISABLE KEYS */;
INSERT INTO `messages` VALUES (1,1,1,'Et nihil incidunt nostrum ut quasi porro et voluptatem. Repellendus nesciunt eum natus. Velit voluptas omnis atque vero voluptatem id. Cupiditate asperiores velit dolores nam.',0,0,'2013-02-20 13:06:56','1998-03-10 23:46:46'),(2,2,2,'Ullam voluptas error id aliquid. Occaecati reprehenderit est odio rerum. Sit ipsum sed deleniti eius ea est id.',0,1,'2011-01-17 11:09:44','2017-04-23 00:05:05'),(3,3,3,'Fuga nisi maxime ea quo. Quo dolores velit qui odio magni esse. Doloribus assumenda eaque unde eum aut vero. Excepturi esse dolor quod mollitia sint.',0,0,'1972-09-16 11:13:04','2009-09-15 12:20:40'),(4,4,4,'Fuga porro ipsa omnis molestiae quia. Laudantium qui voluptatem impedit nesciunt. Corrupti quo consectetur necessitatibus et omnis ad aut. Sint rerum doloribus autem quidem voluptatum ut reprehenderit. Eaque voluptas autem aliquid dolore.',0,1,'1985-11-30 03:15:13','1990-11-24 11:49:07'),(5,5,5,'Et nam praesentium perspiciatis sed qui. Expedita eligendi deserunt delectus tempora non ipsum. Id occaecati ullam enim consequatur deleniti est sunt modi.',1,0,'2002-07-18 09:07:05','2015-08-17 04:02:13'),(6,6,6,'Et ut molestias hic natus vitae possimus sit. Non velit rerum vel qui. Aliquam ut rerum ab.',0,1,'1972-10-25 20:27:00','2004-06-01 08:27:05'),(7,7,7,'Iusto voluptatum suscipit repellendus alias blanditiis. Suscipit ut voluptatem sit at dolorem sapiente qui.',0,0,'1977-11-25 08:28:00','1986-02-04 02:28:55'),(8,8,8,'Ipsum a sequi fuga repellat blanditiis accusamus omnis. Ratione facilis ipsum earum quisquam quia. Nam sed quo sed et dolore.',1,0,'1978-02-14 06:30:40','1989-12-03 06:14:42'),(9,9,9,'Nesciunt non id esse voluptatem non omnis. Labore provident aperiam iusto pariatur. Et aliquam perferendis distinctio fugiat dolorum facere quidem. Enim magni provident minima ipsum fugiat provident consequatur similique.',1,1,'1991-02-27 01:48:57','1977-09-16 22:40:21'),(10,10,10,'Fuga et at ea est et similique temporibus. Architecto quod laudantium dolore possimus.',0,0,'2006-05-22 14:14:05','2003-04-13 01:57:50'),(11,11,11,'Iusto nemo quia et aperiam dolor aut dignissimos. Ducimus eaque illum eligendi. Illum qui earum distinctio maiores iusto ullam doloribus.',0,1,'1999-03-15 23:19:16','2005-04-10 18:04:08'),(12,12,12,'Consequatur assumenda nemo consequuntur voluptatem. Et esse officiis fugiat laboriosam eum animi. Officiis magni consequatur odit quos aut.',0,0,'1994-05-16 22:27:10','2003-07-06 00:29:44'),(13,13,13,'Nulla excepturi officia inventore sint eligendi. Quo est et incidunt odit dicta libero qui nam. Dignissimos est quod non nisi.',0,0,'1999-04-16 18:27:09','2003-10-02 16:55:16'),(14,14,14,'Quis quo impedit eligendi ipsam. In veritatis necessitatibus dolor necessitatibus molestiae. Nesciunt ea aliquam ad distinctio.',1,1,'1982-03-31 15:54:00','1981-08-26 09:36:08'),(15,15,15,'Labore qui laudantium quis dicta ut consequuntur explicabo. Ipsam qui omnis sed eos ratione sequi et. Non nulla quod perferendis. Dolor qui inventore reprehenderit sit et illo.',1,1,'1995-02-01 23:21:10','1990-01-26 00:47:12'),(16,16,16,'Beatae omnis culpa deserunt illo accusantium et. Aut aut excepturi iste ipsum rem ea alias. Harum culpa nihil eos sint. Rerum ea sed excepturi quia quidem eius ut.',0,1,'1979-06-11 23:13:43','1981-12-31 07:42:45'),(17,17,17,'Molestias maiores error at adipisci voluptate. Doloribus doloribus repellendus rem quas quam quibusdam vitae. Dignissimos qui et at laboriosam nesciunt quae dicta.',0,1,'2014-06-18 16:07:54','1987-08-04 23:47:37'),(18,18,18,'Expedita qui delectus aspernatur perspiciatis officiis. Soluta rerum eaque consectetur aut. Perspiciatis expedita quis cumque dolorem minus.',1,1,'1996-04-17 20:05:55','2003-05-08 23:07:09'),(19,19,19,'Dicta nihil vero et nulla doloribus consectetur ipsa. Occaecati dolorem veritatis distinctio est. Sunt quis officiis id exercitationem nihil. Error aut et et in.',0,1,'2019-11-20 16:33:23','1977-09-05 14:05:57'),(20,20,20,'Fugit dolorem officiis velit ut. Dolorem aut ullam et est quibusdam occaecati. Omnis sed ratione dignissimos alias et.',1,0,'2003-05-16 05:24:36','1998-10-15 22:34:59'),(21,21,21,'Dolores enim nesciunt eos. Consequatur sed unde quis. Numquam nemo quas sit. Velit alias ullam animi blanditiis dolorum laborum.',0,0,'2003-08-16 05:15:19','2005-12-14 04:16:54'),(22,22,22,'Recusandae qui atque similique illum est est voluptatem. Aperiam in cum nihil est qui dolores est. Qui in perspiciatis et ut. Impedit magni asperiores est et asperiores fuga.',1,1,'2011-05-13 08:41:28','2005-04-16 04:55:15'),(23,23,23,'Dolores qui eaque adipisci accusamus laborum voluptatem. Repudiandae ratione animi eos sit fuga et dolore reprehenderit. Et reiciendis tenetur voluptates dolores unde voluptatem sed. Explicabo ab sed et excepturi maxime tempora perferendis qui. Veniam aspernatur est ut culpa quasi.',1,1,'1975-04-18 07:51:11','2013-01-25 22:05:03'),(24,24,24,'Porro aut libero qui distinctio. Adipisci culpa minima earum voluptate et possimus ut. Hic enim dolores sint voluptatum et qui ut dolore. Non omnis alias nostrum.',0,1,'1986-05-05 08:56:11','1976-03-25 03:27:11'),(25,25,25,'Amet et minus est eaque necessitatibus porro excepturi nihil. Non qui et repudiandae numquam quidem ad non. Et consequatur qui voluptatum et.',0,0,'1988-10-08 22:48:17','1992-03-20 08:08:50'),(26,26,26,'Magnam sunt commodi voluptatum labore molestiae. Soluta mollitia debitis voluptas odio cum. Distinctio sunt eligendi quaerat aut. Ea quia odit non cumque nobis.',0,0,'1975-02-03 00:41:07','2013-10-12 15:08:24'),(27,27,27,'Nesciunt ut sequi ex voluptas accusamus magni nesciunt. Sint voluptatem sed sit minima eos aut exercitationem. Alias quis veniam aut fugiat dolor. Eos ex et excepturi deleniti et.',1,0,'1979-05-22 00:56:19','1991-05-22 21:44:29'),(28,28,28,'Natus voluptas et similique ut praesentium. Debitis laborum est inventore officia mollitia occaecati.',1,1,'2006-11-10 07:38:43','1988-10-28 23:19:53'),(29,29,29,'Id repellat dolorum aliquid. Voluptatem et rem impedit veritatis voluptatem ipsam omnis. Dolore beatae qui saepe. Deleniti error possimus qui sit sunt cumque beatae.',0,1,'1997-03-26 19:57:15','1977-01-30 15:41:53'),(30,30,30,'Ullam ullam voluptatem ut. Et ut repudiandae aliquam nostrum voluptatem voluptatibus et. Et fuga id rerum mollitia quibusdam. Quia sit rerum repudiandae quas accusantium soluta inventore.',1,0,'1977-10-18 16:16:45','2007-01-19 13:20:06'),(31,31,31,'Laboriosam soluta est est quis aut. Dolores harum tenetur ad accusantium corrupti illo facere. Aliquid rerum hic excepturi quibusdam et qui qui. Qui sit eum sit totam voluptatum esse aut.',1,1,'1973-09-01 22:02:28','1981-12-09 20:24:38'),(32,32,32,'Est porro molestiae et eum sit laborum. Veritatis nam et omnis quis aut. Rerum neque incidunt nostrum quia quisquam expedita. Qui ut veritatis qui sequi excepturi autem.',0,1,'1999-01-19 14:49:15','2020-02-12 15:37:33'),(33,33,33,'Ut temporibus sit ducimus et animi ab architecto. Ut quod iusto ut et enim molestiae. Ipsam explicabo corporis vero natus est qui.',0,1,'1999-08-09 19:14:44','2018-09-10 12:06:30'),(34,34,34,'Qui aliquid consequatur recusandae et omnis. Dolores exercitationem eos aperiam eos voluptate quis alias. Illo nostrum commodi quasi veritatis. In minus aut iusto aut.',0,0,'2020-12-08 22:25:16','2006-10-10 08:09:26'),(35,35,35,'Provident corporis numquam qui non. Beatae inventore doloremque est vel sed fuga culpa consequuntur. Eum occaecati quo voluptates ullam id ullam ad. Quia sint fuga quia.',1,1,'1990-11-12 15:26:59','1990-06-27 13:32:29'),(36,36,36,'Qui hic vero qui dolor perspiciatis. Iste repudiandae expedita repudiandae sit ut quia. Delectus est labore nam vero voluptatem aut eum. Sequi reiciendis repellat accusantium rerum non.',0,0,'1972-09-12 19:12:13','1995-12-28 20:16:11'),(37,37,37,'Maxime nemo dolores voluptatem assumenda. Odit ab rerum occaecati dolorum exercitationem dolorem. Qui voluptate dolorem voluptatibus alias.',1,0,'1991-06-10 03:14:11','2005-10-28 06:12:12'),(38,38,38,'Quisquam est est itaque voluptatem exercitationem. Quos nulla qui doloribus quia tenetur eum et vitae. Earum amet in eum alias vitae voluptatem quisquam. Aut voluptatem quaerat mollitia illo.',1,0,'2011-11-21 19:04:39','2012-04-28 21:20:18'),(39,39,39,'Sequi inventore vitae sint consectetur nihil. Et quia quam quia saepe. Est cum optio voluptas soluta numquam. Qui sed iste minus et qui.',0,0,'1991-05-03 03:18:38','1994-03-29 02:32:29'),(40,40,40,'Magni rerum odio nostrum ipsam corrupti. Nulla sed et corrupti voluptatem sit dolor esse. Autem consequuntur in quasi consequatur enim consequatur. Accusantium voluptatem vel reprehenderit.',0,0,'2006-09-11 03:02:23','1979-07-01 08:33:49'),(41,41,41,'Numquam sed excepturi quos ut voluptate officia. Sint ipsum doloremque voluptas in ipsam. Omnis et excepturi magnam amet ea voluptate omnis.',0,1,'2004-02-19 03:06:36','2001-04-25 12:17:06'),(42,42,42,'Eveniet et eum ut. Labore odio deserunt error sed animi labore. Aut omnis sapiente alias ut ea.',0,1,'1992-03-13 04:11:41','2020-03-06 07:40:43'),(43,43,43,'Hic ut aspernatur corrupti qui qui est. Et sed commodi id nobis quod in aspernatur.',1,0,'2013-08-01 08:06:01','2002-03-02 03:41:45'),(44,44,44,'Amet est unde tenetur tempore corrupti odio possimus. Optio repellat consequatur consequatur laboriosam.',0,1,'2007-11-01 07:35:20','2007-01-15 06:41:54'),(45,45,45,'In qui tempore fugit voluptatem. Inventore eum ducimus voluptas numquam vitae enim aut. Rerum accusamus laborum sed dolores.',0,1,'1991-10-24 18:15:01','1997-08-05 20:41:05'),(46,46,46,'Temporibus corrupti consequuntur commodi incidunt blanditiis aut qui. Pariatur molestiae facere veritatis quasi dolor. Voluptatem quo accusantium quos expedita minima et repudiandae.',0,0,'1985-02-25 20:43:39','2017-10-16 04:33:02'),(47,47,47,'Delectus recusandae qui fugiat provident et omnis architecto. Quae iste ullam fugit occaecati eum voluptate. Qui et et et omnis expedita. Omnis et eos architecto voluptatem in dolor. Asperiores qui incidunt eligendi quam consectetur illum aut.',0,0,'2020-03-19 20:30:43','1987-03-25 00:03:25'),(48,48,48,'Non in illum nam illum atque. Ipsum sint adipisci nam vel. Tempore quia et dolorem rerum quasi dolore. Alias nulla dolorem quaerat id rem nostrum.',1,0,'2015-05-29 04:20:14','1998-10-28 15:05:04'),(49,49,49,'Magnam nulla officia et quia fugit similique. Suscipit accusamus aperiam itaque et quia ipsa. Placeat accusantium accusantium autem id explicabo tenetur rerum.',0,1,'1981-10-18 12:14:55','2012-10-05 06:03:23'),(50,50,50,'Doloribus asperiores nemo et voluptas et quisquam. Facilis cumque aspernatur ut sunt. Quisquam mollitia iure nobis vitae placeat est. Porro fugit et officiis quae nihil. Provident quis qui dignissimos incidunt dolore.',0,1,'1992-09-25 09:52:26','1984-12-23 18:52:06'),(51,51,51,'Quia alias nihil labore nisi culpa optio sint. Vel quia asperiores sit odit. Ut sit sit sed dolorem et et odit.',0,1,'1990-02-18 07:15:08','1992-03-13 01:05:03'),(52,52,52,'Tempora quos molestiae voluptatem. Dolorum eos ut ut doloremque. Rerum eveniet perspiciatis aperiam reprehenderit.',1,1,'1980-07-11 01:03:25','1973-08-14 05:22:07'),(53,53,53,'Ipsa sint voluptatem ut quidem et deserunt aut. Ut neque sed reiciendis neque. Odit quia voluptatum ut facilis commodi in omnis. Quo dolor et dolorem libero cumque rerum et. Quia accusamus tenetur sequi excepturi odio aut.',0,1,'2009-12-25 23:39:04','1984-10-12 02:55:35'),(54,54,54,'Qui dicta quis in culpa. Repudiandae perferendis vero laudantium asperiores repudiandae esse quae. Amet et quia eum doloremque et reiciendis qui.',1,0,'2007-08-04 11:05:48','2006-04-19 23:16:14'),(55,55,55,'Dicta quia hic eos unde natus aut explicabo. Perferendis in repellat quae aut rerum vitae. Ratione ut consequuntur nisi non. Porro recusandae quos autem qui doloribus sunt aut. Consectetur enim odio minima id nihil quod.',0,0,'1992-03-23 02:14:03','1999-10-24 05:29:09'),(56,56,56,'Non earum eos sed iure omnis doloremque similique. Omnis sed optio vitae culpa fuga excepturi dolor.',1,1,'1976-08-23 02:47:23','2003-01-19 19:23:09'),(57,57,57,'Nihil sed et et. Sunt adipisci voluptatem sunt perspiciatis. Sint placeat aut consectetur officia dolorem.',1,1,'2008-01-26 19:07:56','2017-04-01 14:09:08'),(58,58,58,'Fugit et qui fugiat occaecati blanditiis. Totam quasi delectus architecto rerum suscipit veritatis velit. Eum ex harum et voluptas ducimus aut quis. Reprehenderit rem qui nobis expedita architecto eum quidem.',1,0,'1995-02-27 08:45:21','1986-08-20 20:05:34'),(59,59,59,'Aut ratione nobis sint omnis. Repellat autem architecto ut eaque dolores fuga. Ut aut neque provident quos. Sed reprehenderit facilis perspiciatis assumenda consequatur.',1,1,'2014-05-28 05:09:14','1988-05-19 09:08:51'),(60,60,60,'Voluptates soluta provident doloribus quo. Voluptatem officiis explicabo qui velit. Eius optio totam et. Dolor laboriosam tempora ut beatae consequatur aut.',1,0,'2018-09-22 19:05:48','1988-12-31 23:58:32'),(61,61,61,'Voluptatum delectus minus quia fuga. Molestiae ratione sapiente laudantium. Quisquam et fuga sapiente voluptatem autem.',0,0,'1991-04-03 16:44:57','1993-09-01 18:13:58'),(62,62,62,'Est harum aut alias in ut dolores aliquid voluptas. Nobis dolorum pariatur inventore est voluptatem. Perspiciatis temporibus minima omnis vel. Soluta quis vitae ad vitae ullam ea et dolores.',0,0,'1997-04-30 22:13:19','1977-09-26 02:33:03'),(63,63,63,'Reprehenderit ipsam quis voluptatem hic qui. Facilis autem aut in beatae libero quaerat. Et omnis quisquam rerum quis consequatur atque ea. Et voluptatem sint maxime vero iste magni at omnis.',1,1,'2008-09-12 22:49:59','2014-06-01 08:22:12'),(64,64,64,'Nostrum est culpa sequi at sapiente. Cum dolorum asperiores odit ipsum. Beatae perspiciatis distinctio odio est. Quae sint eligendi qui sequi modi et. Dicta autem minima quaerat alias ea dolores quasi.',0,0,'1980-01-06 13:47:46','1973-02-27 16:28:23'),(65,65,65,'Id corrupti omnis consequatur est repellendus facilis. Quis incidunt odit et rerum pariatur perferendis quasi. Accusamus tenetur velit deleniti ipsam quibusdam consectetur tempora. Totam esse magnam doloremque consequatur.',0,0,'2016-11-29 18:02:24','2001-05-18 22:49:32'),(66,66,66,'Illo est aperiam quidem deleniti illo tempore. Animi occaecati quis itaque eaque. Omnis autem voluptatibus cumque aliquid.',0,1,'1991-11-27 06:29:21','1975-02-04 14:26:06'),(67,67,67,'Maiores neque perspiciatis modi iusto omnis dolor blanditiis. Qui sapiente laboriosam ipsum aspernatur. Et officiis aut et assumenda eos nesciunt.',0,0,'2011-10-29 05:53:43','1987-10-10 15:33:09'),(68,68,68,'Quo nobis enim aut quo reiciendis neque aut sint. Optio ea et rerum occaecati. Facere nostrum reprehenderit aut minima omnis.',1,0,'1988-03-10 03:17:41','2006-06-05 22:31:19'),(69,69,69,'Velit iusto et rerum fugit magnam accusamus occaecati dolor. Est voluptatem molestiae veritatis sunt quis. Dicta eum id incidunt neque porro. Error praesentium repellendus id minima.',0,0,'2003-10-24 11:42:47','1986-04-24 14:37:40'),(70,70,70,'Consequuntur necessitatibus qui et tenetur alias similique nisi eum. Eveniet eligendi deleniti pariatur amet at. Voluptatem quam dolores cumque est est quam placeat. Delectus eveniet corrupti ipsum sunt vel.',0,0,'2011-07-05 09:50:09','2012-09-25 13:55:58'),(71,71,71,'Earum id et ipsam quis. Et qui odio quia. Porro magni et eius consectetur. Eaque repellat reprehenderit molestiae rerum odit ut ipsam.',1,0,'1978-04-27 17:57:11','1984-04-28 09:29:51'),(72,72,72,'Facere voluptatem asperiores qui natus. Sit occaecati repellendus quia nihil rem distinctio quia quibusdam.',1,1,'1992-05-04 03:50:17','1988-06-23 23:05:12'),(73,73,73,'Non rerum voluptatem nemo optio et. Iusto dolore accusamus numquam sed repudiandae reiciendis amet eos. Dolor illum molestiae et recusandae et qui ipsam. Hic alias culpa fuga non rerum dolor.',0,0,'1986-01-07 17:49:47','1973-09-10 01:44:21'),(74,74,74,'Est nostrum consequatur illo tempora accusamus. Consequatur adipisci perferendis assumenda numquam rerum maiores qui. Commodi libero molestiae ratione et quo.',0,1,'1981-04-05 11:18:07','2019-01-22 15:32:08'),(75,75,75,'Earum error cum rerum totam numquam sit et. Qui ipsum dicta quidem aut. Ducimus aut nostrum et et et nostrum quae. Unde ipsa explicabo et dolores itaque sapiente sapiente.',1,0,'1996-08-30 23:22:25','2020-08-08 18:32:31'),(76,76,76,'Aut explicabo ad alias iure libero velit quia. Dolor tempora laudantium nobis aspernatur. Dolores voluptates doloribus sint sapiente necessitatibus in nulla molestiae. Mollitia necessitatibus natus sit.',1,0,'2015-11-10 11:01:31','1981-12-04 19:16:52'),(77,77,77,'Maiores et numquam voluptatem aut. Nulla sit illum quis illum placeat. Dolor asperiores nihil quo amet animi occaecati. Ut rerum debitis earum nihil magnam.',0,0,'2018-11-12 05:36:53','2001-12-27 23:14:10'),(78,78,78,'Quia ratione sit amet voluptas est eum quibusdam. Et qui quo ratione omnis saepe deleniti voluptas magni. Tempora laboriosam molestiae tempora culpa.',0,0,'2007-03-07 12:26:58','2003-03-23 21:15:54'),(79,79,79,'Quos sint dolorem perspiciatis eveniet blanditiis praesentium. Natus rerum eligendi vero velit possimus iste. Ut totam aut aut debitis. Enim cum ullam non voluptatibus et autem qui. Veniam velit accusantium aperiam eum et.',1,1,'1977-03-29 21:32:04','2018-09-11 00:33:37'),(80,80,80,'Rerum optio quaerat aliquid incidunt. Illum eos voluptatem quam aliquid. Repellendus voluptatem quam dolorem at eligendi facilis quaerat. Hic omnis nam dolor quisquam ducimus.',0,0,'1973-06-20 19:20:36','2003-07-08 02:29:20'),(81,81,81,'Sunt quis qui provident occaecati qui ullam eos. Itaque dolor quibusdam amet dolor rem adipisci. Dolor quibusdam officiis beatae minima. Quo eum soluta accusamus ut quia voluptatem.',1,0,'1998-10-20 06:36:25','2015-08-28 14:14:42'),(82,82,82,'Voluptatem occaecati temporibus dicta repellat atque officiis. Dolorem nulla fugiat dignissimos mollitia et.',1,1,'2017-04-24 10:49:53','2000-10-28 16:27:32'),(83,83,83,'Quidem quia porro et illum officiis quis dolorum in. Accusamus et ex eaque sint id non. Unde eligendi non saepe nemo quibusdam. Aut quae illo adipisci.',0,1,'1972-01-08 21:42:34','2000-11-29 03:59:27'),(84,84,84,'Eum molestiae quisquam beatae. Assumenda quisquam similique rem atque. Nostrum fugit explicabo quas aut voluptatem aliquam.',0,0,'2010-09-11 21:57:58','1987-07-17 04:04:45'),(85,85,85,'Neque corrupti numquam vitae sequi aut accusantium dicta. Sint consectetur doloremque expedita autem quo id. Qui inventore quibusdam vel ipsam error est.',0,1,'2021-02-18 04:01:55','2017-12-18 01:04:33'),(86,86,86,'Possimus modi quaerat illum quia rerum perspiciatis perferendis facere. Debitis impedit ut ut qui repudiandae. Inventore blanditiis et necessitatibus.',0,1,'1974-06-30 04:04:22','1974-05-26 00:49:15'),(87,87,87,'Labore rerum beatae fugit eius. Quos laboriosam aut neque maiores totam blanditiis eos quia. Occaecati voluptate non sunt. Itaque doloribus officiis nihil.',1,1,'1992-10-14 15:41:13','1983-08-19 10:19:04'),(88,88,88,'In facilis autem nemo ullam nostrum molestiae dolorem. Praesentium dolores dignissimos et magni aut et quia. Distinctio ut dolore assumenda esse.',0,0,'1977-11-10 11:12:14','1987-10-10 23:17:24'),(89,89,89,'Sed quo suscipit beatae. Qui sed a maxime recusandae ea ut eius esse. Minus voluptas magnam commodi iusto sed commodi ullam molestiae. Occaecati et modi necessitatibus cupiditate aut.',1,1,'2006-08-18 04:29:59','1993-07-13 04:47:47'),(90,90,90,'Quia consequatur vel iure at. Quia dolores tempora vero provident necessitatibus quam neque blanditiis. Voluptate nisi debitis non est optio earum eveniet. Rerum quis nostrum ipsum quis quos numquam.',0,0,'2018-10-24 22:57:24','2017-07-27 19:30:52'),(91,91,91,'Quod velit molestiae veniam. Unde quaerat accusantium non ut occaecati ea. Sit ut et et ducimus. Dolorem quo eum rem possimus porro nostrum. Et dolorem suscipit consectetur est repudiandae rem.',1,0,'2020-12-18 06:09:06','2018-01-12 09:29:19'),(92,92,92,'Omnis voluptate nam culpa dicta voluptatum. Nisi nam ducimus maxime nostrum.',0,1,'2020-03-01 10:42:53','1982-04-09 06:22:06'),(93,93,93,'Deserunt autem et amet magni aperiam nostrum voluptate. Debitis reprehenderit facere commodi quisquam provident tenetur. Est ut veritatis dolores porro excepturi animi iusto perferendis. Doloribus libero aperiam rerum vel excepturi eveniet.',1,0,'2007-08-01 05:20:42','2018-10-06 04:08:28'),(94,94,94,'Voluptatum non quae labore nisi dolorem sapiente. Quidem quia asperiores a quia dolorum. Sunt doloremque quos amet sed quia ullam. Minima necessitatibus minima nesciunt dolorum nemo voluptatum.',0,1,'2009-06-15 05:35:56','1989-04-24 07:23:16'),(95,95,95,'Culpa a quia quae nisi ullam non. In iste minima qui dicta voluptatum repudiandae iste. Id occaecati doloribus nemo itaque. Voluptatem adipisci quae occaecati aut quisquam perspiciatis est.',1,0,'2016-10-06 21:36:05','2020-03-29 23:43:46'),(96,96,96,'Dolorem quas rerum recusandae debitis dignissimos dolores reprehenderit repellendus. Reiciendis suscipit omnis enim ut. Aut ut nam nulla veritatis vel libero.',1,0,'2020-06-06 18:20:21','2015-08-11 12:22:20'),(97,97,97,'Amet est qui sed eveniet aliquam officiis est. Quia repudiandae porro veniam eligendi consequatur. Aspernatur temporibus corporis minima quas sint autem fugit error. Quisquam numquam enim necessitatibus officia quisquam.',1,1,'1972-10-10 03:14:09','2010-04-02 13:21:50'),(98,98,98,'Explicabo iure incidunt debitis non sequi debitis. Quis eum omnis quos totam omnis.',1,1,'1985-08-05 01:55:47','1986-09-10 13:27:00'),(99,99,99,'A minima unde soluta et. Harum aut possimus sint non. Velit eum voluptatem quo laboriosam ea nam sunt.',0,1,'1984-09-23 05:25:54','1984-09-27 18:49:28'),(100,100,100,'Sapiente non itaque vero nam. Deserunt sed ut aut sunt reprehenderit et. Velit eum adipisci neque voluptates officiis sed qui repudiandae. Pariatur ipsa et sit asperiores eum.',1,0,'1983-11-20 02:10:53','1994-08-08 15:06:13');
/*!40000 ALTER TABLE `messages` ENABLE KEYS */;
UNLOCK TABLES;

--
-- Table structure for table `post_likes`
--

DROP TABLE IF EXISTS `post_likes`;
/*!40101 SET @saved_cs_client     = @@character_set_client */;
/*!40101 SET character_set_client = utf8 */;
CREATE TABLE `post_likes` (
  `id` int(10) unsigned NOT NULL AUTO_INCREMENT COMMENT 'Идентификатор строки',
  `liker_id` int(10) unsigned NOT NULL COMMENT 'Кто поставил лайк',
  `what_was_liked` int(10) unsigned NOT NULL COMMENT 'Чему поставили лайк',
  `owner_id` int(10) unsigned NOT NULL COMMENT 'Автор поста',
  `created_at` datetime DEFAULT current_timestamp() COMMENT 'Время создания строки',
  `updated_at` datetime DEFAULT current_timestamp() ON UPDATE current_timestamp() COMMENT 'Время обновления строки',
  PRIMARY KEY (`id`),
  KEY `liker_id` (`liker_id`),
  KEY `owner_id` (`owner_id`),
  KEY `what_was_liked` (`what_was_liked`),
  CONSTRAINT `post_likes_ibfk_1` FOREIGN KEY (`liker_id`) REFERENCES `users` (`id`),
  CONSTRAINT `post_likes_ibfk_2` FOREIGN KEY (`owner_id`) REFERENCES `users` (`id`),
  CONSTRAINT `post_likes_ibfk_3` FOREIGN KEY (`what_was_liked`) REFERENCES `posts` (`id`)
) ENGINE=InnoDB AUTO_INCREMENT=101 DEFAULT CHARSET=utf8mb4 COLLATE=utf8mb4_unicode_ci COMMENT='Лайки к постам';
/*!40101 SET character_set_client = @saved_cs_client */;

--
-- Dumping data for table `post_likes`
--

LOCK TABLES `post_likes` WRITE;
/*!40000 ALTER TABLE `post_likes` DISABLE KEYS */;
INSERT INTO `post_likes` VALUES (1,1,1,1,'1978-10-19 23:27:25','1982-02-02 13:17:07'),(2,2,2,2,'2021-05-09 19:30:26','2020-06-13 11:49:10'),(3,3,3,3,'1978-10-10 05:39:31','2002-11-02 21:04:40'),(4,4,4,4,'2019-10-11 23:49:00','2002-12-23 22:30:41'),(5,5,5,5,'1986-05-30 05:34:55','2020-07-02 07:17:22'),(6,6,6,6,'2014-06-23 05:25:18','2016-12-12 12:45:39'),(7,7,7,7,'2011-05-05 10:59:32','2020-01-02 05:53:37'),(8,8,8,8,'2014-02-02 04:18:42','2008-07-29 09:32:50'),(9,9,9,9,'2011-09-22 20:39:39','1989-09-30 12:49:38'),(10,10,10,10,'2018-12-01 20:15:34','1991-06-17 18:04:15'),(11,11,11,11,'2019-10-14 07:07:08','2005-11-10 11:47:03'),(12,12,12,12,'2003-04-17 01:28:43','1987-08-25 02:44:58'),(13,13,13,13,'2019-05-18 20:49:51','2018-11-08 02:43:48'),(14,14,14,14,'1993-10-17 05:45:29','1978-04-16 05:21:53'),(15,15,15,15,'1970-03-06 21:54:15','1988-04-12 00:38:57'),(16,16,16,16,'2017-12-27 12:28:39','1992-06-26 01:34:59'),(17,17,17,17,'1984-09-09 13:41:05','2000-01-09 17:25:04'),(18,18,18,18,'1983-02-19 19:17:09','2013-06-01 01:40:40'),(19,19,19,19,'2002-07-22 22:55:11','1980-03-20 11:06:37'),(20,20,20,20,'1971-12-09 03:47:29','1993-08-15 04:32:51'),(21,21,21,21,'1990-04-10 22:26:09','2015-09-21 10:59:45'),(22,22,22,22,'1998-01-11 14:23:24','1988-09-02 17:22:55'),(23,23,23,23,'2011-01-18 04:58:48','2017-08-09 00:55:11'),(24,24,24,24,'1978-07-01 19:18:03','1995-12-03 21:46:11'),(25,25,25,25,'2010-10-21 23:42:38','2007-01-17 09:14:06'),(26,26,26,26,'1978-07-21 19:49:39','2019-12-08 08:08:04'),(27,27,27,27,'2019-05-08 17:40:38','1980-12-20 04:42:18'),(28,28,28,28,'2005-08-04 12:44:06','1999-02-23 18:23:58'),(29,29,29,29,'1998-06-22 14:44:19','2018-02-21 01:28:40'),(30,30,30,30,'1978-10-09 20:40:14','1982-07-16 04:03:13'),(31,31,31,31,'2016-04-24 00:11:58','1973-02-26 11:08:44'),(32,32,32,32,'2002-04-01 09:13:15','1995-10-27 18:30:18'),(33,33,33,33,'2005-04-17 02:50:01','2019-11-25 02:14:31'),(34,34,34,34,'2016-09-21 10:18:49','2020-05-30 14:18:21'),(35,35,35,35,'2000-08-20 04:05:10','2002-12-12 14:48:34'),(36,36,36,36,'1973-09-21 04:56:05','1973-03-22 16:30:15'),(37,37,37,37,'1970-12-01 22:58:30','2020-01-09 10:33:15'),(38,38,38,38,'1992-04-25 08:07:25','2009-07-31 13:14:02'),(39,39,39,39,'1980-07-20 16:56:22','1981-02-06 13:09:19'),(40,40,40,40,'1986-12-25 03:14:11','1987-01-04 06:50:03'),(41,41,41,41,'2006-10-24 23:54:35','1972-05-23 18:50:37'),(42,42,42,42,'1997-11-05 01:20:21','2011-03-03 01:52:15'),(43,43,43,43,'2013-03-15 02:33:22','1996-06-18 17:23:49'),(44,44,44,44,'1977-06-02 14:58:09','2018-03-01 10:35:55'),(45,45,45,45,'2006-10-29 05:46:19','1974-02-09 18:55:49'),(46,46,46,46,'1993-04-17 20:17:22','2011-03-10 13:01:10'),(47,47,47,47,'1996-06-28 06:49:30','2014-10-22 10:51:21'),(48,48,48,48,'1987-06-20 02:27:19','1996-12-06 09:29:18'),(49,49,49,49,'1977-01-03 03:39:27','1989-12-12 19:39:20'),(50,50,50,50,'2016-08-18 10:50:57','2005-03-01 00:20:44'),(51,51,51,51,'1991-11-06 18:22:42','1983-09-03 15:47:28'),(52,52,52,52,'1977-09-29 01:20:09','1997-06-21 21:51:10'),(53,53,53,53,'1990-03-06 22:23:19','1993-04-28 18:59:52'),(54,54,54,54,'1980-09-13 14:27:20','1975-06-14 10:26:27'),(55,55,55,55,'2019-11-09 09:36:30','1973-01-06 15:01:31'),(56,56,56,56,'1974-07-15 23:15:00','1986-06-09 06:08:55'),(57,57,57,57,'2002-08-19 12:55:23','1975-09-18 03:37:27'),(58,58,58,58,'2004-02-16 15:27:46','1976-04-25 12:03:04'),(59,59,59,59,'1999-04-28 12:07:31','1990-07-06 18:22:11'),(60,60,60,60,'1994-03-19 06:27:11','2007-09-23 11:33:08'),(61,61,61,61,'2000-02-17 19:18:12','1978-07-23 15:54:51'),(62,62,62,62,'1985-01-29 08:48:43','2007-12-02 15:52:58'),(63,63,63,63,'1995-10-24 14:16:12','2018-01-09 02:16:26'),(64,64,64,64,'1998-08-05 10:02:20','1989-02-28 13:40:06'),(65,65,65,65,'1983-06-04 12:00:09','1992-01-17 19:40:28'),(66,66,66,66,'2005-11-13 09:57:53','1975-06-07 14:50:51'),(67,67,67,67,'2007-09-26 03:36:22','1991-08-21 17:47:48'),(68,68,68,68,'2009-12-22 14:50:44','2015-09-26 15:24:36'),(69,69,69,69,'1990-04-29 03:21:57','1994-12-23 09:54:30'),(70,70,70,70,'1986-10-22 11:51:43','2018-02-06 20:50:50'),(71,71,71,71,'1976-02-06 10:09:18','1970-10-07 22:30:02'),(72,72,72,72,'1997-01-20 22:20:55','2016-11-02 22:08:06'),(73,73,73,73,'2018-10-22 15:24:22','2012-09-28 17:21:50'),(74,74,74,74,'1997-04-22 01:20:02','1982-08-24 13:41:44'),(75,75,75,75,'1991-03-21 09:31:53','1989-12-13 00:04:56'),(76,76,76,76,'2021-01-05 11:18:21','2020-12-19 03:18:40'),(77,77,77,77,'1977-06-13 22:32:04','1999-12-17 16:21:53'),(78,78,78,78,'2012-08-28 00:03:46','2003-06-28 10:31:05'),(79,79,79,79,'2020-04-09 17:19:47','1999-08-15 10:27:48'),(80,80,80,80,'2019-03-05 22:58:58','1985-01-21 19:12:24'),(81,81,81,81,'1982-09-10 07:28:06','2016-03-13 03:30:25'),(82,82,82,82,'2008-02-01 07:45:09','1981-09-07 11:14:28'),(83,83,83,83,'2003-08-23 13:04:20','2000-11-18 13:37:13'),(84,84,84,84,'1978-06-23 17:46:01','1989-12-26 08:47:58'),(85,85,85,85,'2018-10-06 13:40:17','1990-12-17 02:16:22'),(86,86,86,86,'1996-05-20 21:52:17','1991-05-22 21:42:38'),(87,87,87,87,'1995-04-05 21:40:59','2006-01-18 12:27:59'),(88,88,88,88,'1992-11-09 15:29:42','1987-08-24 22:07:59'),(89,89,89,89,'2016-08-18 13:28:55','2018-03-16 14:13:52'),(90,90,90,90,'1977-06-11 01:59:03','1979-11-03 13:30:15'),(91,91,91,91,'2019-04-15 10:02:08','2018-10-01 07:59:47'),(92,92,92,92,'2000-02-20 10:19:01','2015-11-28 17:26:54'),(93,93,93,93,'1989-05-26 09:54:10','2021-03-23 10:52:29'),(94,94,94,94,'1976-06-27 18:25:31','1974-11-18 02:34:21'),(95,95,95,95,'2019-11-13 16:45:40','2016-09-19 23:25:57'),(96,96,96,96,'2001-12-28 17:29:31','1975-08-13 09:51:17'),(97,97,97,97,'1972-12-18 18:42:59','2014-09-06 01:12:42'),(98,98,98,98,'1994-09-16 18:39:32','2004-02-04 02:12:19'),(99,99,99,99,'1987-10-24 05:30:08','2005-05-28 09:20:37'),(100,100,100,100,'2020-02-09 11:57:06','1997-12-10 18:12:54');
/*!40000 ALTER TABLE `post_likes` ENABLE KEYS */;
UNLOCK TABLES;

--
-- Table structure for table `posts`
--

DROP TABLE IF EXISTS `posts`;
/*!40101 SET @saved_cs_client     = @@character_set_client */;
/*!40101 SET character_set_client = utf8 */;
CREATE TABLE `posts` (
  `id` int(10) unsigned NOT NULL AUTO_INCREMENT COMMENT 'Идентификатор строки',
  `body` text COLLATE utf8mb4_unicode_ci NOT NULL COMMENT 'Текст поста',
  `attachment_id` int(10) unsigned DEFAULT NULL COMMENT 'Ссылка на медиафайл, прикрепленный к посту (если есть)',
  `user_id` int(10) unsigned NOT NULL COMMENT 'Ссылка на пользователя, который сделал пост',
  `created_at` datetime DEFAULT current_timestamp() COMMENT 'Время создания строки',
  `updated_at` datetime DEFAULT current_timestamp() ON UPDATE current_timestamp() COMMENT 'Время обновления строки',
  PRIMARY KEY (`id`),
  KEY `user_id` (`user_id`),
  KEY `attachment_id` (`attachment_id`),
  CONSTRAINT `posts_ibfk_1` FOREIGN KEY (`user_id`) REFERENCES `users` (`id`),
  CONSTRAINT `posts_ibfk_2` FOREIGN KEY (`attachment_id`) REFERENCES `media` (`id`)
) ENGINE=InnoDB AUTO_INCREMENT=101 DEFAULT CHARSET=utf8mb4 COLLATE=utf8mb4_unicode_ci;
/*!40101 SET character_set_client = @saved_cs_client */;

--
-- Dumping data for table `posts`
--

LOCK TABLES `posts` WRITE;
/*!40000 ALTER TABLE `posts` DISABLE KEYS */;
INSERT INTO `posts` VALUES (1,'Aut sit necessitatibus aut qui. Enim nihil officiis rerum inventore recusandae aperiam fuga quas.',1,1,'1999-03-11 04:22:43','1994-09-21 06:07:15'),(2,'Rerum in fuga illum molestiae pariatur eveniet. Animi aut dolorum animi similique ut nulla alias nisi.',2,2,'1998-03-01 20:04:50','2015-03-22 20:00:13'),(3,'Odit suscipit atque dolorem sunt sequi. Ipsum commodi ratione explicabo doloribus ducimus explicabo. Sint ut eos voluptatem et cum eveniet libero.',3,3,'1996-10-19 12:56:51','1975-12-03 23:32:06'),(4,'Praesentium ex ipsam corrupti modi aliquid occaecati. Rerum et quo dolorem magni facilis consequuntur. Est aut quae sint rem est est. Hic aliquam quibusdam totam cum quia reprehenderit.',4,4,'2008-02-19 18:15:41','1992-08-07 04:51:28'),(5,'Fuga neque qui placeat assumenda voluptas sunt id. Tenetur molestias voluptatibus rem vero est quas alias. Quisquam nemo debitis ex voluptas optio similique.',5,5,'1980-05-28 09:36:47','1999-11-23 03:28:27'),(6,'Voluptatum perferendis autem amet nihil laborum nisi est illo. Et sed maxime sit voluptatem animi velit a cum. Debitis neque non non molestiae illum quo. Similique explicabo aperiam eos consequatur voluptate cum.',6,6,'1983-07-14 09:00:43','2021-01-05 14:07:50'),(7,'Et quia nulla sed vero dolor. Officia omnis mollitia error dignissimos reiciendis tenetur.',7,7,'1998-12-02 20:16:43','1986-05-23 22:34:11'),(8,'Unde quo est iure ut ratione ut qui molestiae. Cupiditate eum eum soluta est ut suscipit rerum et. Soluta quia vel quia doloribus. Et quibusdam qui aut sint. Ut error mollitia quia aliquid quasi voluptas sunt.',8,8,'2008-12-08 06:55:22','1990-05-13 20:04:44'),(9,'Voluptas sed in eius qui. Cumque qui temporibus dignissimos totam earum dicta et. Incidunt delectus doloribus consequatur architecto.',9,9,'1978-03-05 17:29:00','1989-11-05 06:09:22'),(10,'Sint reprehenderit doloribus aliquam qui. Qui voluptas quia commodi veritatis corrupti deserunt vero. Eos nesciunt animi qui impedit dolorum laboriosam.',10,10,'1976-02-23 21:32:59','1998-07-30 03:45:06'),(11,'Fugiat voluptas beatae temporibus dolor. Error modi omnis perferendis at est corporis vel. In non voluptatem voluptatum vitae. Architecto aut placeat quidem voluptatibus molestiae in autem accusantium. Est quam nesciunt fuga aut nobis itaque rerum quia.',11,11,'1998-12-03 13:07:48','2001-05-04 11:21:37'),(12,'Asperiores qui repellat omnis dolor quia et quasi. Molestiae et et sint velit. Quod laudantium a sunt quidem tempore.',12,12,'2017-10-12 13:57:45','1979-06-18 04:36:54'),(13,'Fuga minus velit ipsa corrupti velit. Tempora laboriosam unde vero vel tempore ut. Eius non odio saepe iste harum aperiam sed magnam.',13,13,'1979-09-12 22:04:06','1972-09-06 04:20:29'),(14,'Eum eveniet atque quo accusamus. Omnis aperiam voluptate in. Sed corrupti est ullam assumenda non.',14,14,'2012-01-27 04:28:44','2008-07-13 11:29:21'),(15,'Eos assumenda quo hic doloribus harum quia saepe quo. Temporibus et voluptatum aliquam.',15,15,'2000-10-24 04:57:24','1992-01-28 22:48:28'),(16,'Vero debitis distinctio qui blanditiis provident sunt ab. Ut esse reprehenderit dignissimos aliquam nobis iure quia. Ad aut iste enim molestias praesentium sint.',16,16,'1975-11-03 03:01:19','2007-07-08 16:13:29'),(17,'Ut id atque doloribus. Eveniet reprehenderit quia animi explicabo. Recusandae rerum ut assumenda possimus adipisci cumque et.',17,17,'2010-02-18 14:34:41','1985-04-20 21:32:23'),(18,'Voluptatem rem nostrum expedita ea itaque tempore. Aut non quibusdam non sit sint ipsam vel unde. Nihil consequatur asperiores sint nemo.',18,18,'1972-12-08 18:42:52','1972-02-11 20:37:20'),(19,'Voluptatibus sint quia cupiditate et voluptatum. Aut debitis quia tempore quasi nemo. Earum voluptatibus sed quia harum repellat voluptas aut. Ex vel enim quos sequi ullam iure.',19,19,'1998-01-26 11:06:25','2020-11-14 20:47:26'),(20,'Quo occaecati et quia libero at aut. Fuga soluta asperiores est ad minima eaque. Veniam distinctio quas facilis rerum nesciunt dolores suscipit unde.',20,20,'1983-12-08 10:16:29','2012-05-10 17:03:48'),(21,'Fuga eos quis ea et assumenda quibusdam accusamus. Aut nemo quae sed dolores est sit placeat.',21,21,'1991-01-20 23:07:20','1992-10-15 18:58:52'),(22,'Alias praesentium minima quia porro accusantium amet. Asperiores ipsa voluptas impedit porro eos mollitia rerum. Similique sit inventore eius iusto molestiae labore. Non assumenda at molestias in ex minima.',22,22,'1990-09-15 12:49:01','1993-10-16 18:30:15'),(23,'Ut voluptatem ratione et occaecati. Non eos illum molestiae. Veniam quos voluptate sint ab. Perspiciatis velit aut nostrum blanditiis dolores nostrum sit.',23,23,'1977-05-02 20:37:18','2006-06-02 21:11:30'),(24,'Eveniet aspernatur at non quis. Quis consequatur perspiciatis perferendis. Ut voluptas expedita molestias delectus quis cupiditate. Velit in placeat recusandae perspiciatis et. Consequuntur eum pariatur quasi est molestiae ipsam voluptates.',24,24,'1997-09-24 08:07:16','2018-05-11 16:45:26'),(25,'Hic voluptatem commodi dolores tenetur. Rerum id veritatis iure qui provident a est. Et ipsam natus aut numquam dolores optio quia. Non sequi accusamus non numquam.',25,25,'1984-12-08 00:32:50','2000-06-30 23:35:49'),(26,'Dolores magni molestiae dolore quasi. Qui laboriosam doloremque autem ratione qui sit. Nemo cumque nam minima dolor corporis quibusdam. Totam atque voluptatem deleniti et autem neque deleniti.',26,26,'2012-01-08 19:40:21','2013-03-29 00:17:51'),(27,'Sit animi alias alias sed quae eos soluta. Soluta ex ut sequi est error doloribus dolorem id. Ab quam qui temporibus aut temporibus repudiandae sed.',27,27,'2008-09-15 02:54:40','1993-06-30 10:44:24'),(28,'Itaque doloribus consectetur eius itaque aut. Ullam ut veniam est officiis non eligendi.',28,28,'1977-10-29 05:02:20','1975-11-28 23:22:35'),(29,'Officia debitis quaerat blanditiis eos quos voluptatem. Dolor autem soluta in natus occaecati quam.',29,29,'2012-12-06 12:28:37','2016-02-04 11:07:55'),(30,'Consectetur maxime assumenda et autem. Incidunt consequatur unde aperiam aut eaque a modi occaecati. Atque natus eius est.',30,30,'2010-05-13 09:52:49','2020-04-06 03:19:56'),(31,'Est aliquid aut omnis iure et eius impedit. Distinctio quia earum distinctio magni alias accusamus suscipit. Rerum incidunt iure sint cum pariatur et aut.',31,31,'2002-06-01 23:29:38','1994-08-12 23:43:15'),(32,'Itaque ut est ut a eveniet rerum vitae harum. Et quaerat rerum recusandae quo. Eius optio ut eveniet assumenda id sapiente. Et itaque soluta sequi cum et qui. Non voluptatem mollitia sint voluptas ullam enim vitae voluptatem.',32,32,'1974-07-14 16:32:40','1995-06-25 13:50:43'),(33,'Voluptatem fuga ipsa odit cupiditate voluptatem cum provident. Ab amet fuga similique et et atque fugiat. Ea exercitationem fuga voluptatibus autem est. Est mollitia doloremque dolor repellendus.',33,33,'2020-03-22 03:16:25','1983-11-26 01:40:31'),(34,'Officiis voluptate cupiditate illo non. Dolores illo corporis error occaecati perferendis aut assumenda. Velit et ullam quidem voluptatem libero tempore qui. Voluptatem fugiat accusantium et in est velit maiores.',34,34,'1996-04-13 17:39:41','1974-09-03 14:22:18'),(35,'Id assumenda est et amet tenetur ea. Aut nisi aut vero in. Quasi delectus molestiae sunt nemo. Qui qui eum est dolor omnis ut fuga.',35,35,'2012-09-22 01:18:33','1981-02-10 20:08:52'),(36,'Facere deleniti quo et repellendus. Consequatur sunt sunt ut assumenda. Magnam cum minus sed beatae.',36,36,'1996-03-23 03:27:23','2006-08-01 19:16:10'),(37,'Repellendus veritatis temporibus quo officia iste mollitia sint. Assumenda nobis aut et accusantium ut. Non recusandae neque consequatur harum temporibus sequi. Totam temporibus quos aut rerum dignissimos.',37,37,'1978-12-11 09:49:27','2014-01-27 02:35:55'),(38,'Delectus eum ullam ut omnis impedit. Ut quia earum ut dicta animi unde. Maxime sit quia quia sit sit. Unde soluta cumque autem impedit nihil.',38,38,'1983-05-22 01:20:03','1977-02-15 18:05:15'),(39,'Sit aut enim deserunt incidunt nesciunt est iusto. Aut dicta quo necessitatibus voluptatibus. Consequatur reiciendis totam et enim consectetur sit. Ut ipsa necessitatibus consectetur repudiandae pariatur ipsam deleniti.',39,39,'1974-05-12 20:58:13','2005-10-23 18:09:49'),(40,'Ea modi quia magni repellendus qui. Ut quas consequuntur maxime sed corrupti adipisci. Culpa dolorem quisquam accusantium eligendi et rerum.',40,40,'1993-12-21 09:05:34','1985-12-31 17:43:10'),(41,'Qui reprehenderit autem maxime accusamus eum amet. Magnam aut quis est reprehenderit. Quam est quas rerum qui dolore. Dolores numquam quam modi voluptas et iusto.',41,41,'1989-05-08 21:15:03','2012-05-19 23:15:32'),(42,'Error hic quis voluptatem iste. Eligendi cupiditate et dolorem excepturi. Enim qui ea dolore voluptates ducimus est. Quis qui labore ipsam delectus necessitatibus sunt.',42,42,'1975-04-13 08:34:16','1985-06-09 04:23:54'),(43,'Quos possimus unde adipisci at rem laudantium quidem. Corrupti sequi et excepturi.',43,43,'1974-03-28 21:34:41','1989-01-07 14:34:54'),(44,'Nihil eveniet aut expedita qui quas. Harum quia quod quas libero quis voluptatem. Et ut id corrupti impedit aliquid vel vel. Excepturi aliquam blanditiis omnis quis rerum.',44,44,'1976-06-05 07:01:43','2012-01-22 16:06:11'),(45,'At quibusdam expedita ut perspiciatis sed autem architecto et. Vero sunt libero velit quod odit. Modi ut distinctio saepe consequuntur. Sed animi tempora cumque quod error et doloribus.',45,45,'2002-08-12 02:33:21','2002-03-18 05:43:45'),(46,'Velit voluptatum sed unde dolor quae dolorem deserunt. Ea blanditiis enim assumenda ut adipisci aspernatur cumque corporis. Alias soluta qui delectus rem est itaque. Doloremque amet et voluptatem adipisci ipsum totam.',46,46,'1972-04-24 10:40:36','2018-10-02 07:38:01'),(47,'Optio praesentium ex vel quibusdam vitae tempora ut. Eum quis aut minus rem consequuntur et reiciendis. Eum et placeat blanditiis doloremque.',47,47,'1985-09-21 18:33:42','2009-02-27 13:25:15'),(48,'Qui molestiae et totam harum earum. Et voluptas et omnis illum distinctio pariatur.',48,48,'1971-05-30 10:07:09','1970-10-31 03:10:45'),(49,'Et corporis est reprehenderit ipsa. Laudantium voluptatem quaerat non recusandae vel repudiandae veniam. Molestiae laborum non odio nostrum dolor voluptatem aut. Enim eum numquam voluptas ipsum magnam impedit necessitatibus.',49,49,'1973-07-15 08:03:36','1981-02-06 23:20:19'),(50,'Atque ut quia laudantium expedita consequatur fuga alias. Quas ea alias similique tempora voluptatibus odio. Quia enim dicta at omnis eum.',50,50,'1973-06-25 02:52:57','1981-12-30 04:02:44'),(51,'Facilis omnis ratione itaque officia asperiores aut. Aliquam modi consequatur provident sint saepe ut quis. Pariatur dolorem veritatis aut ut esse et illum.',51,51,'1980-09-01 07:08:22','1986-09-30 19:24:29'),(52,'In sit vero et ut deserunt. Ea aut ipsam sunt aut. Voluptatem neque mollitia provident enim quo voluptas.',52,52,'2011-11-19 22:31:03','1982-02-17 12:52:46'),(53,'Deleniti tenetur accusamus quia dolore qui sunt non quasi. Voluptas nihil ex a. Omnis eveniet eum qui sapiente repellendus. Accusantium nostrum voluptatibus corporis eos iure.',53,53,'1974-08-05 04:13:18','2016-11-04 13:21:14'),(54,'Quam sed veritatis et ut. Cupiditate blanditiis sit laboriosam est laudantium quas. Veniam explicabo tenetur magnam aspernatur. Enim repellat quidem occaecati deleniti.',54,54,'1977-03-08 14:07:53','1972-03-28 19:07:40'),(55,'Unde numquam corporis quaerat. Nihil quisquam rem ipsum ad illo omnis consectetur. Ducimus quibusdam magni culpa dignissimos non at ut. Voluptatem ullam autem adipisci quod.',55,55,'1982-05-07 09:54:10','1971-04-18 14:59:50'),(56,'Fuga consequatur voluptas consequatur voluptate nemo voluptatem. Eum sed delectus non ullam. Minima est aut quibusdam praesentium.',56,56,'2019-01-27 21:32:31','1995-08-14 08:28:07'),(57,'Nesciunt nesciunt doloribus culpa est eos qui impedit quia. Ab dolor molestias in. Aspernatur velit repellat suscipit omnis ducimus. Blanditiis nam hic quisquam et quo cumque.',57,57,'1992-03-12 10:46:43','2000-11-18 07:16:09'),(58,'Iste repellat illo eos quis ipsam vel. Qui qui et qui et quae aut. Nobis minus explicabo fugit unde. Ad enim sit incidunt eligendi enim aut assumenda. Perferendis non quidem et sint reprehenderit facere ad.',58,58,'1976-07-30 04:29:11','1975-11-02 15:57:11'),(59,'Minima in sit voluptates excepturi quos. Nulla veritatis reprehenderit explicabo. Libero odio aliquid veritatis qui.',59,59,'1979-09-27 03:23:40','1981-10-13 02:43:32'),(60,'Quam rerum nihil porro consectetur voluptas. Odit eum magnam sit quod. Nisi accusamus enim vel sunt pariatur voluptatem. Eaque asperiores consequatur at accusamus ab.',60,60,'1985-01-27 21:57:46','1986-07-26 23:03:00'),(61,'Aperiam sint aperiam sequi blanditiis et praesentium. Tempore ut non error eos repudiandae et. Repellat qui iusto reiciendis qui neque in. Temporibus ratione cupiditate tenetur qui et sequi. Nihil nobis quod delectus quam voluptatibus et.',61,61,'1994-02-11 20:19:05','1999-04-25 12:01:32'),(62,'Itaque eos quae culpa facilis. Dolor nihil eius vitae sapiente ut. Illum quas aut ratione ea et veniam neque quos.',62,62,'1983-03-24 15:39:41','2020-08-28 01:47:54'),(63,'Deserunt provident necessitatibus et architecto voluptatem. Laborum aut eos autem maxime. Et eos quos beatae ex aliquid delectus sequi. Quia voluptatem ut explicabo magni sit.',63,63,'2020-08-09 05:17:51','1976-01-09 17:47:27'),(64,'Autem et aut distinctio nam. Voluptatibus quos vel sit qui tempore consequatur ea. Quo fuga autem numquam hic. Aut similique hic quo reiciendis tempore et aperiam ab.',64,64,'2015-01-23 19:13:57','2017-03-22 07:24:00'),(65,'Doloribus consectetur cupiditate magnam consequuntur. Veniam commodi reiciendis odio aut libero. Iste provident consequatur voluptas nihil aliquid sed enim.',65,65,'1992-06-09 13:04:40','1993-07-02 04:57:16'),(66,'Aut ut dolore tenetur voluptatem minus harum. Voluptatem beatae magni cumque consequatur reiciendis. Dolores provident explicabo facere porro id error. Molestias qui illo ad velit fugit qui. Dolores omnis maxime aut.',66,66,'1991-06-18 23:48:35','2016-09-24 01:11:21'),(67,'Impedit ullam hic optio dolor soluta suscipit maxime. Velit ut et impedit quae dolorum dicta. Accusamus nihil rem ipsam tempora repudiandae atque sed.',67,67,'1971-11-16 13:11:44','1991-10-12 01:04:45'),(68,'Accusamus sint reiciendis vel quod consequatur. Quae qui ipsam possimus.',68,68,'1980-01-02 04:52:44','2012-12-01 11:39:23'),(69,'Est aliquam aut officiis minus eos. Ipsa cupiditate id earum dolorum numquam veniam. Consequuntur consequuntur in incidunt mollitia quis adipisci.',69,69,'1990-04-28 03:36:44','2000-05-10 22:16:19'),(70,'Facilis beatae et molestias consequatur. Omnis aut tempora facilis et rerum et. Doloribus perferendis consectetur autem. Natus placeat quisquam natus placeat.',70,70,'2016-09-20 22:31:33','2006-05-13 12:59:50'),(71,'Inventore suscipit enim molestias eum. Ex accusamus qui fugit quia deleniti est autem. Nisi perferendis non ut illum quis omnis qui.',71,71,'1973-10-29 04:31:23','1982-07-16 03:24:56'),(72,'Dolorem voluptates nihil ratione modi voluptates aut. Nobis labore saepe ipsum. Qui quisquam culpa ea necessitatibus placeat.',72,72,'2003-12-20 02:44:17','2003-03-16 12:17:33'),(73,'Perspiciatis provident fugiat fugit molestias vero cum. Quo qui hic consequatur debitis veniam ducimus quisquam.',73,73,'1989-03-24 22:31:51','2017-09-27 00:06:12'),(74,'Nulla rem iste atque beatae. Excepturi necessitatibus ut maiores sit et quibusdam itaque. Error sint ipsum natus corporis rerum hic. Quae quas provident voluptas fuga qui aliquam.',74,74,'1977-06-11 00:40:07','2010-03-26 15:23:54'),(75,'Iusto eligendi reprehenderit itaque occaecati aut. Et suscipit illo et ut tempore. Porro ea recusandae minima.',75,75,'2010-12-12 20:44:20','1994-11-08 05:19:33'),(76,'Ipsa consequatur aut fuga repellat. Minima odio iste praesentium earum harum.',76,76,'1973-07-12 22:32:37','1988-07-14 03:11:10'),(77,'Tempore neque minima itaque. Recusandae tenetur nam natus velit ex. Ad eaque ipsam eaque molestias. Sunt et fugiat maxime fugiat quia.',77,77,'1985-04-11 07:58:03','1996-04-24 05:45:48'),(78,'Sit unde consequuntur odio reiciendis. Vitae eos consequatur eos esse laborum rerum at. A nam porro voluptatem. Nesciunt et iure earum quae.',78,78,'2011-07-12 10:35:56','1993-03-13 19:23:33'),(79,'Nostrum fuga sed perferendis id aut et hic. Dolore iure consectetur voluptatibus quibusdam. Atque placeat et aut et.',79,79,'1975-06-11 02:14:42','1978-06-15 12:12:55'),(80,'Asperiores ea quos quae occaecati est corrupti. Deserunt praesentium saepe sit sunt sit pariatur quia. Dicta minima magni minus occaecati sed consequatur. Dolore laborum ut in doloribus autem deserunt ut.',80,80,'2004-05-22 06:05:58','1977-12-31 00:56:31'),(81,'Mollitia cumque quo adipisci nam. Aut molestias optio recusandae excepturi sit commodi. Mollitia molestias non eius ipsa deleniti. Quia deleniti cumque temporibus ea aspernatur.',81,81,'1972-12-25 17:28:17','2006-08-04 19:56:23'),(82,'Eum reiciendis veniam explicabo doloribus et aut alias placeat. Ut consequatur incidunt voluptatem ipsam ea. Explicabo tempore nesciunt natus voluptatum nihil. Aut modi ut et qui cupiditate.',82,82,'2014-05-28 23:51:41','1974-07-05 08:05:47'),(83,'Eius deserunt voluptatum autem vitae doloremque commodi. Officiis eum recusandae autem adipisci aut est. Molestiae perferendis a qui maiores iure quo.',83,83,'1971-08-16 13:38:49','1987-10-19 20:24:33'),(84,'Quam cumque mollitia ipsa sit. Occaecati autem exercitationem ab officiis voluptates corporis. Et ex ex assumenda atque.',84,84,'1978-12-12 22:08:38','2009-01-23 03:19:21'),(85,'Alias et vitae quos ex. Id ipsum perferendis recusandae commodi dolor nobis dolore officia. Recusandae occaecati nisi voluptatibus. Et ea provident nostrum.',85,85,'1979-08-20 11:35:51','2016-06-07 08:07:40'),(86,'Aut fugiat sit quod a temporibus et nobis. Atque optio debitis iusto ea qui odio dolore. Mollitia voluptates quaerat nihil hic. Natus minima impedit nesciunt mollitia neque blanditiis sed.',86,86,'1994-05-04 00:34:23','1972-01-29 00:15:34'),(87,'Aperiam ratione ipsam et cupiditate consequatur harum accusamus. Ut et et accusantium. Mollitia cumque consequuntur velit at ipsa quod aliquid.',87,87,'2008-06-11 16:35:31','2001-02-10 12:43:12'),(88,'Rem veritatis vero fugiat beatae vero. Aut qui eius inventore nam. Doloribus modi voluptates alias laboriosam sit.',88,88,'2020-03-30 15:42:48','2010-02-13 00:05:18'),(89,'Inventore ut alias sed voluptatem officiis delectus voluptas. Sit enim et id. Sapiente non alias facere laudantium. Ratione sed nihil sapiente ut.',89,89,'1974-10-07 05:18:43','1989-06-22 04:25:29'),(90,'Dolorem totam quis saepe rem ratione qui iusto. In voluptates occaecati non quia. Facere aut nobis saepe vero voluptatem est.',90,90,'1992-12-22 16:26:40','1984-09-13 21:21:42'),(91,'Et voluptates tempora mollitia sunt facere. Sed voluptatem voluptatem ut vel ipsum nulla inventore. Eum assumenda cupiditate cum voluptatem nihil quia.',91,91,'1985-06-24 04:06:00','2020-01-29 11:14:50'),(92,'Officiis voluptatem accusamus veritatis quia sed iure. Cum adipisci et sed consequatur. Eos quis iste vitae.',92,92,'2005-04-16 07:42:26','1986-09-21 14:48:41'),(93,'Incidunt magni veritatis est ut quidem et consequuntur. Qui occaecati quis aliquam et mollitia cupiditate non.',93,93,'2006-05-15 20:41:26','2013-05-18 07:14:10'),(94,'Debitis vitae aut autem magni. Ea nesciunt et excepturi ut officiis. Officia vel quo culpa corporis maxime est.',94,94,'2010-05-02 11:23:20','1979-09-18 20:49:15'),(95,'Voluptas porro repudiandae nihil esse. Aliquam modi ducimus modi ducimus atque. Iste iure tempora et et iusto.',95,95,'1996-04-08 18:26:10','2009-11-23 09:58:46'),(96,'Sunt consequuntur ut sapiente quia modi est. Maiores quo aut sed corrupti. Placeat molestiae recusandae natus hic velit.',96,96,'1974-09-12 07:00:25','1973-08-25 17:38:23'),(97,'At corporis minima fuga totam aspernatur occaecati molestiae sapiente. Sint neque doloribus quae ut. Et ipsa optio dolorum aspernatur culpa.',97,97,'2016-07-18 14:07:19','2000-04-23 04:07:20'),(98,'Dolorem molestiae consequatur autem qui quia perferendis. Incidunt recusandae rem ab esse. Beatae qui accusamus consectetur repellat quis.',98,98,'2017-12-05 18:13:06','1973-01-16 06:23:41'),(99,'Est sunt aut cum enim eum totam. Et quia fugit molestias enim provident fuga. Incidunt quis accusantium saepe eum sit. Eum tenetur cupiditate exercitationem voluptatem aliquam.',99,99,'2015-01-02 12:39:39','2008-04-01 00:07:39'),(100,'Sunt eum dolor quam ab. Unde reiciendis esse necessitatibus mollitia porro saepe. Et porro eum eum sunt ut neque doloribus.',100,100,'2020-06-21 03:01:22','2007-03-22 09:27:26');
/*!40000 ALTER TABLE `posts` ENABLE KEYS */;
UNLOCK TABLES;

--
-- Table structure for table `profiles`
--

DROP TABLE IF EXISTS `profiles`;
/*!40101 SET @saved_cs_client     = @@character_set_client */;
/*!40101 SET character_set_client = utf8 */;
CREATE TABLE `profiles` (
  `user_id` int(10) unsigned NOT NULL COMMENT 'Ссылка на пользователя',
  `gender` char(1) COLLATE utf8mb4_unicode_ci NOT NULL COMMENT 'Пол',
  `birthday` date DEFAULT NULL COMMENT 'Дата рождения',
  `photo_id` int(10) unsigned DEFAULT NULL COMMENT 'Ссылка на основную фотографию пользователя',
  `status` varchar(30) COLLATE utf8mb4_unicode_ci DEFAULT NULL COMMENT 'Текущий статус',
  `city` varchar(130) COLLATE utf8mb4_unicode_ci DEFAULT NULL COMMENT 'Город проживания',
  `country` varchar(130) COLLATE utf8mb4_unicode_ci DEFAULT NULL COMMENT 'Страна проживания',
  `created_at` datetime DEFAULT current_timestamp() COMMENT 'Время создания строки',
  `updated_at` datetime DEFAULT current_timestamp() ON UPDATE current_timestamp() COMMENT 'Время обновления строки',
  PRIMARY KEY (`user_id`),
  CONSTRAINT `profiles_ibfk_1` FOREIGN KEY (`user_id`) REFERENCES `users` (`id`) ON DELETE CASCADE ON UPDATE CASCADE
) ENGINE=InnoDB DEFAULT CHARSET=utf8mb4 COLLATE=utf8mb4_unicode_ci COMMENT='Профили';
/*!40101 SET character_set_client = @saved_cs_client */;

--
-- Dumping data for table `profiles`
--

LOCK TABLES `profiles` WRITE;
/*!40000 ALTER TABLE `profiles` DISABLE KEYS */;
INSERT INTO `profiles` VALUES (1,'','1976-08-20',5,'Libero non voluptatem rerum. F','Bridgetfurt','72633','1996-11-07 16:14:19','2003-05-15 15:31:07'),(2,'','2015-05-21',8,'Eius qui maxime aspernatur mol','Nikolausburgh','74777','1984-05-23 04:29:02','2012-07-01 07:53:45'),(3,'','1974-04-04',4,'Asperiores deserunt est quae v','Port Alvena','44781','2010-08-27 10:04:12','2014-03-04 04:39:22'),(4,'','1981-08-23',2,'Amet illo sint ut sunt ut quid','New Kellie','4955189','1994-07-27 16:28:13','2000-09-11 06:59:18'),(5,'','2012-07-06',2,'Tenetur repudiandae laudantium','McCulloughport','1099350','1978-09-03 18:34:22','1971-04-04 17:53:18'),(6,'','1996-11-19',8,'Quibusdam voluptatem in non au','Hauckfort','659345','1995-01-30 08:43:18','1994-03-02 11:26:30'),(7,'','1985-03-04',9,'Quae accusantium repudiandae v','East Lonniefort','66','1990-11-27 10:32:44','1981-08-09 14:01:38'),(8,'','2001-08-11',9,'Sit iste eos quam eaque recusa','Port Julio','','2011-05-10 19:49:02','2008-07-27 05:24:01'),(9,'','1978-03-05',6,'Ullam accusantium sed doloremq','West Prudencefort','852782','1971-09-05 18:38:21','1997-01-02 03:26:48'),(10,'','2001-01-31',0,'Et qui rerum nulla voluptas di','Binsborough','980','1974-03-10 06:09:05','1992-05-28 07:10:00'),(11,'','1976-03-20',6,'Sed ut corrupti alias nisi dol','Jaskolskistad','6617072','2005-04-22 19:31:52','1973-12-02 22:37:25'),(12,'','1988-09-12',0,'Voluptatem dolor aut quas numq','North Dwight','990438','1991-07-21 00:38:07','2002-01-20 19:17:22'),(13,'','2008-03-10',9,'Minus corrupti et enim neque e','East Drakebury','4','1981-01-11 22:39:16','1981-01-15 05:41:08'),(14,'','1971-07-14',2,'Ut atque possimus voluptas off','Laylaberg','81922','1986-03-14 01:55:13','1970-11-27 10:19:16'),(15,'','1976-11-13',7,'Expedita ut eaque asperiores e','Juvenalberg','66911442','1986-03-07 02:52:24','2019-06-04 17:18:49'),(16,'','2004-11-20',5,'Veritatis excepturi itaque eli','Feeneyland','25','1977-05-26 22:33:19','1990-10-27 10:58:28'),(17,'','1996-11-01',1,'Voluptatibus itaque vel aperia','Berniceburgh','443246264','1986-09-16 09:36:35','2002-08-28 11:34:53'),(18,'','2019-07-22',1,'Dicta maiores harum iure paria','Boyleport','6','1991-03-25 15:59:23','2008-09-29 04:56:32'),(19,'','1971-03-05',9,'Et dolores quia vitae sunt est','New Stephonmouth','7634485','2001-07-24 15:09:51','1975-09-04 11:29:34'),(20,'','1996-05-14',1,'Reprehenderit qui est corrupti','Herzogbury','9','1986-01-21 12:31:01','2005-11-11 16:10:13'),(21,'','1997-10-13',9,'Animi dolore consequuntur eaqu','Lednertown','397904708','1974-06-09 20:05:10','1999-06-22 22:27:01'),(22,'','1983-02-07',8,'Possimus reprehenderit volupta','South Isaiasbury','395','2017-01-25 13:49:24','1995-08-31 12:01:40'),(23,'','1997-06-15',7,'Ut repellendus velit quasi cum','East Rahsaan','768849','1978-07-11 11:37:17','2005-03-09 15:01:28'),(24,'','2016-12-25',1,'Repudiandae mollitia consectet','New Clarkfurt','2810981','1996-08-28 12:12:17','1979-05-22 22:01:42'),(25,'','2011-05-02',8,'Deserunt ut quia optio digniss','West Verlieview','40268','2018-12-31 06:44:09','2013-02-19 00:44:35'),(26,'','1972-03-13',1,'Esse magnam provident aut simi','Port Rafaela','','2018-06-17 07:49:55','2018-08-21 16:06:04'),(27,'','2021-02-26',5,'Sed voluptatem nihil eius sint','Hiltonmouth','42','2007-08-01 02:55:25','2018-02-07 17:06:09'),(28,'','2006-03-01',9,'Minima unde assumenda eaque al','Port Eleonoreside','86346255','1973-06-28 02:24:55','1977-03-18 13:52:04'),(29,'','2012-07-05',3,'Officia animi nobis explicabo ','Lauraville','62898','1974-07-31 07:00:38','2016-02-12 01:17:53'),(30,'','1975-09-28',7,'Consequuntur quisquam voluptat','East Alek','1','1977-07-19 18:45:32','2015-12-22 09:39:00'),(31,'','1972-12-04',7,'Beatae quisquam repellendus ex','Wildermanton','1872247','1976-11-23 21:07:23','2017-03-06 06:57:43'),(32,'','2002-07-14',9,'Asperiores est aut qui exceptu','Martachester','3050','1993-02-18 19:12:34','1985-10-04 13:25:22'),(33,'','2018-08-05',1,'Blanditiis et est tenetur. Del','Port Emanuelhaven','92','2009-11-25 14:34:32','2021-01-10 20:03:56'),(34,'','1978-07-16',3,'Ab quis molestias eius corpori','Lake Howard','46','2015-12-19 04:41:04','1974-08-25 16:02:04'),(35,'','2008-05-22',8,'Doloremque enim perferendis eo','Lake Caleb','282442','1984-03-09 04:11:46','2016-06-01 04:28:45'),(36,'','1981-10-29',8,'Dolorem voluptatem eos cumque ','Buckberg','776617728','1991-07-08 07:42:52','1979-01-12 03:38:05'),(37,'','2014-03-08',9,'Doloremque error repudiandae q','Kaylistad','','1984-08-13 23:50:19','2013-07-28 06:14:55'),(38,'','2001-12-29',4,'Accusantium quos culpa eius ni','O\'Konland','3188044','2016-12-28 06:19:11','1978-10-05 03:51:45'),(39,'','1990-05-17',8,'Voluptatibus dolores ut iure e','Hamillside','407764','2013-04-09 21:56:45','2014-07-02 16:27:58'),(40,'','2009-07-17',7,'Sunt rerum vel ut voluptas. Ma','New Rodgerburgh','4','2000-01-22 17:24:36','1972-06-12 23:35:24'),(41,'','2007-06-18',5,'Ut deserunt et distinctio in n','Lazaroview','5','2013-04-26 16:41:41','1986-05-19 23:36:34'),(42,'','1992-10-16',1,'Illo assumenda beatae sunt dol','New Flavieton','8201','1992-09-13 00:17:25','1981-02-12 15:41:37'),(43,'','2013-06-07',0,'Asperiores alias in ratione. S','West Marcelo','311645','2004-07-02 18:05:37','1979-02-07 09:00:56'),(44,'','2009-03-20',9,'Recusandae qui sit consequatur','Port Isabellahaven','77165','2008-10-08 08:56:47','2004-11-08 21:54:24'),(45,'','2006-08-11',7,'Voluptatibus vel ipsam volupta','Port Jenaview','40288','1993-04-04 21:41:40','2005-05-05 02:06:23'),(46,'','1987-04-19',7,'Vitae ducimus atque autem quis','Kirlinview','83','2000-10-25 08:23:48','2011-10-20 22:35:53'),(47,'','2008-01-24',3,'Labore quibusdam aliquam nulla','South Adolfo','1457771','1978-04-04 14:22:36','1987-05-08 23:36:03'),(48,'','1991-08-04',0,'Incidunt fugiat qui distinctio','Marilynefort','73543410','2019-01-28 08:04:24','1994-08-30 19:27:06'),(49,'','1986-12-13',0,'Reiciendis neque sequi sed aut','Mayerville','1435305','2013-11-01 21:57:29','1986-06-10 04:25:52'),(50,'','1993-12-03',0,'Corporis amet perferendis mole','South Vanessaland','7','2007-07-03 06:44:51','2007-02-23 18:52:12'),(51,'','2020-07-23',9,'Id pariatur consequatur est ex','South Maidaland','31992970','1995-09-26 06:43:45','1981-06-19 05:33:58'),(52,'','1992-03-16',0,'Accusamus consectetur incidunt','New Larry','40','2020-04-23 23:21:36','2008-01-06 20:39:45'),(53,'','1971-07-29',2,'Tempora tempore distinctio adi','Gleichnerchester','','2020-11-13 11:03:12','2014-07-06 04:11:56'),(54,'','2001-04-06',7,'Temporibus dignissimos id eum ','West Wilfredoview','216083','2001-02-15 00:56:31','1995-11-02 15:47:12'),(55,'','1985-10-16',4,'Facere recusandae eum sunt ali','Rosamondbury','80855','1998-12-25 15:48:32','1981-06-22 11:53:43'),(56,'','2010-06-15',1,'Ullam ullam non cupiditate mag','Simoneshire','5','1991-02-28 15:14:31','1987-05-17 18:50:35'),(57,'','1993-05-25',2,'Tenetur unde sunt dolores enim','West Marieshire','4321','2012-09-22 12:20:12','1975-10-10 07:36:32'),(58,'','1988-03-06',1,'Repellendus quisquam at et dol','Hyattchester','313100','1987-06-27 04:43:29','1996-05-21 14:14:16'),(59,'','2020-06-18',7,'Vel reprehenderit et consequat','Toniburgh','6908726','1982-04-19 00:18:39','1973-06-07 16:05:46'),(60,'','1971-01-03',7,'Et odit sapiente voluptatem vo','Fabiolashire','76843686','1984-08-02 21:32:17','1979-10-03 03:01:57'),(61,'','1972-07-15',2,'Itaque et corrupti sapiente qu','Lindberg','7439','1995-09-30 14:58:01','1991-02-27 08:24:45'),(62,'','2003-06-29',5,'Adipisci nesciunt itaque fuga ','West Caleighmouth','','2011-05-06 12:31:05','2003-01-23 18:01:11'),(63,'','1979-01-03',2,'Quae totam eos ipsum. Voluptat','Lehnermouth','69965675','2012-02-04 02:02:37','1992-10-10 09:46:24'),(64,'','1997-10-08',2,'Dolores tenetur soluta beatae ','South Lessieburgh','58013821','1974-10-23 18:28:54','2001-01-17 02:00:43'),(65,'','1988-05-15',4,'Et nihil blanditiis voluptatem','East Noah','7059820','2005-10-03 03:33:42','1973-07-31 22:01:32'),(66,'','1984-07-20',5,'Qui optio corrupti voluptate a','Arturochester','323756','1973-05-12 05:46:40','1979-11-29 18:50:09'),(67,'','2021-03-25',5,'Quam illo consequatur vitae is','East Arnoldburgh','8580173','2012-12-28 23:21:15','1980-11-08 02:38:57'),(68,'','1972-06-22',5,'Assumenda in nulla voluptatem ','New Evelyn','67865','1986-05-20 04:04:06','1976-11-06 20:08:08'),(69,'','2012-03-25',3,'Temporibus quaerat amet expedi','Guillermomouth','34577','2007-07-08 00:20:13','2003-03-15 23:51:30'),(70,'','1988-08-29',4,'Rerum dolorem omnis molestiae.','Hanechester','266547','1994-02-13 04:00:19','2011-01-29 19:22:03'),(71,'','2008-07-30',8,'Repellat nihil voluptatem in d','Lake Dawnland','98499','1985-03-19 20:24:07','1980-09-10 05:00:50'),(72,'','2021-04-09',6,'Nemo blanditiis ut doloribus d','South Leatha','715300989','1983-07-05 21:35:07','1985-12-05 09:30:19'),(73,'','2006-11-19',2,'Odio dolor velit excepturi fac','South Kearahaven','9119617','2005-07-16 21:02:43','1970-09-05 12:39:21'),(74,'','2010-04-01',6,'Ratione rerum eos dicta et dol','Port Leonard','86996','1978-10-06 04:14:28','2018-10-11 16:37:38'),(75,'','2020-03-07',7,'Sit laborum ut dolor occaecati','Darianton','55627','1996-07-26 14:48:59','1982-02-05 11:28:31'),(76,'','1973-08-28',3,'Alias vero magni aut dolor qua','South Trinityborough','450056','1999-09-29 03:30:21','1999-07-06 06:36:58'),(77,'','1997-09-15',8,'Consectetur eum occaecati adip','South Frida','94929391','2018-01-20 18:46:09','2011-11-15 16:12:23'),(78,'','2018-06-21',7,'Occaecati eum non quidem eos q','Sydnieberg','891249','2007-01-17 18:58:22','1976-05-31 19:56:51'),(79,'','2012-07-18',8,'Natus cumque atque officiis di','Raynorhaven','2','1993-07-15 13:25:43','1995-11-22 03:23:34'),(80,'','1992-05-06',5,'Incidunt repudiandae dolor qui','Donnellyville','212961850','2016-05-02 19:38:39','1989-10-26 07:56:26'),(81,'','1975-11-06',7,'Veritatis enim commodi optio. ','Schultzchester','','1972-08-10 03:01:53','1973-03-29 19:12:57'),(82,'','1984-02-07',0,'Dolore dolor eum expedita even','West Kayliebury','','2004-10-15 22:29:24','2002-12-05 04:57:30'),(83,'','2015-10-05',4,'Cupiditate totam voluptatem do','Waelchiside','585512563','1998-05-02 17:11:53','1992-10-11 04:36:04'),(84,'','2005-01-29',2,'Beatae qui ea ea debitis qui e','Gladycefurt','97385','1999-07-21 22:58:46','2012-10-07 23:33:50'),(85,'','2013-08-04',1,'Est facere qui non aspernatur ','Brandynburgh','312514','2004-10-02 09:47:57','1974-10-25 23:56:07'),(86,'','1998-02-20',7,'Dicta quaerat non et. Cum quo ','Emmerichville','3874322','2015-03-09 09:38:07','2011-02-28 16:48:52'),(87,'','1985-09-14',2,'Et quo vel repellat. Aut et eo','Jamarmouth','749','2000-11-21 12:31:57','1993-07-16 10:21:23'),(88,'','1970-03-31',7,'Et odio ipsum autem magni dolo','North Cecilefort','44','1971-01-12 09:18:48','1987-05-25 22:08:08'),(89,'','2010-06-26',2,'Quisquam recusandae quidem ali','Jakobbury','947084706','2016-05-02 04:11:52','1994-09-06 20:44:14'),(90,'','2006-08-31',3,'Aut omnis veritatis voluptatib','Henrimouth','','2005-08-16 17:26:35','2007-04-15 15:00:31'),(91,'','2000-09-04',1,'Corporis ad dolor doloribus ni','East Garrisonton','7','2017-12-27 21:56:24','1999-12-22 20:32:16'),(92,'','2001-10-01',3,'Qui doloribus earum vel omnis.','Ankundingside','29258','1976-02-11 01:39:35','2015-09-25 13:04:01'),(93,'','2009-08-28',4,'Eius esse consequuntur adipisc','Deckowhaven','3234286','2011-05-30 11:53:40','2006-09-24 08:04:42'),(94,'','1975-02-02',1,'Delectus repellendus quae qui ','Gabriellaland','411','2018-11-20 23:37:10','1989-04-21 10:14:59'),(95,'','2015-07-06',9,'Qui blanditiis asperiores esse','West Ethylberg','','1977-03-15 18:25:20','1989-03-22 13:19:07'),(96,'','1982-05-25',2,'Quidem delectus repellendus co','East Maribelton','881','1982-02-09 17:06:42','2010-05-16 04:10:30'),(97,'','1992-08-01',4,'Necessitatibus molestiae verit','New Jodietown','9','1971-10-19 00:24:46','1998-04-16 21:04:45'),(98,'','2017-03-20',4,'Illo ducimus est fuga aut. Odi','Ratkebury','2715074','1974-02-17 17:00:46','2000-10-09 12:29:32'),(99,'','1988-06-10',7,'Illo molestiae omnis magni ips','Torphyside','383000942','1995-10-24 21:02:32','2005-03-22 14:41:05'),(100,'','1998-08-07',5,'Eos cumque libero quasi perfer','Lake Pascale','','2017-04-05 23:00:54','2016-03-02 13:31:31');
/*!40000 ALTER TABLE `profiles` ENABLE KEYS */;
UNLOCK TABLES;

--
-- Table structure for table `user_likes`
--

DROP TABLE IF EXISTS `user_likes`;
/*!40101 SET @saved_cs_client     = @@character_set_client */;
/*!40101 SET character_set_client = utf8 */;
CREATE TABLE `user_likes` (
  `id` int(10) unsigned NOT NULL AUTO_INCREMENT COMMENT 'Идентификатор строки',
  `liker_id` int(10) unsigned NOT NULL COMMENT 'Кто поставил лайк',
  `who_was_liked` int(10) unsigned NOT NULL COMMENT 'Кому поставили лайк',
  `created_at` datetime DEFAULT current_timestamp() COMMENT 'Время создания строки',
  `updated_at` datetime DEFAULT current_timestamp() ON UPDATE current_timestamp() COMMENT 'Время обновления строки',
  PRIMARY KEY (`id`),
  KEY `liker_id` (`liker_id`),
  KEY `who_was_liked` (`who_was_liked`),
  CONSTRAINT `user_likes_ibfk_1` FOREIGN KEY (`liker_id`) REFERENCES `users` (`id`),
  CONSTRAINT `user_likes_ibfk_2` FOREIGN KEY (`who_was_liked`) REFERENCES `users` (`id`)
) ENGINE=InnoDB AUTO_INCREMENT=101 DEFAULT CHARSET=utf8mb4 COLLATE=utf8mb4_unicode_ci COMMENT='Лайки к пользователям';
/*!40101 SET character_set_client = @saved_cs_client */;

--
-- Dumping data for table `user_likes`
--

LOCK TABLES `user_likes` WRITE;
/*!40000 ALTER TABLE `user_likes` DISABLE KEYS */;
INSERT INTO `user_likes` VALUES (1,1,1,'1990-03-22 19:12:38','2016-01-16 19:39:34'),(2,2,2,'2016-11-04 12:24:10','2007-08-03 04:42:38'),(3,3,3,'1971-04-18 15:59:18','2015-11-09 12:37:49'),(4,4,4,'2003-01-22 20:18:49','2018-02-27 14:55:03'),(5,5,5,'1983-04-16 21:01:06','1992-11-06 15:17:37'),(6,6,6,'1995-01-25 09:25:03','2017-04-25 14:57:52'),(7,7,7,'1992-10-07 06:37:15','1986-01-01 02:04:25'),(8,8,8,'2011-12-22 01:11:28','2020-02-21 10:31:51'),(9,9,9,'1991-10-19 20:15:58','1997-12-25 15:15:39'),(10,10,10,'1981-11-14 07:40:10','1981-08-26 04:00:39'),(11,11,11,'1985-06-22 17:37:11','1995-05-26 16:42:19'),(12,12,12,'1994-06-14 21:45:39','1988-02-10 12:35:29'),(13,13,13,'2006-09-14 16:34:41','1978-06-03 13:11:00'),(14,14,14,'2018-06-27 23:45:30','1986-08-10 02:29:39'),(15,15,15,'1991-08-15 18:31:53','1992-03-11 14:08:38'),(16,16,16,'2016-01-06 15:46:07','2020-12-11 11:12:18'),(17,17,17,'1985-09-07 02:48:17','2005-12-29 00:10:11'),(18,18,18,'2008-05-06 22:32:32','2003-09-13 14:39:18'),(19,19,19,'1977-06-24 07:16:01','2001-01-03 17:26:39'),(20,20,20,'1975-11-07 14:42:22','1998-08-16 04:33:58'),(21,21,21,'1970-03-20 20:34:01','2008-12-30 18:28:55'),(22,22,22,'1995-08-19 17:46:09','1983-02-09 17:24:45'),(23,23,23,'1992-03-19 18:08:19','2009-07-18 12:17:55'),(24,24,24,'1972-06-08 18:48:58','2001-08-20 13:34:13'),(25,25,25,'1984-02-05 01:13:02','1990-10-05 12:58:44'),(26,26,26,'1985-03-03 16:01:04','1994-02-28 06:28:05'),(27,27,27,'2016-03-15 04:02:15','1987-03-09 16:57:24'),(28,28,28,'1970-06-11 22:20:40','2015-05-29 21:59:33'),(29,29,29,'1998-02-17 17:07:23','1974-11-05 14:18:39'),(30,30,30,'1971-06-30 07:22:51','1975-12-08 19:06:56'),(31,31,31,'1993-09-05 19:22:56','1997-10-02 08:17:20'),(32,32,32,'2016-08-21 03:27:12','1991-04-27 22:53:32'),(33,33,33,'1987-07-08 20:14:26','1982-07-05 08:55:14'),(34,34,34,'2004-06-06 07:43:56','1972-08-20 20:26:53'),(35,35,35,'2009-04-09 23:09:24','1981-04-06 10:01:20'),(36,36,36,'1990-01-09 11:23:12','2014-08-12 16:45:58'),(37,37,37,'2000-08-12 16:07:38','2007-06-27 05:30:54'),(38,38,38,'2016-07-16 13:11:57','2013-07-14 11:46:56'),(39,39,39,'1994-07-17 04:45:19','1989-07-11 23:49:11'),(40,40,40,'2001-11-04 17:42:11','1975-05-06 11:05:14'),(41,41,41,'1996-03-02 07:06:27','1996-12-06 17:21:52'),(42,42,42,'1985-04-09 19:40:36','1977-04-10 04:00:29'),(43,43,43,'1983-03-02 07:06:38','1982-09-14 10:02:25'),(44,44,44,'2000-05-14 03:37:17','1980-07-10 01:21:36'),(45,45,45,'2020-04-04 16:32:43','2006-02-15 17:55:58'),(46,46,46,'1981-11-03 02:25:16','2000-08-20 02:35:27'),(47,47,47,'1996-11-29 03:10:53','1977-03-13 01:49:48'),(48,48,48,'2014-11-10 06:38:48','2010-12-27 08:07:01'),(49,49,49,'2019-03-27 15:39:13','2013-02-08 00:50:04'),(50,50,50,'1998-11-19 07:51:49','1973-02-07 00:05:32'),(51,51,51,'1988-05-01 11:22:23','1997-12-29 06:12:20'),(52,52,52,'1999-11-19 09:47:26','1986-12-23 07:02:07'),(53,53,53,'1984-07-01 12:28:09','2015-05-04 22:18:52'),(54,54,54,'1986-03-16 07:52:44','2002-01-25 06:55:22'),(55,55,55,'2004-01-15 01:13:34','2012-01-14 16:05:32'),(56,56,56,'1975-10-21 04:45:08','2020-07-27 16:05:07'),(57,57,57,'1979-11-27 09:30:51','1989-11-27 15:01:21'),(58,58,58,'1991-12-30 09:01:24','2016-11-07 14:46:47'),(59,59,59,'2012-11-11 23:55:25','1978-08-16 15:07:29'),(60,60,60,'1982-09-20 12:51:36','2011-10-06 11:48:26'),(61,61,61,'1979-02-09 21:01:41','2003-02-02 07:20:00'),(62,62,62,'2018-05-23 19:08:25','2006-09-16 19:23:51'),(63,63,63,'2005-07-05 02:44:51','2002-08-31 12:15:56'),(64,64,64,'1983-08-04 05:11:10','2011-02-03 07:03:36'),(65,65,65,'1998-07-24 05:24:15','1977-02-22 12:54:26'),(66,66,66,'1995-11-22 18:02:39','1980-02-11 03:38:33'),(67,67,67,'2000-12-23 21:00:27','1993-08-07 05:00:45'),(68,68,68,'1992-08-10 09:12:59','2007-03-29 06:09:06'),(69,69,69,'1999-07-19 01:57:32','1987-07-02 05:27:23'),(70,70,70,'2009-12-04 21:03:59','1977-07-15 07:30:27'),(71,71,71,'1988-06-15 17:32:37','1991-01-30 15:22:29'),(72,72,72,'1971-05-21 00:22:07','2000-04-26 17:57:26'),(73,73,73,'2017-12-08 19:57:40','2020-02-18 16:48:15'),(74,74,74,'2019-08-14 02:57:00','2021-02-13 21:35:23'),(75,75,75,'1979-11-29 23:25:42','1995-07-27 13:12:28'),(76,76,76,'1998-12-24 19:01:23','2017-04-10 13:06:49'),(77,77,77,'1998-02-28 11:04:54','1988-05-09 05:59:23'),(78,78,78,'2010-05-03 05:59:35','1971-10-20 23:10:15'),(79,79,79,'1987-11-29 15:04:46','1979-09-29 01:03:45'),(80,80,80,'1979-07-03 00:27:00','1973-09-04 11:51:35'),(81,81,81,'2013-12-22 20:15:39','2020-12-03 22:12:25'),(82,82,82,'2015-11-22 01:37:11','1987-05-14 22:49:46'),(83,83,83,'1986-10-24 17:07:48','2001-01-22 02:38:02'),(84,84,84,'1996-03-13 01:17:45','1980-11-16 18:48:55'),(85,85,85,'1982-03-29 04:02:17','2012-04-08 18:54:08'),(86,86,86,'1976-08-13 19:41:50','1976-02-25 08:50:23'),(87,87,87,'2010-03-01 18:41:28','2014-01-02 14:16:28'),(88,88,88,'1992-09-16 23:22:11','1972-12-26 06:24:41'),(89,89,89,'1989-05-03 10:55:41','2005-11-21 05:06:21'),(90,90,90,'1987-10-23 05:25:42','1992-11-20 06:54:52'),(91,91,91,'1983-07-08 09:25:59','1970-08-27 13:10:20'),(92,92,92,'2002-04-14 04:26:21','2018-03-12 11:18:58'),(93,93,93,'2002-05-12 10:59:04','1986-03-03 11:35:51'),(94,94,94,'1984-10-03 14:59:20','1990-06-03 09:44:56'),(95,95,95,'1999-11-19 19:03:11','1970-04-24 18:31:53'),(96,96,96,'1972-01-22 19:39:11','1986-10-29 15:28:07'),(97,97,97,'1970-05-16 23:30:17','2014-05-06 01:03:39'),(98,98,98,'1979-01-10 14:04:45','1998-11-06 15:58:58'),(99,99,99,'1980-05-04 14:11:10','2018-10-17 17:46:14'),(100,100,100,'1990-09-28 08:22:16','2013-06-28 22:43:33');
/*!40000 ALTER TABLE `user_likes` ENABLE KEYS */;
UNLOCK TABLES;

--
-- Table structure for table `users`
--

DROP TABLE IF EXISTS `users`;
/*!40101 SET @saved_cs_client     = @@character_set_client */;
/*!40101 SET character_set_client = utf8 */;
CREATE TABLE `users` (
  `id` int(10) unsigned NOT NULL AUTO_INCREMENT COMMENT 'Идентификатор строки',
  `first_name` varchar(100) COLLATE utf8mb4_unicode_ci NOT NULL COMMENT 'Имя пользователя',
  `last_name` varchar(100) COLLATE utf8mb4_unicode_ci NOT NULL COMMENT 'Фамилия пользователя',
  `email` varchar(100) COLLATE utf8mb4_unicode_ci NOT NULL COMMENT 'Почта',
  `phone` varchar(100) COLLATE utf8mb4_unicode_ci NOT NULL COMMENT 'Телефон',
  `created_at` datetime DEFAULT current_timestamp() COMMENT 'Время создания строки',
  `updated_at` datetime DEFAULT current_timestamp() ON UPDATE current_timestamp() COMMENT 'Время обновления строки',
  PRIMARY KEY (`id`),
  UNIQUE KEY `email` (`email`),
  UNIQUE KEY `phone` (`phone`)
) ENGINE=InnoDB AUTO_INCREMENT=101 DEFAULT CHARSET=utf8mb4 COLLATE=utf8mb4_unicode_ci COMMENT='Пользователи';
/*!40101 SET character_set_client = @saved_cs_client */;

--
-- Dumping data for table `users`
--

LOCK TABLES `users` WRITE;
/*!40000 ALTER TABLE `users` DISABLE KEYS */;
INSERT INTO `users` VALUES (1,'Courtney','Raynor','minerva29@example.com','985.422.0263','1985-07-08 10:49:24','1974-02-28 19:30:09'),(2,'Mona','Bernier','bart97@example.com','1-115-850-5109','1991-02-10 11:51:08','1982-11-01 19:16:45'),(3,'Orval','Goodwin','stroman.shea@example.com','294.665.1290','2002-06-28 00:28:08','2002-09-24 05:05:51'),(4,'Brigitte','Hahn','kemmer.jadon@example.com','1-730-686-4020','1989-08-10 21:03:49','1997-12-24 03:12:09'),(5,'Elroy','Morissette','nia.greenholt@example.net','1-756-295-8107x666','1995-09-26 08:33:29','1990-09-12 21:44:20'),(6,'Keeley','Macejkovic','lauryn56@example.com','442-295-0844','2018-04-02 23:55:25','1996-12-16 04:42:41'),(7,'Jarrett','Halvorson','jacobson.rowan@example.org','122-861-6448x906','2001-04-15 19:12:01','2021-04-30 19:25:00'),(8,'Taurean','Sporer','frunte@example.net','(078)336-5546','1986-01-28 17:46:49','1979-01-23 03:08:24'),(9,'Blake','Adams','harvey.johnathon@example.org','1-949-528-8832x096','2004-11-22 09:42:47','2018-05-09 16:55:34'),(10,'Shanelle','Bashirian','jcronin@example.net','(191)810-8239','2014-06-28 08:39:40','2001-07-11 12:36:22'),(11,'Arjun','Cruickshank','davis.chelsey@example.net','(168)575-9135x21527','1995-02-13 08:58:29','2003-01-03 15:15:43'),(12,'Ken','Breitenberg','daphney.kunde@example.net','1-182-417-9684x4212','2005-11-18 19:23:33','2001-10-21 04:20:17'),(13,'Mara','Prosacco','ieichmann@example.org','235.119.7202','2013-02-01 12:25:52','1981-05-13 15:34:59'),(14,'Tia','Witting','hegmann.edna@example.org','1-414-521-7052','2014-10-06 21:34:44','1981-04-09 00:39:33'),(15,'Blaise','Ankunding','corkery.bettie@example.net','00605164652','2000-07-29 02:38:57','1992-03-01 14:40:29'),(16,'Lawrence','Schumm','gritchie@example.org','(999)299-3960x710','1974-02-04 17:42:42','1978-09-12 06:47:53'),(17,'Elinor','Goyette','cthompson@example.org','623.162.3132','1984-07-11 15:18:01','1999-05-12 06:37:00'),(18,'Danika','Windler','silas93@example.net','690.391.1052x749','1998-03-01 14:52:09','2003-07-05 19:50:36'),(19,'Conner','Hudson','hoberbrunner@example.com','731-906-2059','1990-08-17 07:56:00','2003-05-03 00:35:32'),(20,'Monica','West','eve19@example.net','714.200.6011x162','2020-08-26 09:45:03','1993-06-28 00:53:13'),(21,'Elinor','Ferry','addie.bosco@example.com','+58(1)0182829774','2006-04-30 09:07:06','1985-05-04 21:20:52'),(22,'Damian','Schumm','bswaniawski@example.com','(306)961-3316x5623','2013-08-08 01:37:10','2014-07-27 14:54:06'),(23,'Clarabelle','Connelly','raynor.esmeralda@example.com','+76(2)1981816402','2020-10-12 14:59:23','1997-08-29 08:29:00'),(24,'Lionel','Jerde','nayeli.ortiz@example.org','1-863-219-2506x9537','2014-03-09 10:37:28','1984-04-24 07:04:22'),(25,'Helen','Casper','konopelski.rosalia@example.net','1-529-253-9783x04191','2019-12-19 00:25:54','2000-05-05 21:51:42'),(26,'Krista','Sporer','erica46@example.net','1-330-674-1250x1267','2008-12-20 18:15:44','1981-04-17 19:30:42'),(27,'Reinhold','Rath','bkoepp@example.org','161.136.7230','2019-08-29 21:21:58','2004-03-21 10:19:13'),(28,'Yvette','Runte','walsh.kirk@example.net','889-795-9163x2946','1992-01-30 04:19:38','1972-09-07 05:26:40'),(29,'Seth','Zemlak','lori.rowe@example.org','04038928134','1977-03-07 04:47:40','1993-10-04 23:02:55'),(30,'Lucie','Dooley','myrtis.cummerata@example.net','1-230-131-1025','1998-12-09 16:22:45','2005-07-27 17:41:30'),(31,'Reyna','Ward','schulist.laurianne@example.org','175.747.5013x4913','1992-09-18 09:47:37','1974-12-10 10:44:24'),(32,'Ephraim','Barrows','murl.gerlach@example.com','640.950.4028','1978-04-06 09:22:05','2017-02-16 08:05:38'),(33,'Bettie','Hettinger','mara72@example.org','411-900-7639x2374','1974-12-31 20:02:06','1996-03-12 12:44:19'),(34,'Shayne','Heathcote','delfina39@example.org','(495)215-7353x464','1985-03-03 01:04:07','2004-02-28 03:32:05'),(35,'Dorcas','Ward','osvaldo19@example.org','(197)285-3549x46819','2004-08-13 09:07:04','1990-06-12 04:52:43'),(36,'Aurelio','O\'Hara','jany83@example.org','00669480446','1985-04-08 18:21:48','1997-11-29 22:40:14'),(37,'Arjun','Hudson','frami.lisette@example.org','953-154-6411','1976-12-24 18:53:47','2015-09-18 06:17:19'),(38,'Modesta','Quigley','wuckert.athena@example.com','(253)917-9264','2009-06-09 03:45:42','2020-06-23 08:43:28'),(39,'Pauline','DuBuque','lkassulke@example.org','09787497249','2001-03-15 10:15:08','1995-06-08 16:22:09'),(40,'Skyla','Barrows','kshlerin.eve@example.net','+49(7)9955352803','2019-05-16 21:37:46','2013-01-24 19:54:52'),(41,'Mathew','Auer','lavada94@example.net','391-305-3096x227','2016-01-31 03:15:07','1983-04-21 20:27:34'),(42,'Wade','Runte','orie.jenkins@example.net','1-937-064-3588','1975-09-20 08:05:12','2010-02-14 11:21:47'),(43,'Caleb','Wehner','pkohler@example.com','1-576-416-4799x1045','1989-11-27 20:57:15','2010-06-22 11:57:08'),(44,'Alanna','Effertz','leannon.carlos@example.com','894.856.4832x54236','2008-03-19 20:27:10','2008-02-18 16:02:52'),(45,'Janiya','Romaguera','gordon.spinka@example.org','160-437-8234x60836','2006-11-06 19:19:28','1985-03-25 09:21:25'),(46,'Anabel','Grady','sandy38@example.com','(223)212-1736x06951','2000-11-09 08:53:00','1971-10-21 15:40:48'),(47,'Loraine','Gerhold','bahringer.billy@example.net','02178216696','1988-01-22 23:08:16','1981-08-02 07:01:18'),(48,'Bo','Bernier','lera15@example.net','(433)893-2278','2005-10-24 18:54:54','2010-08-21 06:00:25'),(49,'Reta','Von','dulce06@example.net','1-609-276-7374x36032','1985-09-26 12:53:42','1996-11-21 08:35:30'),(50,'Maximillian','Stokes','jeanie.rodriguez@example.com','1-929-354-8292','1993-11-25 01:29:11','2002-07-27 02:28:28'),(51,'Kenyatta','Waters','sherman.shanahan@example.com','04069614189','1998-02-13 15:59:44','1984-05-11 02:28:45'),(52,'Cornelius','Bednar','noemy98@example.com','1-437-771-9968x597','2007-07-23 08:27:05','2003-06-03 19:30:31'),(53,'Mallie','Howell','kathleen.kuhn@example.net','(724)677-7741','2000-12-08 02:10:22','2004-09-23 19:01:56'),(54,'Margie','Kovacek','myrtie.goodwin@example.net','011.621.8036x93821','2012-01-06 05:56:23','1989-02-18 12:08:28'),(55,'Faustino','Bernier','nbrekke@example.org','372.911.0742x9951','1971-02-09 20:04:45','2007-09-06 02:09:22'),(56,'Bernie','Ruecker','qhane@example.com','(656)693-7374x1910','2011-11-30 19:51:13','2007-11-30 16:37:30'),(57,'Candace','Koepp','graham76@example.com','640.407.3459','1999-04-16 01:50:41','1997-03-24 00:10:58'),(58,'Adalberto','Carter','cicero.cremin@example.net','1-247-011-5392x9443','2019-01-04 05:12:54','2017-05-01 07:50:56'),(59,'Savanah','Muller','devin.schmitt@example.org','657.124.3875x21581','2014-08-01 01:03:18','1979-03-22 08:54:34'),(60,'Aurelie','Swaniawski','gus.sporer@example.net','+77(8)8119659132','1973-12-19 06:56:37','1981-08-19 21:49:16'),(61,'Gerson','King','xkoepp@example.org','(141)266-2653','1987-12-10 19:41:34','2008-08-01 18:12:41'),(62,'Freda','Marquardt','qharber@example.net','591-459-3639x3969','1984-07-24 02:35:18','1985-03-20 20:02:47'),(63,'Maye','Vandervort','akutch@example.com','(299)016-8594x1184','1996-10-15 07:57:18','1984-09-14 09:12:35'),(64,'Paul','Waelchi','pgoyette@example.com','(826)651-9385','2002-06-25 21:31:40','1987-08-21 14:38:53'),(65,'Pierre','Runolfsson','mertz.amina@example.net','(030)806-4079','1989-01-16 20:24:26','1970-09-25 05:50:21'),(66,'Hassan','Pagac','stanton.estella@example.net','1-458-610-2386','2018-10-30 22:58:57','2020-07-09 12:34:43'),(67,'Kyleigh','Douglas','kohler.lottie@example.net','(780)913-5803x946','1970-04-23 04:08:54','1997-04-25 09:14:48'),(68,'Adolfo','Boyer','nondricka@example.com','491-586-6501','2009-09-16 08:03:41','2008-12-22 05:52:33'),(69,'Eryn','Ortiz','maximillian.conroy@example.com','(091)839-7835x9561','1987-11-13 13:39:23','1975-07-26 15:51:55'),(70,'Alan','Feil','natalie.johnston@example.com','+61(5)3074508574','1995-09-15 09:14:42','2007-06-28 04:27:40'),(71,'Blake','Heller','brutherford@example.org','1-491-745-0691x1319','1986-10-29 23:47:37','1990-05-19 07:06:11'),(72,'Samanta','Dicki','tyler23@example.org','025-551-1730','2001-03-15 05:28:01','2014-09-30 06:14:13'),(73,'Abel','Greenfelder','sbarrows@example.com','03374461198','1975-03-31 15:57:18','2005-01-08 08:04:38'),(74,'Gardner','Cremin','sawayn.deja@example.org','710.441.3954','1994-07-23 02:18:06','2015-03-19 14:55:42'),(75,'Maurine','Corkery','bdubuque@example.net','882-380-5363','1978-12-18 01:27:58','2000-09-11 20:15:08'),(76,'Elvie','Hickle','katharina89@example.org','08488971955','1973-12-02 02:56:39','1983-03-12 01:44:50'),(77,'Cali','Metz','wgrady@example.com','(749)520-6269x69992','1976-12-15 11:43:09','1986-11-09 11:27:45'),(78,'Luther','Thiel','xzavier.price@example.net','1-423-150-8375x348','1991-05-27 10:45:56','1999-06-21 16:17:44'),(79,'Eliseo','Abbott','kschimmel@example.com','1-145-721-0610x634','2012-01-30 07:00:56','1977-05-11 07:38:58'),(80,'Myriam','Armstrong','ilene68@example.net','488.156.9999x452','1992-10-16 05:57:48','2003-09-20 20:51:37'),(81,'Murphy','Schmitt','jayda.macejkovic@example.net','834-987-1578','2004-10-13 18:09:26','1984-03-02 22:46:58'),(82,'Leopoldo','Schmidt','ymurphy@example.com','236-559-9003x269','1988-05-11 15:37:50','2017-12-25 13:17:34'),(83,'Willie','Beer','nona24@example.net','629.822.9633','2011-08-13 19:57:36','2018-08-10 12:05:36'),(84,'Clifton','Nader','ivandervort@example.org','814-155-2466','1971-08-05 12:50:12','1973-04-23 19:40:32'),(85,'Eloise','Waelchi','easter.parisian@example.org','+49(1)3090277067','1980-05-05 05:23:55','2000-08-30 17:26:19'),(86,'Bell','Stehr','vebert@example.net','940-862-0999','2003-03-12 09:14:56','2016-09-05 01:51:06'),(87,'Trey','Ryan','kiley.haag@example.org','(493)911-4373x4500','1989-03-19 01:41:37','2004-08-18 11:28:50'),(88,'Sharon','Parisian','reynolds.abdiel@example.com','1-735-487-8676x891','1994-05-05 08:59:53','2007-07-24 23:13:44'),(89,'Ward','Bednar','swatsica@example.net','248.657.0571x05228','2013-04-24 00:47:40','2008-12-06 13:08:18'),(90,'Laurine','Waters','hilll.myrl@example.org','961-587-2121','2007-06-02 03:48:23','2005-05-24 14:32:35'),(91,'Fermin','Romaguera','wbotsford@example.net','(490)429-5054','1997-09-19 23:16:08','2007-07-11 11:33:39'),(92,'Jaime','Walker','yo\'kon@example.com','056.149.3079x192','1992-12-03 15:51:19','1994-04-27 09:15:11'),(93,'Furman','VonRueden','tsenger@example.org','658.474.5732x275','1972-02-15 23:01:36','2005-10-13 15:47:23'),(94,'Maximillia','Brekke','wschmidt@example.net','+93(6)1813093769','2003-05-09 15:06:52','1985-06-07 05:36:04'),(95,'Monroe','Green','rlynch@example.org','+91(9)4522448877','2005-02-24 05:43:18','2009-03-08 11:53:42'),(96,'Winston','Boyer','aufderhar.pierce@example.org','988-301-3405','1988-09-18 20:16:24','1990-04-06 07:35:05'),(97,'Cierra','Bergnaum','marion.fahey@example.com','1-666-435-4259','1996-09-21 08:20:45','2011-02-08 06:18:45'),(98,'Madilyn','Kuhn','gkreiger@example.net','268.005.5562x658','2019-05-30 19:11:02','1971-07-28 23:18:15'),(99,'Rubie','Heaney','jabari.dickens@example.com','378-872-3444x4396','1997-09-15 13:50:18','2005-08-04 05:25:02'),(100,'Rosella','Kshlerin','mallie80@example.net','(888)607-4718','1971-08-17 17:51:45','1994-08-26 13:49:17');
/*!40000 ALTER TABLE `users` ENABLE KEYS */;
UNLOCK TABLES;
/*!40103 SET TIME_ZONE=@OLD_TIME_ZONE */;

/*!40101 SET SQL_MODE=@OLD_SQL_MODE */;
/*!40014 SET FOREIGN_KEY_CHECKS=@OLD_FOREIGN_KEY_CHECKS */;
/*!40014 SET UNIQUE_CHECKS=@OLD_UNIQUE_CHECKS */;
/*!40101 SET CHARACTER_SET_CLIENT=@OLD_CHARACTER_SET_CLIENT */;
/*!40101 SET CHARACTER_SET_RESULTS=@OLD_CHARACTER_SET_RESULTS */;
/*!40101 SET COLLATION_CONNECTION=@OLD_COLLATION_CONNECTION */;
/*!40111 SET SQL_NOTES=@OLD_SQL_NOTES */;

-- Dump completed on 2021-05-17 21:22:06
